payment_id,shipment_id,method,amount,ccy,bank,broker
P0000000,S0001877,letter_of_credit,16092,EUR,bank_A,broker_Y
P0000001,S0002834,cashlike,58303,USD,bank_B,broker_Y
P0000002,S0001876,wire,143259,JPY,bank_A,broker_Z
P0000003,S0003038,letter_of_credit,191954,JPY,bank_A,broker_X
P0000004,S0004000,cashlike,196924,USD,bank_C,broker_Z
P0000005,S0002135,letter_of_credit,55966,EUR,bank_C,broker_Z
P0000006,S0004108,cashlike,133766,USD,bank_A,broker_X
P0000007,S0004151,wire,23270,USD,bank_B,broker_X
P0000008,S0002221,cashlike,197448,JPY,bank_B,broker_X
P0000009,S0004555,cashlike,106025,USD,bank_A,broker_X
P0000010,S0001790,letter_of_credit,6845,USD,bank_B,broker_X
P0000011,S0000187,wire,162121,USD,bank_A,broker_Y
P0000012,S0002487,letter_of_credit,30664,EUR,bank_C,broker_X
P0000013,S0002861,wire,36623,USD,bank_C,broker_Y
P0000014,S0000966,wire,162235,JPY,bank_B,broker_Z
P0000015,S0004709,wire,73740,EUR,bank_A,broker_X
P0000016,S0000014,letter_of_credit,84088,EUR,bank_B,broker_X
P0000017,S0003705,wire,175226,JPY,bank_A,broker_Z
P0000018,S0003065,cashlike,158502,JPY,bank_C,broker_Z
P0000019,S0000204,cashlike,152651,EUR,bank_A,broker_X
P0000020,S0003180,wire,136519,USD,bank_A,broker_X
P0000021,S0002062,letter_of_credit,55122,USD,bank_B,broker_Y
P0000022,S0002990,wire,36433,JPY,bank_A,broker_Z
P0000023,S0004901,letter_of_credit,12281,JPY,bank_A,broker_Y
P0000024,S0001149,letter_of_credit,73944,USD,bank_C,broker_Y
P0000025,S0004045,cashlike,107467,USD,bank_A,broker_X
P0000026,S0001727,letter_of_credit,90326,JPY,bank_A,broker_Y
P0000027,S0004410,letter_of_credit,102993,JPY,bank_C,broker_Z
P0000028,S0003865,cashlike,157727,EUR,bank_B,broker_X
P0000029,S0003612,cashlike,28093,USD,bank_B,broker_X
P0000030,S0000484,wire,181366,JPY,bank_C,broker_X
P0000031,S0002326,cashlike,56271,JPY,bank_B,broker_X
P0000032,S0003227,cashlike,181053,JPY,bank_C,broker_Z
P0000033,S0002895,wire,197979,EUR,bank_A,broker_Y
P0000034,S0000813,wire,180906,JPY,bank_C,broker_X
P0000035,S0000949,cashlike,175215,USD,bank_A,broker_Y
P0000036,S0003971,wire,81675,EUR,bank_B,broker_X
P0000037,S0001223,letter_of_credit,105176,JPY,bank_A,broker_Z
P0000038,S0001502,wire,1957,USD,bank_B,broker_Y
P0000039,S0002405,wire,88025,EUR,bank_A,broker_Y
P0000040,S0004792,letter_of_credit,79037,EUR,bank_C,broker_X
P0000041,S0003939,wire,100877,USD,bank_A,broker_Z
P0000042,S0002262,wire,61335,USD,bank_C,broker_X
P0000043,S0004953,cashlike,24567,JPY,bank_C,broker_Y
P0000044,S0002362,wire,182499,USD,bank_A,broker_X
P0000045,S0000858,wire,172326,JPY,bank_B,broker_Z
P0000046,S0000989,cashlike,118453,JPY,bank_B,broker_X
P0000047,S0002683,letter_of_credit,30763,USD,bank_B,broker_Y
P0000048,S0001301,letter_of_credit,8457,USD,bank_B,broker_Z
P0000049,S0004766,letter_of_credit,84748,USD,bank_A,broker_X
P0000050,S0002897,cashlike,130772,EUR,bank_C,broker_Y
P0000051,S0004584,cashlike,76185,USD,bank_C,broker_Z
P0000052,S0002236,cashlike,139448,EUR,bank_A,broker_X
P0000053,S0000429,wire,190984,USD,bank_C,broker_X
P0000054,S0004192,letter_of_credit,8806,USD,bank_C,broker_Z
P0000055,S0002141,letter_of_credit,77901,EUR,bank_A,broker_Y
P0000056,S0003383,wire,50795,JPY,bank_C,broker_Y
P0000057,S0004185,cashlike,7384,USD,bank_A,broker_Y
P0000058,S0004409,letter_of_credit,188064,EUR,bank_C,broker_Y
P0000059,S0003486,cashlike,103007,USD,bank_B,broker_X
P0000060,S0002486,letter_of_credit,168082,EUR,bank_B,broker_X
P0000061,S0004350,wire,76379,JPY,bank_A,broker_X
P0000062,S0002844,wire,21165,EUR,bank_C,broker_X
P0000063,S0001284,letter_of_credit,5879,EUR,bank_B,broker_Z
P0000064,S0002114,wire,84422,USD,bank_B,broker_X
P0000065,S0000801,wire,178482,JPY,bank_C,broker_X
P0000066,S0002350,wire,66612,EUR,bank_B,broker_Z
P0000067,S0003871,cashlike,132425,EUR,bank_A,broker_Y
P0000068,S0002591,letter_of_credit,108360,JPY,bank_C,broker_Y
P0000069,S0003658,letter_of_credit,193444,EUR,bank_A,broker_X
P0000070,S0000031,wire,124979,USD,bank_B,broker_Y
P0000071,S0004646,cashlike,68610,EUR,bank_C,broker_Z
P0000072,S0003515,wire,68401,EUR,bank_B,broker_Z
P0000073,S0004504,letter_of_credit,145000,JPY,bank_B,broker_Z
P0000074,S0003717,letter_of_credit,156045,EUR,bank_C,broker_X
P0000075,S0004243,wire,76258,USD,bank_A,broker_Z
P0000076,S0000402,letter_of_credit,193792,EUR,bank_B,broker_X
P0000077,S0003660,wire,76398,JPY,bank_A,broker_Z
P0000078,S0001505,cashlike,121895,USD,bank_C,broker_Y
P0000079,S0000869,letter_of_credit,1358,EUR,bank_C,broker_Y
P0000080,S0003042,letter_of_credit,121524,EUR,bank_A,broker_Z
P0000081,S0003017,wire,138575,JPY,bank_B,broker_Z
P0000082,S0003221,cashlike,177981,USD,bank_A,broker_Y
P0000083,S0001821,letter_of_credit,36654,USD,bank_A,broker_Y
P0000084,S0001466,cashlike,85800,USD,bank_C,broker_Y
P0000085,S0003667,letter_of_credit,104619,EUR,bank_B,broker_Y
P0000086,S0003506,wire,84976,USD,bank_C,broker_Y
P0000087,S0000051,letter_of_credit,61366,JPY,bank_A,broker_Y
P0000088,S0002948,cashlike,127976,USD,bank_A,broker_X
P0000089,S0003261,letter_of_credit,185338,JPY,bank_A,broker_X
P0000090,S0002307,cashlike,139397,EUR,bank_C,broker_Y
P0000091,S0002174,letter_of_credit,48624,EUR,bank_B,broker_Z
P0000092,S0001081,wire,41909,JPY,bank_A,broker_X
P0000093,S0004760,wire,89500,EUR,bank_C,broker_X
P0000094,S0002305,wire,141014,USD,bank_A,broker_X
P0000095,S0002177,wire,142697,EUR,bank_C,broker_Y
P0000096,S0000867,wire,67785,USD,bank_C,broker_X
P0000097,S0004585,wire,159657,EUR,bank_B,broker_X
P0000098,S0003657,wire,127527,JPY,bank_C,broker_Z
P0000099,S0000468,wire,9967,USD,bank_C,broker_Z
P0000100,S0000701,cashlike,97610,JPY,bank_C,broker_Y
P0000101,S0002759,cashlike,75897,EUR,bank_C,broker_X
P0000102,S0003003,letter_of_credit,144345,EUR,bank_A,broker_X
P0000103,S0004159,wire,9696,USD,bank_B,broker_Y
P0000104,S0000105,wire,41515,JPY,bank_B,broker_Z
P0000105,S0001435,letter_of_credit,157641,EUR,bank_C,broker_Z
P0000106,S0003441,cashlike,25299,JPY,bank_A,broker_X
P0000107,S0002869,letter_of_credit,62869,USD,bank_A,broker_Y
P0000108,S0002586,cashlike,79632,EUR,bank_B,broker_Z
P0000109,S0001784,letter_of_credit,11884,JPY,bank_B,broker_X
P0000110,S0002811,cashlike,78148,EUR,bank_C,broker_Z
P0000111,S0002910,letter_of_credit,192152,USD,bank_B,broker_X
P0000112,S0003574,wire,17766,EUR,bank_A,broker_Z
P0000113,S0004026,cashlike,22688,USD,bank_C,broker_X
P0000114,S0004522,cashlike,189767,EUR,bank_C,broker_X
P0000115,S0001237,wire,195052,EUR,bank_C,broker_Z
P0000116,S0004519,cashlike,123092,JPY,bank_A,broker_Z
P0000117,S0003337,letter_of_credit,199766,USD,bank_C,broker_Y
P0000118,S0001344,wire,128255,JPY,bank_A,broker_Z
P0000119,S0003191,wire,76078,USD,bank_A,broker_X
P0000120,S0003788,letter_of_credit,55552,USD,bank_B,broker_Z
P0000121,S0004584,letter_of_credit,30590,USD,bank_C,broker_X
P0000122,S0004566,letter_of_credit,109752,USD,bank_A,broker_X
P0000123,S0001999,wire,30693,EUR,bank_A,broker_Y
P0000124,S0001147,cashlike,31315,JPY,bank_B,broker_Z
P0000125,S0003876,wire,61063,JPY,bank_C,broker_Z
P0000126,S0002195,letter_of_credit,153022,JPY,bank_C,broker_Z
P0000127,S0004822,cashlike,2601,EUR,bank_B,broker_Z
P0000128,S0000859,letter_of_credit,128657,USD,bank_A,broker_X
P0000129,S0000250,letter_of_credit,119830,EUR,bank_A,broker_X
P0000130,S0001993,letter_of_credit,120144,EUR,bank_A,broker_X
P0000131,S0004426,letter_of_credit,47815,USD,bank_C,broker_Z
P0000132,S0001977,wire,30960,USD,bank_B,broker_X
P0000133,S0004316,letter_of_credit,93890,USD,bank_B,broker_X
P0000134,S0002006,letter_of_credit,27890,USD,bank_A,broker_X
P0000135,S0002285,letter_of_credit,109255,EUR,bank_C,broker_Y
P0000136,S0003015,wire,155771,JPY,bank_A,broker_Z
P0000137,S0001944,cashlike,24261,JPY,bank_C,broker_Z
P0000138,S0001886,cashlike,19588,EUR,bank_B,broker_X
P0000139,S0002089,cashlike,61377,JPY,bank_C,broker_Y
P0000140,S0004729,letter_of_credit,121151,USD,bank_A,broker_Y
P0000141,S0000083,wire,63631,JPY,bank_B,broker_X
P0000142,S0002770,letter_of_credit,154393,JPY,bank_C,broker_Z
P0000143,S0001917,letter_of_credit,65005,JPY,bank_A,broker_Y
P0000144,S0001588,letter_of_credit,49732,JPY,bank_B,broker_Y
P0000145,S0001774,letter_of_credit,126739,USD,bank_C,broker_Z
P0000146,S0000020,cashlike,72310,USD,bank_A,broker_X
P0000147,S0003244,wire,29284,USD,bank_B,broker_Y
P0000148,S0004289,cashlike,51554,JPY,bank_C,broker_Z
P0000149,S0004482,wire,45889,EUR,bank_A,broker_Z
P0000150,S0004587,wire,198520,JPY,bank_A,broker_X
P0000151,S0004059,cashlike,129750,USD,bank_B,broker_Z
P0000152,S0000472,cashlike,162001,JPY,bank_A,broker_Y
P0000153,S0004203,cashlike,195438,USD,bank_B,broker_Y
P0000154,S0001852,letter_of_credit,83240,EUR,bank_A,broker_Z
P0000155,S0000328,letter_of_credit,95224,USD,bank_A,broker_Y
P0000156,S0003587,letter_of_credit,176952,USD,bank_B,broker_X
P0000157,S0000563,cashlike,63058,EUR,bank_A,broker_Z
P0000158,S0001067,cashlike,132628,USD,bank_A,broker_Y
P0000159,S0001181,cashlike,21266,JPY,bank_B,broker_Y
P0000160,S0003450,cashlike,31497,EUR,bank_A,broker_Z
P0000161,S0003721,cashlike,120622,JPY,bank_B,broker_Z
P0000162,S0001102,wire,27552,JPY,bank_A,broker_Z
P0000163,S0001060,cashlike,39130,EUR,bank_C,broker_Y
P0000164,S0002580,letter_of_credit,30430,EUR,bank_A,broker_X
P0000165,S0002663,cashlike,42169,JPY,bank_A,broker_Y
P0000166,S0003485,wire,25276,EUR,bank_B,broker_Z
P0000167,S0004366,wire,62250,JPY,bank_C,broker_Z
P0000168,S0003498,letter_of_credit,20427,JPY,bank_C,broker_Z
P0000169,S0004330,letter_of_credit,88494,JPY,bank_C,broker_Y
P0000170,S0004709,cashlike,94208,EUR,bank_C,broker_Z
P0000171,S0003131,wire,14866,JPY,bank_B,broker_X
P0000172,S0000810,letter_of_credit,121088,USD,bank_B,broker_Y
P0000173,S0003072,wire,182076,EUR,bank_B,broker_Z
P0000174,S0003231,wire,14875,JPY,bank_B,broker_X
P0000175,S0002145,letter_of_credit,14247,USD,bank_A,broker_X
P0000176,S0000332,wire,199376,JPY,bank_A,broker_Z
P0000177,S0003966,letter_of_credit,85636,USD,bank_C,broker_Y
P0000178,S0003194,letter_of_credit,92826,USD,bank_A,broker_X
P0000179,S0000844,letter_of_credit,154664,JPY,bank_C,broker_X
P0000180,S0001435,letter_of_credit,16272,JPY,bank_B,broker_Y
P0000181,S0004047,wire,176307,USD,bank_B,broker_Z
P0000182,S0003828,wire,65904,USD,bank_C,broker_Y
P0000183,S0004400,wire,77939,USD,bank_B,broker_X
P0000184,S0001649,wire,141844,JPY,bank_C,broker_Y
P0000185,S0003433,letter_of_credit,100810,USD,bank_C,broker_Y
P0000186,S0002866,cashlike,149076,JPY,bank_A,broker_X
P0000187,S0002651,cashlike,4004,USD,bank_B,broker_Y
P0000188,S0000408,letter_of_credit,5746,JPY,bank_C,broker_Z
P0000189,S0002578,cashlike,120623,JPY,bank_C,broker_Y
P0000190,S0001042,letter_of_credit,3352,EUR,bank_A,broker_X
P0000191,S0000363,letter_of_credit,22232,JPY,bank_B,broker_Y
P0000192,S0000246,wire,108934,USD,bank_B,broker_Z
P0000193,S0003623,cashlike,138548,JPY,bank_A,broker_X
P0000194,S0000107,letter_of_credit,44234,JPY,bank_A,broker_Z
P0000195,S0004796,wire,188019,JPY,bank_B,broker_Y
P0000196,S0004075,letter_of_credit,197761,EUR,bank_B,broker_Z
P0000197,S0003563,wire,155157,EUR,bank_A,broker_X
P0000198,S0002080,letter_of_credit,34458,JPY,bank_B,broker_X
P0000199,S0000899,letter_of_credit,116921,USD,bank_A,broker_Y
P0000200,S0000620,wire,39692,USD,bank_B,broker_Y
P0000201,S0004345,cashlike,70762,USD,bank_A,broker_Y
P0000202,S0000012,cashlike,90122,USD,bank_A,broker_Y
P0000203,S0002077,cashlike,176318,EUR,bank_A,broker_Y
P0000204,S0002220,wire,172039,JPY,bank_C,broker_Y
P0000205,S0001132,cashlike,50974,JPY,bank_C,broker_X
P0000206,S0002120,cashlike,190647,JPY,bank_A,broker_X
P0000207,S0001465,cashlike,42844,USD,bank_B,broker_Z
P0000208,S0002330,wire,79720,JPY,bank_A,broker_X
P0000209,S0002064,cashlike,65310,USD,bank_C,broker_Y
P0000210,S0001843,wire,20514,EUR,bank_B,broker_X
P0000211,S0003229,cashlike,38964,JPY,bank_C,broker_Y
P0000212,S0004283,letter_of_credit,69487,EUR,bank_C,broker_Y
P0000213,S0000740,cashlike,1509,EUR,bank_C,broker_Z
P0000214,S0001781,cashlike,68202,EUR,bank_B,broker_Z
P0000215,S0003559,wire,118199,JPY,bank_B,broker_Y
P0000216,S0002924,wire,195501,EUR,bank_B,broker_Z
P0000217,S0002101,letter_of_credit,124813,USD,bank_B,broker_Z
P0000218,S0002169,letter_of_credit,117043,JPY,bank_C,broker_X
P0000219,S0000437,cashlike,184246,EUR,bank_B,broker_Y
P0000220,S0001835,cashlike,66096,JPY,bank_C,broker_Y
P0000221,S0002097,cashlike,118567,EUR,bank_C,broker_X
P0000222,S0003942,wire,171832,JPY,bank_A,broker_X
P0000223,S0003542,wire,142520,JPY,bank_B,broker_Y
P0000224,S0001913,wire,177074,USD,bank_A,broker_Z
P0000225,S0003857,letter_of_credit,10593,EUR,bank_C,broker_Y
P0000226,S0004277,letter_of_credit,142292,EUR,bank_C,broker_Z
P0000227,S0004447,cashlike,171657,EUR,bank_B,broker_Y
P0000228,S0000136,wire,138006,JPY,bank_C,broker_Z
P0000229,S0003283,wire,46993,JPY,bank_B,broker_X
P0000230,S0001695,wire,103237,JPY,bank_A,broker_X
P0000231,S0001529,letter_of_credit,101053,USD,bank_A,broker_Y
P0000232,S0000999,letter_of_credit,126356,JPY,bank_C,broker_X
P0000233,S0002041,cashlike,21624,USD,bank_C,broker_X
P0000234,S0004897,cashlike,2225,JPY,bank_B,broker_Z
P0000235,S0000851,cashlike,79233,JPY,bank_A,broker_X
P0000236,S0004044,wire,132076,EUR,bank_C,broker_Y
P0000237,S0002560,cashlike,116361,EUR,bank_C,broker_X
P0000238,S0003736,cashlike,80011,JPY,bank_A,broker_X
P0000239,S0003346,wire,13837,EUR,bank_C,broker_X
P0000240,S0000624,letter_of_credit,183230,EUR,bank_C,broker_Y
P0000241,S0004605,wire,54472,EUR,bank_A,broker_Y
P0000242,S0002138,letter_of_credit,65826,USD,bank_A,broker_Z
P0000243,S0001590,letter_of_credit,131814,JPY,bank_C,broker_X
P0000244,S0003763,letter_of_credit,48164,EUR,bank_B,broker_Y
P0000245,S0004516,cashlike,184958,EUR,bank_B,broker_Z
P0000246,S0001239,wire,22466,JPY,bank_C,broker_Z
P0000247,S0001574,wire,135797,JPY,bank_C,broker_X
P0000248,S0003404,letter_of_credit,50397,USD,bank_B,broker_Y
P0000249,S0003610,wire,20676,JPY,bank_B,broker_X
P0000250,S0002396,cashlike,16524,USD,bank_B,broker_Y
P0000251,S0003525,letter_of_credit,95841,EUR,bank_C,broker_Y
P0000252,S0002643,letter_of_credit,75746,EUR,bank_B,broker_X
P0000253,S0001954,cashlike,15457,EUR,bank_C,broker_X
P0000254,S0001480,cashlike,2941,EUR,bank_C,broker_Y
P0000255,S0002076,wire,14151,USD,bank_C,broker_Z
P0000256,S0002750,cashlike,103875,EUR,bank_A,broker_Y
P0000257,S0002021,wire,108569,EUR,bank_A,broker_Y
P0000258,S0001763,letter_of_credit,54984,JPY,bank_B,broker_Y
P0000259,S0000847,letter_of_credit,116117,EUR,bank_C,broker_X
P0000260,S0000093,wire,109636,USD,bank_C,broker_Z
P0000261,S0002913,cashlike,80389,JPY,bank_A,broker_X
P0000262,S0004580,cashlike,65593,USD,bank_A,broker_X
P0000263,S0004422,cashlike,98810,EUR,bank_B,broker_X
P0000264,S0003171,letter_of_credit,132499,JPY,bank_B,broker_Z
P0000265,S0002125,letter_of_credit,184822,USD,bank_C,broker_Z
P0000266,S0004608,wire,58178,USD,bank_C,broker_X
P0000267,S0003994,letter_of_credit,59921,USD,bank_A,broker_Y
P0000268,S0001814,letter_of_credit,12547,USD,bank_B,broker_Y
P0000269,S0002262,wire,12039,EUR,bank_A,broker_Z
P0000270,S0001632,wire,37450,USD,bank_B,broker_Z
P0000271,S0004816,cashlike,134500,USD,bank_C,broker_X
P0000272,S0000533,letter_of_credit,100009,USD,bank_A,broker_Y
P0000273,S0000100,wire,26315,JPY,bank_A,broker_Y
P0000274,S0000046,wire,63410,JPY,bank_B,broker_X
P0000275,S0001231,wire,136608,USD,bank_B,broker_Y
P0000276,S0001001,wire,184052,EUR,bank_A,broker_Y
P0000277,S0000219,letter_of_credit,95229,EUR,bank_A,broker_Z
P0000278,S0002408,cashlike,77444,EUR,bank_A,broker_Z
P0000279,S0001781,cashlike,28882,USD,bank_B,broker_Z
P0000280,S0001942,cashlike,37392,EUR,bank_C,broker_Z
P0000281,S0004498,cashlike,108259,USD,bank_C,broker_Z
P0000282,S0004907,cashlike,101407,USD,bank_C,broker_X
P0000283,S0001341,cashlike,105831,USD,bank_B,broker_X
P0000284,S0003188,cashlike,78849,EUR,bank_B,broker_Z
P0000285,S0000517,wire,82707,EUR,bank_C,broker_Y
P0000286,S0002526,cashlike,159240,JPY,bank_A,broker_Z
P0000287,S0004430,cashlike,140152,JPY,bank_B,broker_Z
P0000288,S0001992,letter_of_credit,167765,EUR,bank_C,broker_Z
P0000289,S0004572,letter_of_credit,66639,EUR,bank_C,broker_Z
P0000290,S0001581,cashlike,184741,EUR,bank_B,broker_X
P0000291,S0000457,cashlike,6257,JPY,bank_A,broker_X
P0000292,S0004752,wire,159964,JPY,bank_A,broker_X
P0000293,S0000870,cashlike,23521,USD,bank_A,broker_X
P0000294,S0001964,wire,112333,JPY,bank_A,broker_X
P0000295,S0000777,wire,53610,EUR,bank_A,broker_X
P0000296,S0000649,wire,129816,JPY,bank_B,broker_X
P0000297,S0001352,wire,73422,USD,bank_A,broker_Z
P0000298,S0002848,wire,72300,JPY,bank_A,broker_Y
P0000299,S0000832,cashlike,106647,JPY,bank_A,broker_X
P0000300,S0004777,wire,133201,USD,bank_B,broker_X
P0000301,S0004600,wire,36858,JPY,bank_A,broker_Z
P0000302,S0004762,wire,23540,JPY,bank_A,broker_Y
P0000303,S0000182,cashlike,5571,JPY,bank_C,broker_X
P0000304,S0003346,wire,152220,EUR,bank_B,broker_Y
P0000305,S0004064,letter_of_credit,85397,EUR,bank_C,broker_X
P0000306,S0003619,letter_of_credit,95611,JPY,bank_B,broker_Y
P0000307,S0002447,wire,186677,USD,bank_A,broker_Y
P0000308,S0001500,wire,170629,JPY,bank_B,broker_Z
P0000309,S0001588,wire,88635,EUR,bank_C,broker_Z
P0000310,S0004560,wire,25348,JPY,bank_C,broker_X
P0000311,S0000347,letter_of_credit,79762,JPY,bank_A,broker_Z
P0000312,S0003807,cashlike,185854,USD,bank_C,broker_Z
P0000313,S0001223,cashlike,150400,USD,bank_C,broker_Y
P0000314,S0003296,wire,182939,EUR,bank_A,broker_X
P0000315,S0003000,letter_of_credit,146747,USD,bank_C,broker_Y
P0000316,S0000910,cashlike,152758,JPY,bank_A,broker_X
P0000317,S0001627,cashlike,69709,EUR,bank_A,broker_Y
P0000318,S0000298,cashlike,91286,USD,bank_A,broker_Z
P0000319,S0000418,letter_of_credit,102351,EUR,bank_B,broker_X
P0000320,S0002696,cashlike,177964,EUR,bank_C,broker_Y
P0000321,S0001916,letter_of_credit,181645,EUR,bank_B,broker_Z
P0000322,S0003608,letter_of_credit,109401,USD,bank_A,broker_Z
P0000323,S0002040,letter_of_credit,6940,EUR,bank_B,broker_Z
P0000324,S0003134,cashlike,144879,EUR,bank_A,broker_Z
P0000325,S0000724,letter_of_credit,148176,JPY,bank_B,broker_Y
P0000326,S0004970,wire,20191,USD,bank_B,broker_Z
P0000327,S0000559,wire,25573,USD,bank_C,broker_X
P0000328,S0001450,letter_of_credit,30952,EUR,bank_C,broker_Z
P0000329,S0004001,cashlike,123515,USD,bank_A,broker_Z
P0000330,S0003989,letter_of_credit,92673,USD,bank_C,broker_Z
P0000331,S0002682,letter_of_credit,119118,USD,bank_C,broker_X
P0000332,S0004882,letter_of_credit,61219,USD,bank_C,broker_Y
P0000333,S0001295,wire,143882,JPY,bank_B,broker_X
P0000334,S0004208,letter_of_credit,83375,JPY,bank_B,broker_Y
P0000335,S0000574,wire,137785,USD,bank_B,broker_Z
P0000336,S0004712,letter_of_credit,186349,JPY,bank_C,broker_Z
P0000337,S0001517,letter_of_credit,70783,EUR,bank_B,broker_Z
P0000338,S0000714,cashlike,199176,JPY,bank_B,broker_X
P0000339,S0002031,wire,36586,USD,bank_A,broker_X
P0000340,S0002207,cashlike,29811,EUR,bank_C,broker_Y
P0000341,S0000565,letter_of_credit,194885,EUR,bank_B,broker_X
P0000342,S0004453,cashlike,33781,USD,bank_A,broker_X
P0000343,S0003347,wire,114315,EUR,bank_B,broker_Y
P0000344,S0004385,letter_of_credit,50241,USD,bank_B,broker_X
P0000345,S0004864,letter_of_credit,79472,EUR,bank_A,broker_Y
P0000346,S0003064,cashlike,6744,USD,bank_B,broker_Y
P0000347,S0000116,wire,131350,JPY,bank_A,broker_Y
P0000348,S0004905,wire,127375,EUR,bank_C,broker_Z
P0000349,S0003172,wire,91251,JPY,bank_A,broker_Y
P0000350,S0004197,wire,147998,USD,bank_B,broker_X
P0000351,S0004373,letter_of_credit,22098,USD,bank_B,broker_X
P0000352,S0002393,cashlike,56019,USD,bank_B,broker_X
P0000353,S0000149,letter_of_credit,46484,USD,bank_B,broker_Y
P0000354,S0003037,wire,43060,EUR,bank_A,broker_Y
P0000355,S0003912,letter_of_credit,54385,USD,bank_B,broker_Z
P0000356,S0000680,wire,67271,USD,bank_C,broker_Z
P0000357,S0000837,wire,165199,USD,bank_C,broker_Z
P0000358,S0001207,cashlike,108026,JPY,bank_C,broker_Z
P0000359,S0003882,wire,122657,USD,bank_B,broker_X
P0000360,S0004572,letter_of_credit,188730,USD,bank_B,broker_Z
P0000361,S0004346,wire,150119,JPY,bank_C,broker_X
P0000362,S0001366,cashlike,136948,JPY,bank_B,broker_X
P0000363,S0004766,cashlike,103967,USD,bank_B,broker_Z
P0000364,S0003314,cashlike,173620,JPY,bank_B,broker_Y
P0000365,S0001178,wire,168191,JPY,bank_C,broker_X
P0000366,S0001270,cashlike,198950,USD,bank_C,broker_X
P0000367,S0001271,letter_of_credit,64021,EUR,bank_B,broker_Z
P0000368,S0004218,letter_of_credit,187118,USD,bank_C,broker_Y
P0000369,S0000016,letter_of_credit,107199,JPY,bank_C,broker_Y
P0000370,S0004854,letter_of_credit,51540,EUR,bank_A,broker_X
P0000371,S0001604,wire,56954,JPY,bank_B,broker_Z
P0000372,S0002068,wire,73989,JPY,bank_A,broker_Y
P0000373,S0003777,wire,47788,USD,bank_A,broker_Y
P0000374,S0002363,letter_of_credit,187110,USD,bank_A,broker_Y
P0000375,S0003209,wire,46987,USD,bank_C,broker_Y
P0000376,S0002826,cashlike,57863,USD,bank_A,broker_Y
P0000377,S0003330,letter_of_credit,45522,JPY,bank_C,broker_X
P0000378,S0003670,letter_of_credit,170509,USD,bank_A,broker_X
P0000379,S0000729,wire,177324,USD,bank_C,broker_X
P0000380,S0003740,cashlike,64886,EUR,bank_B,broker_Z
P0000381,S0003067,cashlike,66323,USD,bank_C,broker_Y
P0000382,S0001699,cashlike,112829,EUR,bank_B,broker_Y
P0000383,S0002384,cashlike,198069,JPY,bank_C,broker_Y
P0000384,S0003457,cashlike,53987,JPY,bank_C,broker_Z
P0000385,S0004411,cashlike,160280,JPY,bank_C,broker_Y
P0000386,S0001944,letter_of_credit,199847,EUR,bank_C,broker_Z
P0000387,S0002614,letter_of_credit,120457,EUR,bank_A,broker_Z
P0000388,S0001367,letter_of_credit,95874,JPY,bank_B,broker_X
P0000389,S0001231,cashlike,105870,USD,bank_B,broker_Y
P0000390,S0000571,wire,58709,JPY,bank_C,broker_Y
P0000391,S0004531,wire,29358,USD,bank_C,broker_Y
P0000392,S0003229,cashlike,170168,USD,bank_B,broker_Y
P0000393,S0002218,wire,128633,EUR,bank_A,broker_Z
P0000394,S0000511,letter_of_credit,118270,USD,bank_A,broker_Y
P0000395,S0002010,letter_of_credit,86295,JPY,bank_B,broker_Y
P0000396,S0003937,cashlike,157732,USD,bank_B,broker_Y
P0000397,S0003452,cashlike,155606,EUR,bank_C,broker_Y
P0000398,S0000566,letter_of_credit,109722,USD,bank_B,broker_X
P0000399,S0000759,wire,103335,JPY,bank_C,broker_X
P0000400,S0000817,cashlike,126414,EUR,bank_C,broker_Z
P0000401,S0001627,letter_of_credit,106453,EUR,bank_A,broker_Y
P0000402,S0002113,cashlike,79118,EUR,bank_C,broker_X
P0000403,S0001868,wire,186409,USD,bank_A,broker_Y
P0000404,S0000404,letter_of_credit,76322,EUR,bank_C,broker_X
P0000405,S0001552,wire,193484,USD,bank_A,broker_X
P0000406,S0000111,wire,126722,USD,bank_A,broker_Z
P0000407,S0002279,letter_of_credit,31055,EUR,bank_A,broker_X
P0000408,S0002601,letter_of_credit,72314,EUR,bank_C,broker_Z
P0000409,S0002283,cashlike,113184,USD,bank_C,broker_Z
P0000410,S0000073,letter_of_credit,186017,JPY,bank_C,broker_X
P0000411,S0004157,wire,36236,EUR,bank_A,broker_Z
P0000412,S0003358,letter_of_credit,189951,EUR,bank_A,broker_Z
P0000413,S0001411,cashlike,107682,EUR,bank_C,broker_X
P0000414,S0000566,letter_of_credit,185942,JPY,bank_A,broker_X
P0000415,S0004309,letter_of_credit,186112,JPY,bank_B,broker_X
P0000416,S0004396,letter_of_credit,123704,EUR,bank_A,broker_Y
P0000417,S0004654,letter_of_credit,59533,USD,bank_C,broker_Z
P0000418,S0003360,letter_of_credit,35130,USD,bank_B,broker_Z
P0000419,S0001641,cashlike,122226,JPY,bank_B,broker_X
P0000420,S0003830,wire,163535,USD,bank_C,broker_Y
P0000421,S0003908,letter_of_credit,79433,EUR,bank_B,broker_X
P0000422,S0002569,letter_of_credit,6092,USD,bank_C,broker_X
P0000423,S0003683,cashlike,146085,USD,bank_C,broker_Y
P0000424,S0002972,wire,193990,JPY,bank_C,broker_Z
P0000425,S0004771,wire,180837,USD,bank_A,broker_X
P0000426,S0004115,cashlike,64624,USD,bank_A,broker_Z
P0000427,S0002217,wire,54209,JPY,bank_A,broker_Z
P0000428,S0004205,cashlike,105177,EUR,bank_A,broker_X
P0000429,S0003299,wire,177568,JPY,bank_B,broker_Y
P0000430,S0000261,letter_of_credit,118082,JPY,bank_A,broker_Z
P0000431,S0002884,cashlike,177093,EUR,bank_A,broker_Z
P0000432,S0004866,letter_of_credit,55486,USD,bank_B,broker_Y
P0000433,S0002697,cashlike,67157,USD,bank_C,broker_X
P0000434,S0002082,cashlike,1742,EUR,bank_B,broker_Y
P0000435,S0004394,cashlike,163992,USD,bank_A,broker_Z
P0000436,S0001117,wire,32931,USD,bank_C,broker_X
P0000437,S0001031,cashlike,108266,USD,bank_A,broker_Y
P0000438,S0000235,wire,7861,EUR,bank_B,broker_Z
P0000439,S0004315,wire,47906,EUR,bank_A,broker_Y
P0000440,S0001734,cashlike,8859,EUR,bank_A,broker_Z
P0000441,S0000720,letter_of_credit,120288,USD,bank_A,broker_Y
P0000442,S0003801,cashlike,141970,JPY,bank_C,broker_Y
P0000443,S0002185,letter_of_credit,189646,EUR,bank_C,broker_X
P0000444,S0001192,wire,67366,EUR,bank_B,broker_Y
P0000445,S0003508,wire,177317,EUR,bank_A,broker_Y
P0000446,S0004955,cashlike,170944,JPY,bank_B,broker_Z
P0000447,S0003230,cashlike,26242,JPY,bank_A,broker_X
P0000448,S0003857,wire,48977,JPY,bank_B,broker_Z
P0000449,S0004286,cashlike,112184,USD,bank_B,broker_Y
P0000450,S0002585,letter_of_credit,94299,JPY,bank_C,broker_X
P0000451,S0004415,letter_of_credit,36802,EUR,bank_A,broker_Z
P0000452,S0003905,wire,7984,EUR,bank_B,broker_Y
P0000453,S0002517,cashlike,101595,EUR,bank_C,broker_X
P0000454,S0003935,wire,108606,JPY,bank_C,broker_Z
P0000455,S0001101,cashlike,21568,JPY,bank_C,broker_Y
P0000456,S0001753,letter_of_credit,151497,USD,bank_C,broker_Y
P0000457,S0001232,letter_of_credit,155531,JPY,bank_B,broker_Z
P0000458,S0004274,cashlike,143331,USD,bank_B,broker_Y
P0000459,S0004918,letter_of_credit,46529,EUR,bank_C,broker_Y
P0000460,S0001802,letter_of_credit,98386,EUR,bank_C,broker_Y
P0000461,S0001330,wire,114807,JPY,bank_B,broker_Y
P0000462,S0000650,cashlike,54812,EUR,bank_C,broker_X
P0000463,S0001308,letter_of_credit,16911,EUR,bank_A,broker_Y
P0000464,S0003185,cashlike,197168,JPY,bank_C,broker_Y
P0000465,S0004515,cashlike,61132,EUR,bank_C,broker_Y
P0000466,S0002451,letter_of_credit,120006,JPY,bank_A,broker_Y
P0000467,S0001588,wire,98455,EUR,bank_C,broker_Y
P0000468,S0003719,wire,10232,JPY,bank_C,broker_X
P0000469,S0002812,cashlike,99090,EUR,bank_C,broker_Y
P0000470,S0004682,cashlike,109678,EUR,bank_B,broker_X
P0000471,S0004405,letter_of_credit,34313,USD,bank_C,broker_Z
P0000472,S0004037,letter_of_credit,107878,USD,bank_C,broker_Y
P0000473,S0001992,cashlike,68943,EUR,bank_C,broker_X
P0000474,S0004043,cashlike,98975,USD,bank_B,broker_Y
P0000475,S0004886,cashlike,155526,USD,bank_A,broker_Z
P0000476,S0004562,wire,42689,USD,bank_B,broker_Z
P0000477,S0001345,wire,130367,EUR,bank_B,broker_Z
P0000478,S0000695,cashlike,138845,USD,bank_C,broker_X
P0000479,S0004959,cashlike,97142,EUR,bank_C,broker_Y
P0000480,S0000806,wire,185962,JPY,bank_A,broker_Z
P0000481,S0001898,wire,65064,EUR,bank_B,broker_Y
P0000482,S0001201,letter_of_credit,157846,EUR,bank_B,broker_Y
P0000483,S0003231,wire,22708,JPY,bank_B,broker_X
P0000484,S0001546,cashlike,123942,USD,bank_C,broker_Y
P0000485,S0002413,cashlike,23645,EUR,bank_C,broker_Y
P0000486,S0000944,wire,194758,JPY,bank_B,broker_Z
P0000487,S0004029,letter_of_credit,181733,JPY,bank_A,broker_Z
P0000488,S0002577,letter_of_credit,62802,EUR,bank_C,broker_X
P0000489,S0001758,letter_of_credit,118501,EUR,bank_A,broker_Y
P0000490,S0001234,cashlike,192884,JPY,bank_B,broker_Y
P0000491,S0002332,letter_of_credit,144599,JPY,bank_B,broker_X
P0000492,S0001496,cashlike,36562,JPY,bank_C,broker_Y
P0000493,S0003722,wire,158852,JPY,bank_B,broker_Y
P0000494,S0001115,cashlike,88437,USD,bank_B,broker_Y
P0000495,S0000419,wire,67733,EUR,bank_A,broker_X
P0000496,S0003169,letter_of_credit,33526,JPY,bank_A,broker_X
P0000497,S0000998,wire,111874,JPY,bank_C,broker_Z
P0000498,S0001510,wire,186593,JPY,bank_A,broker_Z
P0000499,S0003583,letter_of_credit,183149,USD,bank_C,broker_Z
P0000500,S0004905,cashlike,87939,JPY,bank_B,broker_X
P0000501,S0004267,letter_of_credit,117638,JPY,bank_C,broker_Z
P0000502,S0004592,letter_of_credit,24239,USD,bank_B,broker_Y
P0000503,S0004180,cashlike,166594,USD,bank_A,broker_Y
P0000504,S0004138,wire,75614,JPY,bank_C,broker_X
P0000505,S0001522,letter_of_credit,7579,USD,bank_B,broker_X
P0000506,S0003619,wire,39265,JPY,bank_A,broker_X
P0000507,S0002483,wire,7187,JPY,bank_C,broker_X
P0000508,S0003732,letter_of_credit,97807,USD,bank_C,broker_Z
P0000509,S0003600,cashlike,73056,USD,bank_C,broker_Y
P0000510,S0000799,cashlike,163915,EUR,bank_C,broker_Z
P0000511,S0004968,letter_of_credit,126678,JPY,bank_C,broker_X
P0000512,S0003539,cashlike,161578,USD,bank_A,broker_Y
P0000513,S0003603,cashlike,104136,EUR,bank_C,broker_X
P0000514,S0000665,letter_of_credit,13841,EUR,bank_A,broker_X
P0000515,S0000634,wire,106240,EUR,bank_C,broker_Y
P0000516,S0000663,cashlike,147869,USD,bank_B,broker_Y
P0000517,S0004991,cashlike,25185,USD,bank_A,broker_Y
P0000518,S0002151,letter_of_credit,70863,EUR,bank_B,broker_Y
P0000519,S0004952,wire,115977,USD,bank_A,broker_Y
P0000520,S0003948,letter_of_credit,126018,EUR,bank_B,broker_Z
P0000521,S0002452,cashlike,101122,EUR,bank_B,broker_Z
P0000522,S0002555,wire,131044,JPY,bank_A,broker_Y
P0000523,S0001798,letter_of_credit,156888,EUR,bank_B,broker_Y
P0000524,S0004168,wire,166288,EUR,bank_B,broker_Z
P0000525,S0004016,cashlike,180343,JPY,bank_C,broker_Z
P0000526,S0003219,wire,163906,USD,bank_B,broker_Y
P0000527,S0002145,cashlike,79657,USD,bank_C,broker_Y
P0000528,S0001157,wire,44942,JPY,bank_A,broker_X
P0000529,S0004358,cashlike,50385,EUR,bank_B,broker_X
P0000530,S0004046,wire,148689,USD,bank_B,broker_Z
P0000531,S0001975,wire,169600,JPY,bank_A,broker_Z
P0000532,S0001824,wire,11454,USD,bank_B,broker_X
P0000533,S0002055,letter_of_credit,95073,EUR,bank_C,broker_X
P0000534,S0000964,cashlike,75655,JPY,bank_C,broker_X
P0000535,S0004006,wire,77716,USD,bank_B,broker_X
P0000536,S0003392,wire,25947,USD,bank_A,broker_X
P0000537,S0004444,letter_of_credit,62686,EUR,bank_B,broker_Z
P0000538,S0004771,cashlike,94293,JPY,bank_A,broker_X
P0000539,S0002102,letter_of_credit,17553,JPY,bank_A,broker_Z
P0000540,S0003527,cashlike,45239,JPY,bank_C,broker_Z
P0000541,S0004487,letter_of_credit,79890,JPY,bank_C,broker_Z
P0000542,S0003093,wire,13265,USD,bank_B,broker_Z
P0000543,S0000129,wire,67777,JPY,bank_A,broker_Y
P0000544,S0001826,letter_of_credit,69980,EUR,bank_B,broker_X
P0000545,S0003267,letter_of_credit,93690,EUR,bank_B,broker_Y
P0000546,S0004418,cashlike,90670,EUR,bank_C,broker_Z
P0000547,S0004629,letter_of_credit,127588,EUR,bank_A,broker_X
P0000548,S0004875,cashlike,132293,JPY,bank_C,broker_X
P0000549,S0002177,wire,97058,EUR,bank_B,broker_Z
P0000550,S0003963,letter_of_credit,156806,JPY,bank_A,broker_Y
P0000551,S0000407,letter_of_credit,141877,JPY,bank_A,broker_Y
P0000552,S0004954,wire,2578,JPY,bank_B,broker_Y
P0000553,S0003179,letter_of_credit,150500,JPY,bank_A,broker_X
P0000554,S0001950,cashlike,45160,EUR,bank_B,broker_Y
P0000555,S0000181,letter_of_credit,1479,USD,bank_B,broker_Z
P0000556,S0004667,cashlike,166891,EUR,bank_C,broker_X
P0000557,S0000340,cashlike,51009,EUR,bank_C,broker_Z
P0000558,S0001375,wire,15029,EUR,bank_A,broker_Z
P0000559,S0001024,cashlike,36230,JPY,bank_B,broker_Y
P0000560,S0001190,letter_of_credit,2597,USD,bank_B,broker_Y
P0000561,S0001442,letter_of_credit,28013,EUR,bank_B,broker_Z
P0000562,S0002744,letter_of_credit,114643,EUR,bank_A,broker_X
P0000563,S0001918,wire,42878,EUR,bank_B,broker_Z
P0000564,S0004372,cashlike,99991,JPY,bank_A,broker_Z
P0000565,S0000334,cashlike,4424,USD,bank_C,broker_Z
P0000566,S0003635,cashlike,191190,USD,bank_B,broker_X
P0000567,S0001421,letter_of_credit,194068,EUR,bank_C,broker_Y
P0000568,S0002398,wire,135051,EUR,bank_B,broker_Z
P0000569,S0000883,wire,143748,USD,bank_C,broker_Z
P0000570,S0001212,letter_of_credit,147965,USD,bank_A,broker_X
P0000571,S0000036,letter_of_credit,61285,JPY,bank_A,broker_Y
P0000572,S0002056,wire,135219,EUR,bank_C,broker_X
P0000573,S0004962,letter_of_credit,69993,JPY,bank_C,broker_X
P0000574,S0004065,wire,61920,EUR,bank_A,broker_Z
P0000575,S0001291,wire,87551,EUR,bank_C,broker_Z
P0000576,S0003611,wire,64344,JPY,bank_A,broker_X
P0000577,S0001307,cashlike,8326,EUR,bank_B,broker_X
P0000578,S0000052,cashlike,190338,USD,bank_C,broker_Z
P0000579,S0000580,wire,51606,JPY,bank_B,broker_X
P0000580,S0000503,letter_of_credit,41901,JPY,bank_B,broker_X
P0000581,S0000243,letter_of_credit,102153,EUR,bank_B,broker_Z
P0000582,S0003675,wire,171732,USD,bank_A,broker_X
P0000583,S0002218,wire,161542,USD,bank_C,broker_Z
P0000584,S0000638,wire,36291,EUR,bank_A,broker_Y
P0000585,S0001621,wire,28525,JPY,bank_B,broker_Y
P0000586,S0003180,cashlike,122058,JPY,bank_B,broker_Z
P0000587,S0004769,letter_of_credit,130696,USD,bank_C,broker_Y
P0000588,S0000893,letter_of_credit,42567,EUR,bank_A,broker_Z
P0000589,S0002222,wire,4033,EUR,bank_B,broker_X
P0000590,S0001275,wire,84943,EUR,bank_C,broker_Y
P0000591,S0000173,cashlike,137758,JPY,bank_A,broker_X
P0000592,S0001814,cashlike,32170,USD,bank_C,broker_Z
P0000593,S0000125,wire,97638,EUR,bank_A,broker_Y
P0000594,S0001915,letter_of_credit,149442,EUR,bank_C,broker_Z
P0000595,S0002441,wire,30441,EUR,bank_A,broker_Y
P0000596,S0001204,wire,99663,USD,bank_B,broker_Y
P0000597,S0001755,letter_of_credit,103745,USD,bank_B,broker_X
P0000598,S0003407,letter_of_credit,148416,JPY,bank_A,broker_X
P0000599,S0001835,wire,61718,USD,bank_A,broker_Z
P0000600,S0002832,cashlike,77508,USD,bank_C,broker_X
P0000601,S0002949,cashlike,49394,EUR,bank_C,broker_X
P0000602,S0003393,wire,185755,EUR,bank_B,broker_Z
P0000603,S0002933,letter_of_credit,1896,JPY,bank_C,broker_Y
P0000604,S0003877,wire,64694,JPY,bank_C,broker_X
P0000605,S0004015,cashlike,35217,JPY,bank_B,broker_Y
P0000606,S0000556,wire,103009,USD,bank_B,broker_Y
P0000607,S0004648,wire,49961,EUR,bank_A,broker_Z
P0000608,S0000674,cashlike,149503,EUR,bank_B,broker_X
P0000609,S0002474,letter_of_credit,9409,JPY,bank_B,broker_Z
P0000610,S0002444,cashlike,3830,USD,bank_B,broker_Z
P0000611,S0000678,cashlike,157773,EUR,bank_A,broker_Z
P0000612,S0000175,wire,46791,EUR,bank_B,broker_X
P0000613,S0001685,letter_of_credit,99690,JPY,bank_C,broker_Z
P0000614,S0002292,letter_of_credit,164583,EUR,bank_C,broker_Y
P0000615,S0001807,letter_of_credit,21272,USD,bank_C,broker_X
P0000616,S0004268,letter_of_credit,48752,EUR,bank_A,broker_Y
P0000617,S0003819,wire,92449,USD,bank_A,broker_X
P0000618,S0002475,cashlike,28697,EUR,bank_B,broker_Z
P0000619,S0002418,cashlike,171417,EUR,bank_C,broker_Y
P0000620,S0000361,wire,160749,USD,bank_B,broker_Z
P0000621,S0002081,letter_of_credit,142109,USD,bank_B,broker_X
P0000622,S0001017,letter_of_credit,87182,EUR,bank_C,broker_X
P0000623,S0004863,wire,123276,JPY,bank_B,broker_Y
P0000624,S0002489,letter_of_credit,111684,EUR,bank_B,broker_Y
P0000625,S0004258,cashlike,161449,EUR,bank_C,broker_Y
P0000626,S0003664,cashlike,153206,JPY,bank_A,broker_Z
P0000627,S0002346,cashlike,97455,JPY,bank_A,broker_X
P0000628,S0000857,wire,118834,JPY,bank_A,broker_Z
P0000629,S0003441,letter_of_credit,69329,USD,bank_A,broker_Z
P0000630,S0004139,letter_of_credit,68210,USD,bank_A,broker_X
P0000631,S0000024,letter_of_credit,71028,JPY,bank_B,broker_Z
P0000632,S0001479,cashlike,8468,EUR,bank_A,broker_Z
P0000633,S0003911,cashlike,146727,EUR,bank_C,broker_Y
P0000634,S0003526,wire,107800,EUR,bank_C,broker_Y
P0000635,S0002726,cashlike,139261,EUR,bank_C,broker_X
P0000636,S0002529,letter_of_credit,127724,EUR,bank_C,broker_Y
P0000637,S0002209,cashlike,122556,EUR,bank_A,broker_Z
P0000638,S0002748,wire,14238,JPY,bank_A,broker_X
P0000639,S0001343,cashlike,178325,USD,bank_A,broker_X
P0000640,S0003037,cashlike,66903,EUR,bank_A,broker_Z
P0000641,S0001648,wire,159860,JPY,bank_C,broker_Y
P0000642,S0003058,cashlike,23292,EUR,bank_A,broker_Z
P0000643,S0004976,letter_of_credit,120701,EUR,bank_C,broker_Y
P0000644,S0004486,wire,29108,JPY,bank_B,broker_Z
P0000645,S0000919,cashlike,64303,EUR,bank_C,broker_X
P0000646,S0003999,cashlike,65221,EUR,bank_B,broker_Z
P0000647,S0000189,letter_of_credit,119481,USD,bank_C,broker_X
P0000648,S0003978,letter_of_credit,128669,JPY,bank_C,broker_X
P0000649,S0002098,cashlike,191622,EUR,bank_C,broker_X
P0000650,S0003020,cashlike,111265,USD,bank_C,broker_Y
P0000651,S0002189,letter_of_credit,153216,EUR,bank_C,broker_X
P0000652,S0004102,letter_of_credit,179264,JPY,bank_B,broker_Y
P0000653,S0004631,cashlike,86791,JPY,bank_A,broker_Y
P0000654,S0001769,cashlike,91361,JPY,bank_C,broker_X
P0000655,S0000768,letter_of_credit,45703,JPY,bank_B,broker_X
P0000656,S0002648,letter_of_credit,33173,USD,bank_A,broker_Z
P0000657,S0001398,cashlike,181449,JPY,bank_C,broker_Y
P0000658,S0003070,wire,181257,EUR,bank_C,broker_X
P0000659,S0001164,wire,65652,JPY,bank_A,broker_Z
P0000660,S0003827,letter_of_credit,83156,JPY,bank_B,broker_Y
P0000661,S0000233,letter_of_credit,78349,JPY,bank_B,broker_Y
P0000662,S0004549,wire,25541,JPY,bank_C,broker_Z
P0000663,S0004962,cashlike,151614,EUR,bank_A,broker_Y
P0000664,S0000201,wire,153555,EUR,bank_C,broker_Z
P0000665,S0001234,cashlike,69081,JPY,bank_B,broker_Z
P0000666,S0002597,letter_of_credit,123723,EUR,bank_B,broker_X
P0000667,S0001546,wire,20824,JPY,bank_B,broker_Y
P0000668,S0002589,letter_of_credit,171773,EUR,bank_B,broker_X
P0000669,S0002077,cashlike,9879,USD,bank_C,broker_X
P0000670,S0004355,cashlike,147497,JPY,bank_C,broker_X
P0000671,S0003061,wire,34241,JPY,bank_C,broker_Z
P0000672,S0003984,cashlike,85407,JPY,bank_C,broker_X
P0000673,S0004799,letter_of_credit,174591,JPY,bank_A,broker_X
P0000674,S0002021,letter_of_credit,87244,USD,bank_C,broker_Z
P0000675,S0003924,letter_of_credit,46253,USD,bank_B,broker_Z
P0000676,S0004634,letter_of_credit,45637,EUR,bank_A,broker_Z
P0000677,S0003974,letter_of_credit,6812,EUR,bank_C,broker_X
P0000678,S0000050,cashlike,68658,EUR,bank_B,broker_Y
P0000679,S0000264,letter_of_credit,37370,USD,bank_A,broker_Z
P0000680,S0004617,wire,197826,EUR,bank_A,broker_Y
P0000681,S0001548,cashlike,1234,USD,bank_B,broker_Y
P0000682,S0004478,wire,155642,EUR,bank_A,broker_X
P0000683,S0003350,wire,142266,USD,bank_B,broker_Y
P0000684,S0002889,letter_of_credit,191900,EUR,bank_A,broker_Y
P0000685,S0002457,cashlike,172407,USD,bank_C,broker_Z
P0000686,S0000336,wire,116965,EUR,bank_C,broker_Z
P0000687,S0000952,cashlike,43716,JPY,bank_C,broker_Z
P0000688,S0002819,letter_of_credit,74799,EUR,bank_C,broker_X
P0000689,S0003294,wire,81916,JPY,bank_A,broker_Z
P0000690,S0004399,wire,17989,JPY,bank_A,broker_Y
P0000691,S0002603,cashlike,156741,EUR,bank_B,broker_Z
P0000692,S0003382,letter_of_credit,173859,JPY,bank_C,broker_Z
P0000693,S0004004,wire,68892,JPY,bank_A,broker_Y
P0000694,S0003342,wire,100083,USD,bank_A,broker_X
P0000695,S0003433,wire,95366,USD,bank_A,broker_X
P0000696,S0003633,letter_of_credit,172458,USD,bank_A,broker_Z
P0000697,S0002508,letter_of_credit,17303,USD,bank_A,broker_Y
P0000698,S0000765,letter_of_credit,151572,JPY,bank_B,broker_X
P0000699,S0000042,letter_of_credit,194717,JPY,bank_B,broker_Y
P0000700,S0003668,letter_of_credit,130338,JPY,bank_B,broker_X
P0000701,S0003245,cashlike,141989,USD,bank_C,broker_Y
P0000702,S0004280,letter_of_credit,183274,USD,bank_C,broker_Y
P0000703,S0000430,letter_of_credit,75679,EUR,bank_A,broker_X
P0000704,S0001609,cashlike,142451,EUR,bank_C,broker_Y
P0000705,S0003175,letter_of_credit,32175,USD,bank_C,broker_X
P0000706,S0000915,cashlike,162934,JPY,bank_A,broker_Z
P0000707,S0003674,cashlike,74690,EUR,bank_A,broker_X
P0000708,S0004297,wire,163185,JPY,bank_B,broker_Y
P0000709,S0000782,letter_of_credit,135312,EUR,bank_B,broker_X
P0000710,S0003909,letter_of_credit,32196,USD,bank_A,broker_Z
P0000711,S0002033,wire,158307,USD,bank_C,broker_Z
P0000712,S0003266,letter_of_credit,136633,JPY,bank_A,broker_Z
P0000713,S0003269,letter_of_credit,91548,USD,bank_B,broker_Y
P0000714,S0002369,letter_of_credit,155058,EUR,bank_C,broker_Z
P0000715,S0001631,wire,12426,EUR,bank_A,broker_Z
P0000716,S0002252,cashlike,76820,USD,bank_C,broker_Y
P0000717,S0004545,letter_of_credit,57111,USD,bank_C,broker_X
P0000718,S0000269,wire,18748,EUR,bank_A,broker_Z
P0000719,S0001942,cashlike,33206,USD,bank_A,broker_Z
P0000720,S0002940,cashlike,14839,JPY,bank_B,broker_X
P0000721,S0000141,wire,148770,JPY,bank_B,broker_Y
P0000722,S0004356,letter_of_credit,191444,JPY,bank_C,broker_Y
P0000723,S0003565,wire,163454,EUR,bank_A,broker_X
P0000724,S0001643,wire,24639,USD,bank_C,broker_Z
P0000725,S0002998,cashlike,149098,USD,bank_A,broker_Y
P0000726,S0001953,letter_of_credit,117068,JPY,bank_A,broker_Y
P0000727,S0003034,wire,69194,USD,bank_C,broker_Y
P0000728,S0003990,wire,18842,USD,bank_A,broker_Z
P0000729,S0003871,cashlike,103411,JPY,bank_A,broker_Z
P0000730,S0004806,letter_of_credit,41090,USD,bank_C,broker_X
P0000731,S0004263,wire,120341,JPY,bank_A,broker_X
P0000732,S0003309,letter_of_credit,130432,JPY,bank_A,broker_Z
P0000733,S0002306,letter_of_credit,36478,USD,bank_B,broker_Z
P0000734,S0004466,cashlike,53344,JPY,bank_B,broker_Y
P0000735,S0000298,letter_of_credit,181162,JPY,bank_A,broker_Y
P0000736,S0000075,cashlike,3310,USD,bank_B,broker_Y
P0000737,S0001377,wire,129822,EUR,bank_C,broker_Z
P0000738,S0002569,cashlike,192111,JPY,bank_B,broker_Z
P0000739,S0002140,cashlike,4792,JPY,bank_C,broker_Y
P0000740,S0003238,letter_of_credit,130946,USD,bank_B,broker_Y
P0000741,S0003626,cashlike,10089,JPY,bank_B,broker_Z
P0000742,S0001567,letter_of_credit,31328,EUR,bank_B,broker_Y
P0000743,S0004795,wire,191921,EUR,bank_B,broker_Y
P0000744,S0003954,letter_of_credit,188719,USD,bank_A,broker_X
P0000745,S0004850,letter_of_credit,165371,USD,bank_C,broker_Z
P0000746,S0000312,wire,130627,USD,bank_C,broker_Y
P0000747,S0004346,wire,179315,EUR,bank_B,broker_X
P0000748,S0004928,letter_of_credit,52247,EUR,bank_A,broker_X
P0000749,S0003947,wire,154099,EUR,bank_C,broker_Z
P0000750,S0004844,wire,198192,USD,bank_C,broker_Y
P0000751,S0000980,cashlike,167170,JPY,bank_B,broker_Y
P0000752,S0004923,wire,167239,USD,bank_B,broker_Z
P0000753,S0000889,wire,13135,EUR,bank_C,broker_X
P0000754,S0002484,wire,127505,EUR,bank_A,broker_Y
P0000755,S0001741,wire,184988,USD,bank_B,broker_X
P0000756,S0002008,wire,111507,USD,bank_A,broker_Y
P0000757,S0004024,wire,33825,JPY,bank_B,broker_Y
P0000758,S0000282,letter_of_credit,93091,USD,bank_B,broker_X
P0000759,S0004190,wire,123061,USD,bank_C,broker_Y
P0000760,S0001377,wire,112783,EUR,bank_C,broker_Y
P0000761,S0001486,cashlike,41061,JPY,bank_B,broker_Z
P0000762,S0000941,wire,82875,EUR,bank_B,broker_X
P0000763,S0000308,cashlike,153423,JPY,bank_A,broker_Y
P0000764,S0001368,cashlike,23648,JPY,bank_A,broker_Z
P0000765,S0003634,wire,156975,JPY,bank_A,broker_X
P0000766,S0004737,letter_of_credit,26280,EUR,bank_C,broker_Z
P0000767,S0001858,letter_of_credit,133118,USD,bank_A,broker_Y
P0000768,S0004309,wire,19875,USD,bank_A,broker_Z
P0000769,S0004692,letter_of_credit,46819,JPY,bank_A,broker_X
P0000770,S0004027,wire,150314,JPY,bank_A,broker_Z
P0000771,S0004139,cashlike,12837,EUR,bank_A,broker_Z
P0000772,S0002933,wire,137231,JPY,bank_B,broker_Y
P0000773,S0000059,wire,20948,EUR,bank_A,broker_Y
P0000774,S0004299,wire,11798,USD,bank_C,broker_Z
P0000775,S0002002,wire,195161,JPY,bank_A,broker_X
P0000776,S0000770,letter_of_credit,199052,USD,bank_B,broker_Y
P0000777,S0003543,cashlike,115800,JPY,bank_A,broker_Z
P0000778,S0003348,cashlike,37810,JPY,bank_B,broker_X
P0000779,S0000896,letter_of_credit,57307,EUR,bank_B,broker_X
P0000780,S0000301,wire,123202,USD,bank_C,broker_Y
P0000781,S0004340,letter_of_credit,84286,USD,bank_A,broker_X
P0000782,S0000693,letter_of_credit,31591,USD,bank_B,broker_Y
P0000783,S0002390,letter_of_credit,70511,USD,bank_A,broker_Y
P0000784,S0001241,cashlike,82816,USD,bank_A,broker_X
P0000785,S0000465,wire,36034,JPY,bank_B,broker_Z
P0000786,S0000251,cashlike,116407,EUR,bank_A,broker_Y
P0000787,S0002984,cashlike,84302,EUR,bank_C,broker_Z
P0000788,S0002477,letter_of_credit,189442,USD,bank_A,broker_X
P0000789,S0001175,letter_of_credit,94650,JPY,bank_C,broker_Y
P0000790,S0001408,cashlike,60930,EUR,bank_C,broker_X
P0000791,S0003898,cashlike,1074,USD,bank_B,broker_X
P0000792,S0002351,letter_of_credit,89640,JPY,bank_B,broker_X
P0000793,S0004317,letter_of_credit,84143,EUR,bank_A,broker_Y
P0000794,S0001926,letter_of_credit,93985,JPY,bank_B,broker_Z
P0000795,S0003768,letter_of_credit,106110,USD,bank_C,broker_X
P0000796,S0004821,cashlike,63464,USD,bank_C,broker_X
P0000797,S0001193,wire,42998,EUR,bank_A,broker_Z
P0000798,S0002057,cashlike,182926,EUR,bank_B,broker_Y
P0000799,S0002140,cashlike,56115,USD,bank_B,broker_Z
P0000800,S0002194,letter_of_credit,103932,EUR,bank_A,broker_Z
P0000801,S0004555,cashlike,131873,EUR,bank_B,broker_Y
P0000802,S0004219,wire,106711,JPY,bank_A,broker_Y
P0000803,S0000219,wire,108650,JPY,bank_B,broker_X
P0000804,S0002322,letter_of_credit,177709,USD,bank_A,broker_Y
P0000805,S0003799,cashlike,167607,EUR,bank_B,broker_Y
P0000806,S0001757,cashlike,19039,JPY,bank_C,broker_Z
P0000807,S0000003,wire,64049,EUR,bank_B,broker_Y
P0000808,S0001370,wire,35998,JPY,bank_A,broker_X
P0000809,S0000148,letter_of_credit,53664,USD,bank_C,broker_X
P0000810,S0000372,wire,36848,JPY,bank_B,broker_X
P0000811,S0004351,letter_of_credit,20865,USD,bank_A,broker_Z
P0000812,S0001494,cashlike,159156,USD,bank_A,broker_Z
P0000813,S0001893,wire,112261,EUR,bank_A,broker_Z
P0000814,S0001573,letter_of_credit,14523,EUR,bank_C,broker_X
P0000815,S0003673,cashlike,93249,JPY,bank_B,broker_Y
P0000816,S0000598,wire,58157,USD,bank_C,broker_X
P0000817,S0000771,letter_of_credit,126309,USD,bank_B,broker_Z
P0000818,S0003587,wire,37712,EUR,bank_B,broker_Y
P0000819,S0002852,letter_of_credit,146664,JPY,bank_A,broker_X
P0000820,S0003782,cashlike,179957,USD,bank_C,broker_X
P0000821,S0001759,wire,119568,EUR,bank_A,broker_X
P0000822,S0001259,letter_of_credit,60878,JPY,bank_C,broker_Z
P0000823,S0004407,cashlike,199804,EUR,bank_A,broker_X
P0000824,S0004446,cashlike,160765,EUR,bank_C,broker_Y
P0000825,S0003798,letter_of_credit,186654,EUR,bank_A,broker_X
P0000826,S0002927,wire,98290,JPY,bank_C,broker_Z
P0000827,S0002950,wire,32393,JPY,bank_A,broker_Z
P0000828,S0001730,wire,7359,EUR,bank_A,broker_Y
P0000829,S0004948,letter_of_credit,75953,JPY,bank_C,broker_Y
P0000830,S0003866,cashlike,140980,JPY,bank_C,broker_Y
P0000831,S0004192,letter_of_credit,112770,JPY,bank_A,broker_Z
P0000832,S0002535,letter_of_credit,113360,USD,bank_A,broker_Y
P0000833,S0003921,letter_of_credit,80594,EUR,bank_A,broker_X
P0000834,S0002473,wire,84305,USD,bank_A,broker_Y
P0000835,S0000477,wire,161708,JPY,bank_A,broker_X
P0000836,S0002187,wire,55298,USD,bank_C,broker_Z
P0000837,S0004127,letter_of_credit,176289,JPY,bank_A,broker_Y
P0000838,S0003449,wire,69549,USD,bank_C,broker_Z
P0000839,S0004943,letter_of_credit,197154,USD,bank_A,broker_Y
P0000840,S0002949,cashlike,144033,JPY,bank_C,broker_Y
P0000841,S0004658,letter_of_credit,16608,USD,bank_B,broker_X
P0000842,S0002374,letter_of_credit,130247,EUR,bank_B,broker_Z
P0000843,S0003591,cashlike,149805,JPY,bank_A,broker_Z
P0000844,S0001071,cashlike,42836,JPY,bank_B,broker_Y
P0000845,S0000000,wire,137096,USD,bank_A,broker_Z
P0000846,S0003508,letter_of_credit,93147,JPY,bank_B,broker_Z
P0000847,S0001325,cashlike,122246,EUR,bank_A,broker_X
P0000848,S0001926,letter_of_credit,143219,USD,bank_A,broker_Z
P0000849,S0004262,letter_of_credit,47907,USD,bank_B,broker_X
P0000850,S0002912,letter_of_credit,152413,EUR,bank_B,broker_X
P0000851,S0001658,letter_of_credit,158920,EUR,bank_A,broker_X
P0000852,S0004352,letter_of_credit,188733,EUR,bank_B,broker_Z
P0000853,S0002073,wire,60289,JPY,bank_A,broker_Y
P0000854,S0002832,wire,85234,EUR,bank_A,broker_X
P0000855,S0000770,letter_of_credit,141813,EUR,bank_C,broker_Z
P0000856,S0000257,cashlike,65078,JPY,bank_A,broker_Z
P0000857,S0002874,wire,12369,USD,bank_B,broker_Z
P0000858,S0000357,letter_of_credit,174607,JPY,bank_B,broker_X
P0000859,S0004729,cashlike,77815,EUR,bank_A,broker_Z
P0000860,S0001592,cashlike,79706,JPY,bank_C,broker_X
P0000861,S0004977,letter_of_credit,15027,JPY,bank_B,broker_Z
P0000862,S0000133,wire,112434,USD,bank_B,broker_Y
P0000863,S0000349,letter_of_credit,189965,JPY,bank_B,broker_X
P0000864,S0001116,cashlike,80188,JPY,bank_C,broker_Y
P0000865,S0000432,cashlike,191413,USD,bank_B,broker_Y
P0000866,S0004921,cashlike,30299,JPY,bank_C,broker_Y
P0000867,S0004123,wire,12080,USD,bank_A,broker_X
P0000868,S0000618,cashlike,3544,EUR,bank_B,broker_X
P0000869,S0004855,cashlike,132711,USD,bank_A,broker_Z
P0000870,S0000059,letter_of_credit,176629,JPY,bank_A,broker_X
P0000871,S0002053,letter_of_credit,86795,USD,bank_B,broker_Z
P0000872,S0004116,cashlike,64100,EUR,bank_A,broker_Z
P0000873,S0004079,cashlike,76220,EUR,bank_A,broker_Y
P0000874,S0000030,cashlike,47968,EUR,bank_A,broker_X
P0000875,S0000197,letter_of_credit,195383,USD,bank_B,broker_X
P0000876,S0004391,cashlike,138090,USD,bank_C,broker_Z
P0000877,S0002182,letter_of_credit,36084,USD,bank_B,broker_X
P0000878,S0002753,letter_of_credit,85865,EUR,bank_A,broker_Y
P0000879,S0001018,letter_of_credit,96694,JPY,bank_A,broker_Z
P0000880,S0004336,cashlike,185454,EUR,bank_B,broker_Y
P0000881,S0004279,wire,103552,EUR,bank_B,broker_Y
P0000882,S0000477,cashlike,180820,EUR,bank_C,broker_Y
P0000883,S0004904,cashlike,185091,JPY,bank_C,broker_Z
P0000884,S0000874,wire,95882,JPY,bank_B,broker_Z
P0000885,S0000521,cashlike,51860,USD,bank_B,broker_Y
P0000886,S0001078,cashlike,53834,EUR,bank_C,broker_Z
P0000887,S0004486,cashlike,116353,JPY,bank_C,broker_Z
P0000888,S0003734,cashlike,163389,USD,bank_C,broker_X
P0000889,S0002927,letter_of_credit,19194,EUR,bank_B,broker_X
P0000890,S0003177,wire,7503,USD,bank_A,broker_Z
P0000891,S0003301,wire,163233,EUR,bank_C,broker_Z
P0000892,S0003374,wire,61245,EUR,bank_C,broker_Y
P0000893,S0001063,letter_of_credit,81347,EUR,bank_C,broker_X
P0000894,S0001817,wire,43800,JPY,bank_A,broker_X
P0000895,S0004669,cashlike,18703,USD,bank_A,broker_X
P0000896,S0002636,letter_of_credit,90045,EUR,bank_B,broker_Z
P0000897,S0004566,cashlike,160590,USD,bank_C,broker_Y
P0000898,S0001254,cashlike,56215,USD,bank_B,broker_X
P0000899,S0001879,wire,190177,USD,bank_B,broker_Z
P0000900,S0001879,wire,185526,USD,bank_C,broker_Y
P0000901,S0004485,letter_of_credit,122213,EUR,bank_C,broker_Z
P0000902,S0000932,wire,70378,JPY,bank_C,broker_Y
P0000903,S0000467,letter_of_credit,35963,JPY,bank_B,broker_X
P0000904,S0001961,wire,103069,EUR,bank_C,broker_X
P0000905,S0002447,cashlike,94784,USD,bank_C,broker_Y
P0000906,S0001519,letter_of_credit,40223,EUR,bank_A,broker_Y
P0000907,S0003528,wire,148676,EUR,bank_A,broker_X
P0000908,S0003480,letter_of_credit,47997,EUR,bank_C,broker_Y
P0000909,S0000130,wire,13504,JPY,bank_B,broker_X
P0000910,S0004973,cashlike,178857,JPY,bank_B,broker_Z
P0000911,S0003557,cashlike,97673,EUR,bank_C,broker_X
P0000912,S0000733,letter_of_credit,188799,JPY,bank_B,broker_Z
P0000913,S0004811,cashlike,20268,EUR,bank_C,broker_Y
P0000914,S0001696,letter_of_credit,170253,USD,bank_A,broker_X
P0000915,S0001497,wire,63757,JPY,bank_B,broker_Y
P0000916,S0004194,wire,98995,JPY,bank_A,broker_X
P0000917,S0004002,cashlike,183596,USD,bank_B,broker_X
P0000918,S0003606,letter_of_credit,64992,JPY,bank_C,broker_X
P0000919,S0003813,wire,169856,EUR,bank_C,broker_X
P0000920,S0004935,letter_of_credit,81982,USD,bank_C,broker_X
P0000921,S0000984,cashlike,180546,JPY,bank_C,broker_Z
P0000922,S0002428,wire,77554,JPY,bank_A,broker_Y
P0000923,S0000587,wire,186321,EUR,bank_B,broker_Y
P0000924,S0002746,wire,41527,JPY,bank_C,broker_Z
P0000925,S0000441,letter_of_credit,22693,JPY,bank_A,broker_Y
P0000926,S0001022,cashlike,102585,JPY,bank_C,broker_X
P0000927,S0001207,cashlike,108940,JPY,bank_C,broker_X
P0000928,S0001754,letter_of_credit,124849,EUR,bank_A,broker_Z
P0000929,S0003860,wire,150401,JPY,bank_C,broker_X
P0000930,S0004421,cashlike,170517,USD,bank_A,broker_Y
P0000931,S0000242,letter_of_credit,13407,JPY,bank_B,broker_Y
P0000932,S0000873,cashlike,133439,JPY,bank_C,broker_X
P0000933,S0002056,wire,82428,EUR,bank_C,broker_Z
P0000934,S0003792,letter_of_credit,106873,USD,bank_B,broker_Y
P0000935,S0003906,letter_of_credit,7068,EUR,bank_C,broker_Y
P0000936,S0001208,cashlike,16744,JPY,bank_C,broker_Z
P0000937,S0003102,cashlike,10523,EUR,bank_B,broker_Z
P0000938,S0002821,wire,93455,JPY,bank_A,broker_Z
P0000939,S0004460,wire,198003,JPY,bank_C,broker_Y
P0000940,S0004036,wire,5297,USD,bank_A,broker_Z
P0000941,S0004202,cashlike,178537,EUR,bank_B,broker_Y
P0000942,S0003612,cashlike,38646,USD,bank_C,broker_Y
P0000943,S0001111,letter_of_credit,54597,USD,bank_C,broker_Z
P0000944,S0001179,wire,145894,USD,bank_A,broker_X
P0000945,S0000026,letter_of_credit,43957,USD,bank_B,broker_X
P0000946,S0002472,letter_of_credit,154457,JPY,bank_A,broker_X
P0000947,S0001960,cashlike,159439,USD,bank_A,broker_X
P0000948,S0002211,letter_of_credit,192402,JPY,bank_A,broker_Y
P0000949,S0001216,cashlike,139244,USD,bank_A,broker_X
P0000950,S0001403,cashlike,32383,EUR,bank_A,broker_Z
P0000951,S0003536,cashlike,3451,USD,bank_A,broker_Z
P0000952,S0000280,cashlike,45198,JPY,bank_B,broker_X
P0000953,S0002125,letter_of_credit,8191,USD,bank_C,broker_Y
P0000954,S0001394,cashlike,34698,JPY,bank_A,broker_Y
P0000955,S0003780,cashlike,112071,JPY,bank_B,broker_Z
P0000956,S0001314,letter_of_credit,89994,USD,bank_B,broker_X
P0000957,S0001157,cashlike,194581,USD,bank_B,broker_Z
P0000958,S0002257,wire,158388,JPY,bank_C,broker_X
P0000959,S0004404,letter_of_credit,62140,EUR,bank_B,broker_Y
P0000960,S0004359,cashlike,115143,EUR,bank_A,broker_Y
P0000961,S0002104,wire,152436,JPY,bank_A,broker_Z
P0000962,S0001462,letter_of_credit,72412,EUR,bank_C,broker_Z
P0000963,S0002985,wire,26612,JPY,bank_C,broker_X
P0000964,S0001511,wire,52443,USD,bank_B,broker_Z
P0000965,S0000525,wire,123520,USD,bank_B,broker_X
P0000966,S0003715,cashlike,11798,USD,bank_C,broker_Y
P0000967,S0003561,wire,72518,JPY,bank_C,broker_X
P0000968,S0004541,wire,176320,JPY,bank_C,broker_Y
P0000969,S0002649,wire,103684,EUR,bank_C,broker_X
P0000970,S0002547,cashlike,145597,USD,bank_B,broker_Y
P0000971,S0001480,wire,87524,USD,bank_C,broker_X
P0000972,S0000150,cashlike,77445,EUR,bank_B,broker_X
P0000973,S0003419,wire,194177,USD,bank_A,broker_X
P0000974,S0002319,wire,199947,USD,bank_A,broker_Z
P0000975,S0003833,cashlike,99882,JPY,bank_C,broker_Y
P0000976,S0002787,letter_of_credit,15311,EUR,bank_C,broker_Y
P0000977,S0000523,wire,161510,USD,bank_A,broker_X
P0000978,S0002625,wire,91185,USD,bank_B,broker_Y
P0000979,S0000726,wire,134662,EUR,bank_B,broker_Y
P0000980,S0002806,cashlike,150856,JPY,bank_A,broker_Y
P0000981,S0004726,cashlike,35864,EUR,bank_C,broker_Z
P0000982,S0002277,letter_of_credit,16121,EUR,bank_C,broker_X
P0000983,S0003901,letter_of_credit,131721,EUR,bank_B,broker_Z
P0000984,S0004063,cashlike,152459,JPY,bank_B,broker_Y
P0000985,S0004612,cashlike,98244,EUR,bank_A,broker_X
P0000986,S0000948,wire,9692,EUR,bank_C,broker_Z
P0000987,S0003608,cashlike,16716,USD,bank_B,broker_Y
P0000988,S0002948,cashlike,152772,USD,bank_B,broker_Z
P0000989,S0004887,wire,7054,USD,bank_C,broker_X
P0000990,S0000640,wire,61293,USD,bank_B,broker_X
P0000991,S0004235,cashlike,8603,USD,bank_A,broker_Z
P0000992,S0003840,cashlike,43660,JPY,bank_C,broker_Z
P0000993,S0001373,letter_of_credit,104527,EUR,bank_B,broker_X
P0000994,S0001454,wire,131845,JPY,bank_B,broker_Y
P0000995,S0000515,letter_of_credit,36323,EUR,bank_A,broker_X
P0000996,S0001675,letter_of_credit,67783,JPY,bank_A,broker_Z
P0000997,S0003489,wire,192198,JPY,bank_B,broker_Y
P0000998,S0003424,letter_of_credit,136221,EUR,bank_B,broker_Y
P0000999,S0000667,wire,18877,EUR,bank_C,broker_X
P0001000,S0002847,cashlike,151140,USD,bank_B,broker_X
P0001001,S0003201,letter_of_credit,199549,EUR,bank_C,broker_Z
P0001002,S0002971,wire,198593,JPY,bank_A,broker_Z
P0001003,S0002209,letter_of_credit,175093,EUR,bank_C,broker_Z
P0001004,S0001185,wire,155742,JPY,bank_B,broker_X
P0001005,S0000992,wire,86823,USD,bank_C,broker_Y
P0001006,S0003677,wire,184343,JPY,bank_B,broker_Y
P0001007,S0002937,letter_of_credit,55826,USD,bank_A,broker_Y
P0001008,S0002712,cashlike,52330,EUR,bank_A,broker_Z
P0001009,S0001953,wire,46532,EUR,bank_B,broker_Z
P0001010,S0003395,cashlike,199876,EUR,bank_B,broker_Z
P0001011,S0002275,cashlike,14155,EUR,bank_C,broker_Z
P0001012,S0004597,wire,154035,JPY,bank_C,broker_Z
P0001013,S0001594,cashlike,78949,USD,bank_C,broker_Y
P0001014,S0003330,letter_of_credit,121235,USD,bank_C,broker_Y
P0001015,S0001841,cashlike,68820,EUR,bank_C,broker_Y
P0001016,S0002015,wire,151257,EUR,bank_A,broker_Z
P0001017,S0001359,wire,88703,USD,bank_A,broker_Z
P0001018,S0002044,cashlike,168587,USD,bank_A,broker_Z
P0001019,S0003861,wire,103013,USD,bank_B,broker_Z
P0001020,S0002223,cashlike,4843,EUR,bank_C,broker_Y
P0001021,S0004354,wire,181616,USD,bank_B,broker_Z
P0001022,S0004760,letter_of_credit,192843,JPY,bank_B,broker_Y
P0001023,S0002564,letter_of_credit,84810,EUR,bank_C,broker_X
P0001024,S0001539,cashlike,106783,JPY,bank_C,broker_Z
P0001025,S0002062,letter_of_credit,136200,JPY,bank_C,broker_Y
P0001026,S0000564,cashlike,158047,JPY,bank_B,broker_Y
P0001027,S0003358,wire,187919,USD,bank_C,broker_Z
P0001028,S0001529,letter_of_credit,193709,JPY,bank_C,broker_X
P0001029,S0000023,wire,57383,EUR,bank_B,broker_Z
P0001030,S0002604,cashlike,194227,EUR,bank_C,broker_X
P0001031,S0001526,cashlike,105285,JPY,bank_A,broker_Z
P0001032,S0004212,letter_of_credit,95380,JPY,bank_A,broker_Y
P0001033,S0002770,wire,172328,JPY,bank_C,broker_X
P0001034,S0002935,letter_of_credit,95288,JPY,bank_A,broker_X
P0001035,S0002698,wire,128959,EUR,bank_B,broker_X
P0001036,S0002997,wire,126405,USD,bank_B,broker_Y
P0001037,S0000116,wire,18492,EUR,bank_C,broker_Z
P0001038,S0001860,wire,199833,USD,bank_C,broker_Z
P0001039,S0002916,wire,13105,JPY,bank_A,broker_X
P0001040,S0001613,cashlike,182612,EUR,bank_B,broker_X
P0001041,S0003632,letter_of_credit,181298,EUR,bank_A,broker_X
P0001042,S0001911,wire,89622,EUR,bank_B,broker_Z
P0001043,S0004523,cashlike,16772,EUR,bank_C,broker_Y
P0001044,S0004035,wire,34506,EUR,bank_B,broker_Y
P0001045,S0004708,letter_of_credit,182544,USD,bank_B,broker_X
P0001046,S0000856,cashlike,50143,EUR,bank_B,broker_X
P0001047,S0001797,letter_of_credit,157503,JPY,bank_B,broker_X
P0001048,S0002556,wire,163332,JPY,bank_A,broker_Z
P0001049,S0004206,cashlike,43306,USD,bank_C,broker_X
P0001050,S0003072,letter_of_credit,114121,JPY,bank_B,broker_Z
P0001051,S0003579,wire,102828,USD,bank_B,broker_Y
P0001052,S0004999,letter_of_credit,56415,USD,bank_C,broker_Y
P0001053,S0002590,cashlike,192890,JPY,bank_B,broker_X
P0001054,S0003851,letter_of_credit,24093,EUR,bank_C,broker_Y
P0001055,S0002245,letter_of_credit,70052,EUR,bank_B,broker_Z
P0001056,S0004985,wire,118965,EUR,bank_B,broker_X
P0001057,S0000498,letter_of_credit,74248,EUR,bank_B,broker_Z
P0001058,S0000020,wire,16068,JPY,bank_A,broker_Y
P0001059,S0002957,letter_of_credit,122626,JPY,bank_C,broker_X
P0001060,S0001880,wire,161215,JPY,bank_A,broker_Y
P0001061,S0002425,cashlike,21054,EUR,bank_C,broker_Y
P0001062,S0000303,letter_of_credit,149705,EUR,bank_C,broker_X
P0001063,S0002061,wire,150471,EUR,bank_A,broker_Z
P0001064,S0002022,cashlike,151279,USD,bank_C,broker_Z
P0001065,S0002669,letter_of_credit,192974,USD,bank_C,broker_Y
P0001066,S0002130,cashlike,175620,JPY,bank_A,broker_X
P0001067,S0004833,wire,39645,JPY,bank_A,broker_Z
P0001068,S0002471,cashlike,77343,EUR,bank_C,broker_Z
P0001069,S0004779,letter_of_credit,53014,EUR,bank_A,broker_Z
P0001070,S0004670,letter_of_credit,152420,USD,bank_B,broker_Y
P0001071,S0003903,wire,80727,USD,bank_C,broker_X
P0001072,S0001928,letter_of_credit,21426,EUR,bank_A,broker_X
P0001073,S0003255,cashlike,39354,JPY,bank_A,broker_Y
P0001074,S0004137,wire,109939,USD,bank_A,broker_X
P0001075,S0001745,wire,157660,USD,bank_B,broker_X
P0001076,S0001292,cashlike,28266,JPY,bank_B,broker_Z
P0001077,S0003902,wire,143200,EUR,bank_B,broker_X
P0001078,S0001751,wire,147754,EUR,bank_B,broker_Z
P0001079,S0001476,cashlike,18452,USD,bank_C,broker_X
P0001080,S0004632,letter_of_credit,44026,JPY,bank_A,broker_Y
P0001081,S0002043,wire,186890,USD,bank_C,broker_Y
P0001082,S0000401,wire,125687,EUR,bank_C,broker_X
P0001083,S0003850,cashlike,169745,JPY,bank_B,broker_X
P0001084,S0003897,wire,22962,EUR,bank_A,broker_Y
P0001085,S0001070,wire,124447,EUR,bank_A,broker_Z
P0001086,S0000897,cashlike,48316,USD,bank_A,broker_Y
P0001087,S0001930,letter_of_credit,84918,JPY,bank_A,broker_X
P0001088,S0004045,letter_of_credit,124972,USD,bank_C,broker_Y
P0001089,S0004631,letter_of_credit,143072,EUR,bank_C,broker_Y
P0001090,S0000556,wire,86130,USD,bank_B,broker_Y
P0001091,S0000571,cashlike,145413,USD,bank_B,broker_Z
P0001092,S0001694,cashlike,194026,USD,bank_C,broker_X
P0001093,S0004894,wire,88256,JPY,bank_C,broker_Z
P0001094,S0002175,wire,44128,EUR,bank_C,broker_X
P0001095,S0003784,letter_of_credit,28086,EUR,bank_C,broker_Z
P0001096,S0004625,letter_of_credit,126303,USD,bank_C,broker_Z
P0001097,S0001053,cashlike,148318,USD,bank_C,broker_X
P0001098,S0000061,cashlike,19392,EUR,bank_C,broker_X
P0001099,S0002129,cashlike,108896,EUR,bank_C,broker_Y
P0001100,S0004940,cashlike,153313,JPY,bank_A,broker_Z
P0001101,S0001800,letter_of_credit,69154,JPY,bank_B,broker_Y
P0001102,S0001348,cashlike,62319,EUR,bank_B,broker_Y
P0001103,S0002466,wire,170943,JPY,bank_A,broker_Z
P0001104,S0002191,letter_of_credit,177478,EUR,bank_B,broker_Z
P0001105,S0001709,letter_of_credit,22601,USD,bank_A,broker_Z
P0001106,S0000329,wire,3154,JPY,bank_B,broker_Y
P0001107,S0003376,letter_of_credit,180744,EUR,bank_A,broker_X
P0001108,S0003032,letter_of_credit,77249,USD,bank_A,broker_X
P0001109,S0003172,cashlike,54222,EUR,bank_C,broker_Z
P0001110,S0001084,letter_of_credit,188035,JPY,bank_B,broker_X
P0001111,S0003037,wire,165838,EUR,bank_B,broker_X
P0001112,S0000868,cashlike,15884,JPY,bank_A,broker_X
P0001113,S0003496,wire,137581,USD,bank_A,broker_Y
P0001114,S0003512,letter_of_credit,48797,EUR,bank_B,broker_X
P0001115,S0002981,cashlike,17415,USD,bank_B,broker_Y
P0001116,S0004283,letter_of_credit,10343,USD,bank_B,broker_Y
P0001117,S0004031,wire,100677,JPY,bank_B,broker_Z
P0001118,S0000041,letter_of_credit,170842,JPY,bank_B,broker_Y
P0001119,S0000150,cashlike,1674,JPY,bank_B,broker_Z
P0001120,S0003912,letter_of_credit,133032,USD,bank_A,broker_Z
P0001121,S0000172,letter_of_credit,76830,USD,bank_B,broker_X
P0001122,S0001512,wire,171699,EUR,bank_B,broker_X
P0001123,S0004720,cashlike,15256,JPY,bank_A,broker_Z
P0001124,S0001355,wire,148182,EUR,bank_C,broker_Y
P0001125,S0004188,wire,77029,USD,bank_A,broker_Y
P0001126,S0003812,letter_of_credit,74284,JPY,bank_C,broker_Z
P0001127,S0001999,letter_of_credit,199880,JPY,bank_C,broker_Y
P0001128,S0000826,wire,99409,JPY,bank_B,broker_X
P0001129,S0000948,cashlike,32516,JPY,bank_A,broker_X
P0001130,S0000977,cashlike,36896,USD,bank_C,broker_X
P0001131,S0001128,letter_of_credit,135253,USD,bank_A,broker_Y
P0001132,S0003878,cashlike,53774,EUR,bank_B,broker_Z
P0001133,S0002579,letter_of_credit,40147,USD,bank_A,broker_Z
P0001134,S0004924,wire,154175,JPY,bank_B,broker_Z
P0001135,S0000785,cashlike,167459,EUR,bank_C,broker_Y
P0001136,S0002500,letter_of_credit,153054,EUR,bank_A,broker_X
P0001137,S0000954,cashlike,166252,USD,bank_A,broker_Y
P0001138,S0001231,cashlike,120858,USD,bank_A,broker_Y
P0001139,S0004486,wire,79137,USD,bank_B,broker_X
P0001140,S0001215,cashlike,84035,EUR,bank_B,broker_Z
P0001141,S0003547,wire,25164,JPY,bank_C,broker_Z
P0001142,S0004503,cashlike,132940,EUR,bank_C,broker_Y
P0001143,S0003332,wire,4110,USD,bank_A,broker_Z
P0001144,S0002557,cashlike,82683,USD,bank_A,broker_Z
P0001145,S0002363,letter_of_credit,110002,JPY,bank_B,broker_X
P0001146,S0001396,wire,148040,EUR,bank_A,broker_X
P0001147,S0001057,wire,32996,JPY,bank_C,broker_X
P0001148,S0000635,wire,116043,USD,bank_A,broker_Z
P0001149,S0000534,wire,122442,JPY,bank_B,broker_Z
P0001150,S0000030,letter_of_credit,146828,EUR,bank_A,broker_Y
P0001151,S0001941,cashlike,161898,EUR,bank_A,broker_Y
P0001152,S0000100,cashlike,105431,EUR,bank_B,broker_Z
P0001153,S0001135,cashlike,15973,EUR,bank_B,broker_Z
P0001154,S0003722,wire,141746,USD,bank_C,broker_Z
P0001155,S0004779,wire,138950,JPY,bank_A,broker_Z
P0001156,S0000414,wire,54087,USD,bank_B,broker_X
P0001157,S0002829,letter_of_credit,80699,EUR,bank_C,broker_Y
P0001158,S0004975,letter_of_credit,98541,EUR,bank_B,broker_Y
P0001159,S0001022,wire,199860,USD,bank_C,broker_Y
P0001160,S0000325,wire,196411,EUR,bank_A,broker_Y
P0001161,S0003512,wire,33400,EUR,bank_C,broker_Z
P0001162,S0001997,cashlike,185864,EUR,bank_B,broker_Z
P0001163,S0003427,wire,144638,JPY,bank_B,broker_Y
P0001164,S0002196,letter_of_credit,5199,EUR,bank_A,broker_Z
P0001165,S0000937,letter_of_credit,114602,EUR,bank_A,broker_X
P0001166,S0000465,letter_of_credit,44272,JPY,bank_B,broker_Z
P0001167,S0001776,letter_of_credit,190453,USD,bank_A,broker_Y
P0001168,S0002979,letter_of_credit,190437,USD,bank_B,broker_Z
P0001169,S0001595,letter_of_credit,186686,EUR,bank_B,broker_Y
P0001170,S0002129,wire,60316,USD,bank_B,broker_Z
P0001171,S0000171,cashlike,102400,USD,bank_C,broker_X
P0001172,S0001870,letter_of_credit,179147,EUR,bank_A,broker_Z
P0001173,S0001139,letter_of_credit,181932,EUR,bank_A,broker_Y
P0001174,S0000636,letter_of_credit,197089,JPY,bank_B,broker_Y
P0001175,S0000592,wire,182157,USD,bank_B,broker_Z
P0001176,S0000297,cashlike,121869,USD,bank_B,broker_X
P0001177,S0004113,wire,24090,JPY,bank_B,broker_Z
P0001178,S0004580,wire,45593,USD,bank_C,broker_Z
P0001179,S0003212,letter_of_credit,26796,USD,bank_B,broker_Y
P0001180,S0000617,wire,6632,EUR,bank_A,broker_Y
P0001181,S0000207,cashlike,138073,EUR,bank_B,broker_Z
P0001182,S0003397,letter_of_credit,31183,JPY,bank_C,broker_Z
P0001183,S0002708,cashlike,47151,USD,bank_B,broker_X
P0001184,S0002411,letter_of_credit,14952,USD,bank_A,broker_Z
P0001185,S0002798,cashlike,17675,EUR,bank_B,broker_X
P0001186,S0001328,cashlike,61988,JPY,bank_A,broker_X
P0001187,S0000977,letter_of_credit,152945,USD,bank_C,broker_Z
P0001188,S0004568,wire,14233,JPY,bank_B,broker_Y
P0001189,S0002100,cashlike,145940,JPY,bank_A,broker_Z
P0001190,S0000305,wire,26085,USD,bank_C,broker_Y
P0001191,S0001250,letter_of_credit,198541,USD,bank_B,broker_X
P0001192,S0004136,wire,53529,JPY,bank_C,broker_X
P0001193,S0003378,letter_of_credit,26204,EUR,bank_A,broker_Y
P0001194,S0000894,cashlike,82887,USD,bank_C,broker_X
P0001195,S0004895,letter_of_credit,163583,USD,bank_A,broker_Y
P0001196,S0002875,letter_of_credit,77190,JPY,bank_C,broker_X
P0001197,S0003410,wire,122917,JPY,bank_C,broker_Z
P0001198,S0002045,wire,19803,EUR,bank_A,broker_Y
P0001199,S0004450,wire,151582,JPY,bank_A,broker_Z
P0001200,S0000478,cashlike,7011,USD,bank_B,broker_Z
P0001201,S0002640,letter_of_credit,80250,EUR,bank_B,broker_Z
P0001202,S0004788,wire,93502,EUR,bank_C,broker_Y
P0001203,S0003906,wire,59880,EUR,bank_C,broker_X
P0001204,S0004671,cashlike,9571,EUR,bank_A,broker_Y
P0001205,S0002905,cashlike,123187,USD,bank_A,broker_Y
P0001206,S0004589,cashlike,171624,JPY,bank_A,broker_Y
P0001207,S0000342,wire,133225,EUR,bank_C,broker_X
P0001208,S0000794,cashlike,170532,EUR,bank_C,broker_Y
P0001209,S0000019,letter_of_credit,82643,EUR,bank_A,broker_Y
P0001210,S0001522,cashlike,52449,USD,bank_B,broker_Z
P0001211,S0002683,wire,65898,USD,bank_C,broker_X
P0001212,S0001594,cashlike,132101,USD,bank_B,broker_Z
P0001213,S0003644,letter_of_credit,194378,JPY,bank_A,broker_Y
P0001214,S0002311,letter_of_credit,158779,JPY,bank_B,broker_Z
P0001215,S0002340,cashlike,46689,USD,bank_C,broker_Y
P0001216,S0000028,letter_of_credit,24315,JPY,bank_A,broker_Y
P0001217,S0004559,wire,181073,USD,bank_A,broker_Y
P0001218,S0003412,letter_of_credit,123922,EUR,bank_A,broker_Y
P0001219,S0000491,letter_of_credit,89306,USD,bank_B,broker_Z
P0001220,S0004563,cashlike,16782,JPY,bank_B,broker_X
P0001221,S0001328,wire,3164,USD,bank_C,broker_Z
P0001222,S0003451,letter_of_credit,4457,EUR,bank_A,broker_Y
P0001223,S0002208,wire,128796,EUR,bank_B,broker_X
P0001224,S0001142,cashlike,57254,USD,bank_B,broker_Y
P0001225,S0004149,letter_of_credit,199759,USD,bank_B,broker_Y
P0001226,S0000891,letter_of_credit,47409,JPY,bank_A,broker_Z
P0001227,S0002036,cashlike,150129,USD,bank_A,broker_Z
P0001228,S0004583,wire,15392,USD,bank_A,broker_X
P0001229,S0002091,letter_of_credit,48532,USD,bank_C,broker_Y
P0001230,S0004437,letter_of_credit,139168,USD,bank_A,broker_Z
P0001231,S0003603,cashlike,140823,JPY,bank_A,broker_Y
P0001232,S0004323,wire,18124,JPY,bank_B,broker_Y
P0001233,S0004277,cashlike,153481,JPY,bank_A,broker_Y
P0001234,S0004908,wire,100915,USD,bank_B,broker_Z
P0001235,S0000836,cashlike,154050,JPY,bank_B,broker_X
P0001236,S0000113,letter_of_credit,138539,USD,bank_C,broker_X
P0001237,S0000501,wire,139951,USD,bank_B,broker_X
P0001238,S0000105,cashlike,173588,EUR,bank_B,broker_Z
P0001239,S0002718,cashlike,178689,JPY,bank_C,broker_Z
P0001240,S0004682,letter_of_credit,127289,EUR,bank_A,broker_Y
P0001241,S0004624,wire,89875,EUR,bank_B,broker_X
P0001242,S0004017,cashlike,126364,EUR,bank_A,broker_Z
P0001243,S0004355,wire,179394,USD,bank_B,broker_X
P0001244,S0001896,cashlike,88014,USD,bank_A,broker_Y
P0001245,S0004273,cashlike,154153,EUR,bank_C,broker_Y
P0001246,S0004112,letter_of_credit,140427,EUR,bank_A,broker_Z
P0001247,S0004180,cashlike,110253,USD,bank_C,broker_Y
P0001248,S0002108,cashlike,143019,EUR,bank_C,broker_X
P0001249,S0000984,letter_of_credit,80405,USD,bank_B,broker_Y
P0001250,S0003774,letter_of_credit,10843,USD,bank_B,broker_X
P0001251,S0000172,cashlike,67697,USD,bank_C,broker_X
P0001252,S0000203,wire,170997,JPY,bank_C,broker_Y
P0001253,S0001704,wire,45703,USD,bank_C,broker_Y
P0001254,S0001379,wire,182306,JPY,bank_B,broker_X
P0001255,S0003077,letter_of_credit,169678,EUR,bank_A,broker_Y
P0001256,S0000351,cashlike,127880,USD,bank_A,broker_X
P0001257,S0001473,cashlike,91657,EUR,bank_C,broker_Y
P0001258,S0000827,wire,106003,EUR,bank_B,broker_X
P0001259,S0003413,letter_of_credit,137227,JPY,bank_C,broker_Z
P0001260,S0001379,cashlike,185447,EUR,bank_A,broker_X
P0001261,S0000112,letter_of_credit,134755,EUR,bank_B,broker_Z
P0001262,S0002331,cashlike,55620,USD,bank_B,broker_X
P0001263,S0003499,letter_of_credit,93814,USD,bank_B,broker_Y
P0001264,S0001808,cashlike,51967,JPY,bank_A,broker_Y
P0001265,S0003173,wire,78412,USD,bank_C,broker_X
P0001266,S0000441,cashlike,50332,JPY,bank_B,broker_X
P0001267,S0004890,cashlike,14659,EUR,bank_B,broker_X
P0001268,S0001348,letter_of_credit,15395,USD,bank_C,broker_Y
P0001269,S0002636,cashlike,98348,EUR,bank_A,broker_X
P0001270,S0003997,wire,69429,JPY,bank_C,broker_Y
P0001271,S0002405,wire,156358,JPY,bank_C,broker_X
P0001272,S0003970,letter_of_credit,37655,EUR,bank_C,broker_Z
P0001273,S0004471,cashlike,117712,USD,bank_A,broker_Z
P0001274,S0002084,letter_of_credit,111501,JPY,bank_A,broker_Z
P0001275,S0004612,cashlike,102793,USD,bank_B,broker_Z
P0001276,S0002916,cashlike,28736,USD,bank_B,broker_Y
P0001277,S0004419,cashlike,140710,USD,bank_A,broker_Y
P0001278,S0003343,wire,111809,EUR,bank_C,broker_X
P0001279,S0001587,letter_of_credit,11649,EUR,bank_A,broker_Y
P0001280,S0004888,cashlike,108953,USD,bank_C,broker_Y
P0001281,S0002630,wire,169650,EUR,bank_C,broker_X
P0001282,S0002097,letter_of_credit,41285,JPY,bank_C,broker_X
P0001283,S0004491,wire,123070,EUR,bank_A,broker_X
P0001284,S0000125,wire,58071,USD,bank_C,broker_X
P0001285,S0002233,wire,195424,USD,bank_C,broker_Z
P0001286,S0002596,letter_of_credit,91287,USD,bank_C,broker_X
P0001287,S0001025,wire,10096,JPY,bank_C,broker_X
P0001288,S0001175,letter_of_credit,123503,JPY,bank_B,broker_X
P0001289,S0001988,letter_of_credit,145088,EUR,bank_A,broker_X
P0001290,S0002293,wire,15768,EUR,bank_B,broker_X
P0001291,S0000000,letter_of_credit,79440,EUR,bank_C,broker_X
P0001292,S0001288,wire,28968,EUR,bank_B,broker_X
P0001293,S0004327,cashlike,163246,JPY,bank_C,broker_Y
P0001294,S0003604,cashlike,79924,EUR,bank_B,broker_Z
P0001295,S0002615,wire,87746,USD,bank_B,broker_Z
P0001296,S0002180,wire,83219,USD,bank_C,broker_X
P0001297,S0004086,letter_of_credit,7625,JPY,bank_A,broker_X
P0001298,S0002614,cashlike,13614,USD,bank_A,broker_Z
P0001299,S0004781,letter_of_credit,16257,JPY,bank_A,broker_Z
P0001300,S0004676,cashlike,181244,EUR,bank_C,broker_Y
P0001301,S0002232,cashlike,163917,EUR,bank_B,broker_X
P0001302,S0001512,cashlike,71240,USD,bank_C,broker_Z
P0001303,S0001284,wire,24246,USD,bank_C,broker_Y
P0001304,S0000934,cashlike,84435,USD,bank_C,broker_X
P0001305,S0004780,wire,190701,EUR,bank_B,broker_Z
P0001306,S0001254,wire,187125,JPY,bank_C,broker_X
P0001307,S0002427,letter_of_credit,10292,JPY,bank_B,broker_Z
P0001308,S0001751,cashlike,40447,JPY,bank_C,broker_Z
P0001309,S0000983,cashlike,192664,USD,bank_B,broker_Y
P0001310,S0001568,wire,100158,JPY,bank_A,broker_X
P0001311,S0001419,cashlike,149499,JPY,bank_C,broker_Y
P0001312,S0001025,wire,9012,USD,bank_B,broker_Z
P0001313,S0000564,wire,75295,EUR,bank_C,broker_Y
P0001314,S0000122,wire,152956,USD,bank_A,broker_Z
P0001315,S0003116,letter_of_credit,143017,EUR,bank_B,broker_Z
P0001316,S0001812,wire,82630,USD,bank_C,broker_Y
P0001317,S0000273,letter_of_credit,36688,USD,bank_C,broker_X
P0001318,S0001965,cashlike,118933,USD,bank_C,broker_X
P0001319,S0002384,letter_of_credit,156380,JPY,bank_C,broker_Y
P0001320,S0001971,letter_of_credit,84256,EUR,bank_A,broker_Z
P0001321,S0004921,cashlike,101587,JPY,bank_B,broker_Z
P0001322,S0002561,letter_of_credit,96627,EUR,bank_B,broker_Y
P0001323,S0001624,cashlike,94483,EUR,bank_A,broker_Y
P0001324,S0004739,wire,60819,EUR,bank_B,broker_X
P0001325,S0002261,letter_of_credit,87203,USD,bank_C,broker_X
P0001326,S0004591,wire,163399,USD,bank_B,broker_X
P0001327,S0003582,cashlike,123053,USD,bank_C,broker_Z
P0001328,S0000004,cashlike,131753,JPY,bank_C,broker_X
P0001329,S0002858,wire,112329,EUR,bank_C,broker_Z
P0001330,S0002806,letter_of_credit,98006,JPY,bank_A,broker_Z
P0001331,S0001043,wire,61142,EUR,bank_C,broker_Z
P0001332,S0002046,letter_of_credit,78767,JPY,bank_B,broker_Y
P0001333,S0003584,cashlike,21964,JPY,bank_B,broker_Y
P0001334,S0003677,letter_of_credit,38825,USD,bank_B,broker_X
P0001335,S0003045,cashlike,111995,EUR,bank_B,broker_Z
P0001336,S0000611,letter_of_credit,157745,JPY,bank_B,broker_Z
P0001337,S0000965,wire,68346,JPY,bank_B,broker_Y
P0001338,S0002313,letter_of_credit,122876,EUR,bank_C,broker_X
P0001339,S0001195,letter_of_credit,20837,EUR,bank_B,broker_Z
P0001340,S0001638,wire,153035,JPY,bank_C,broker_X
P0001341,S0000140,letter_of_credit,157301,JPY,bank_C,broker_Z
P0001342,S0000352,wire,92062,EUR,bank_C,broker_Z
P0001343,S0003685,wire,94484,EUR,bank_C,broker_Y
P0001344,S0004385,letter_of_credit,132901,EUR,bank_B,broker_X
P0001345,S0002707,cashlike,87198,JPY,bank_A,broker_Y
P0001346,S0004622,letter_of_credit,40166,EUR,bank_C,broker_Z
P0001347,S0003127,letter_of_credit,86694,EUR,bank_A,broker_Y
P0001348,S0001466,letter_of_credit,71155,EUR,bank_A,broker_Y
P0001349,S0002772,wire,125341,EUR,bank_A,broker_Z
P0001350,S0004068,cashlike,29921,EUR,bank_B,broker_X
P0001351,S0003457,letter_of_credit,65604,JPY,bank_B,broker_Z
P0001352,S0002332,letter_of_credit,128863,USD,bank_B,broker_X
P0001353,S0002381,cashlike,66724,EUR,bank_B,broker_Y
P0001354,S0000288,wire,20831,USD,bank_B,broker_X
P0001355,S0004533,cashlike,198912,USD,bank_B,broker_Z
P0001356,S0003718,wire,2356,EUR,bank_B,broker_Y
P0001357,S0000526,letter_of_credit,19364,USD,bank_A,broker_Y
P0001358,S0003445,letter_of_credit,89623,USD,bank_C,broker_Z
P0001359,S0001217,letter_of_credit,173840,EUR,bank_C,broker_X
P0001360,S0004428,cashlike,74527,EUR,bank_A,broker_Y
P0001361,S0001320,letter_of_credit,51348,EUR,bank_B,broker_X
P0001362,S0000112,wire,159831,EUR,bank_A,broker_X
P0001363,S0003981,cashlike,126872,JPY,bank_C,broker_Y
P0001364,S0001486,cashlike,84854,USD,bank_C,broker_Y
P0001365,S0003392,wire,56996,USD,bank_C,broker_Z
P0001366,S0004479,wire,176318,JPY,bank_C,broker_Z
P0001367,S0000523,letter_of_credit,130402,EUR,bank_B,broker_X
P0001368,S0003496,wire,158561,USD,bank_A,broker_Z
P0001369,S0004181,letter_of_credit,76638,JPY,bank_C,broker_X
P0001370,S0002933,letter_of_credit,42015,EUR,bank_C,broker_Y
P0001371,S0000515,letter_of_credit,10625,EUR,bank_C,broker_X
P0001372,S0003385,wire,39693,EUR,bank_A,broker_Z
P0001373,S0001597,letter_of_credit,171200,JPY,bank_C,broker_Z
P0001374,S0003576,cashlike,145352,USD,bank_C,broker_Z
P0001375,S0002519,wire,130268,JPY,bank_B,broker_X
P0001376,S0001272,cashlike,171479,USD,bank_B,broker_Y
P0001377,S0001816,letter_of_credit,131097,EUR,bank_B,broker_X
P0001378,S0000695,cashlike,15503,EUR,bank_C,broker_Y
P0001379,S0003034,wire,142959,USD,bank_A,broker_Y
P0001380,S0002245,cashlike,33010,EUR,bank_A,broker_Z
P0001381,S0001476,letter_of_credit,77786,JPY,bank_A,broker_X
P0001382,S0001485,wire,67565,USD,bank_C,broker_Y
P0001383,S0000953,letter_of_credit,142793,JPY,bank_A,broker_Z
P0001384,S0000510,cashlike,94194,EUR,bank_C,broker_X
P0001385,S0003217,letter_of_credit,63916,USD,bank_C,broker_Z
P0001386,S0004543,wire,105941,EUR,bank_B,broker_X
P0001387,S0004580,wire,103150,JPY,bank_B,broker_Y
P0001388,S0002171,wire,86188,EUR,bank_A,broker_X
P0001389,S0000512,cashlike,85918,EUR,bank_B,broker_Z
P0001390,S0000922,letter_of_credit,22882,JPY,bank_C,broker_Z
P0001391,S0003254,letter_of_credit,88091,JPY,bank_B,broker_X
P0001392,S0001004,letter_of_credit,145693,USD,bank_B,broker_X
P0001393,S0001793,letter_of_credit,150986,USD,bank_B,broker_Y
P0001394,S0000018,cashlike,131695,EUR,bank_C,broker_Y
P0001395,S0004634,wire,112560,EUR,bank_C,broker_Y
P0001396,S0004614,letter_of_credit,37546,JPY,bank_A,broker_X
P0001397,S0002989,letter_of_credit,139449,EUR,bank_B,broker_Y
P0001398,S0002151,letter_of_credit,44916,JPY,bank_C,broker_Y
P0001399,S0001569,cashlike,70513,EUR,bank_A,broker_X
P0001400,S0003745,cashlike,115359,JPY,bank_A,broker_X
P0001401,S0002821,cashlike,63075,JPY,bank_A,broker_Y
P0001402,S0001191,wire,39692,JPY,bank_C,broker_Y
P0001403,S0001600,letter_of_credit,90731,JPY,bank_A,broker_X
P0001404,S0003023,letter_of_credit,192632,JPY,bank_B,broker_Y
P0001405,S0004251,cashlike,136067,JPY,bank_B,broker_Z
P0001406,S0004554,wire,120324,EUR,bank_B,broker_Z
P0001407,S0001784,cashlike,183863,EUR,bank_C,broker_Z
P0001408,S0000241,letter_of_credit,161512,JPY,bank_C,broker_Y
P0001409,S0002191,letter_of_credit,145628,JPY,bank_A,broker_Z
P0001410,S0002666,letter_of_credit,106916,USD,bank_C,broker_Y
P0001411,S0004526,letter_of_credit,47285,JPY,bank_C,broker_Z
P0001412,S0001861,wire,37034,JPY,bank_C,broker_Z
P0001413,S0004525,wire,111405,USD,bank_C,broker_Y
P0001414,S0004671,cashlike,155128,USD,bank_A,broker_X
P0001415,S0003868,wire,108859,USD,bank_A,broker_Z
P0001416,S0003789,cashlike,132181,EUR,bank_A,broker_Y
P0001417,S0004372,cashlike,17414,USD,bank_C,broker_Y
P0001418,S0000267,wire,149172,USD,bank_A,broker_Y
P0001419,S0000954,cashlike,195646,JPY,bank_B,broker_Y
P0001420,S0004074,wire,34851,USD,bank_C,broker_X
P0001421,S0001390,cashlike,28088,JPY,bank_A,broker_X
P0001422,S0003540,wire,100409,JPY,bank_B,broker_Y
P0001423,S0004248,cashlike,145813,USD,bank_A,broker_Y
P0001424,S0000991,letter_of_credit,113878,USD,bank_B,broker_Y
P0001425,S0002518,letter_of_credit,51997,USD,bank_B,broker_X
P0001426,S0004063,wire,39402,USD,bank_A,broker_Y
P0001427,S0002903,letter_of_credit,165761,JPY,bank_A,broker_Y
P0001428,S0001030,letter_of_credit,3076,USD,bank_A,broker_X
P0001429,S0004019,letter_of_credit,172875,USD,bank_A,broker_X
P0001430,S0003759,wire,127169,JPY,bank_C,broker_X
P0001431,S0000673,letter_of_credit,152157,EUR,bank_A,broker_Y
P0001432,S0001222,wire,109275,JPY,bank_B,broker_X
P0001433,S0003305,wire,69626,USD,bank_A,broker_X
P0001434,S0003288,cashlike,80274,EUR,bank_A,broker_Y
P0001435,S0001238,cashlike,25426,EUR,bank_C,broker_Y
P0001436,S0000810,cashlike,37017,USD,bank_C,broker_Z
P0001437,S0003380,wire,63690,JPY,bank_C,broker_Y
P0001438,S0001037,cashlike,177608,JPY,bank_C,broker_Z
P0001439,S0002398,wire,47471,EUR,bank_C,broker_Y
P0001440,S0000927,letter_of_credit,46545,JPY,bank_C,broker_Z
P0001441,S0003670,letter_of_credit,85706,EUR,bank_A,broker_X
P0001442,S0001799,wire,109174,JPY,bank_B,broker_X
P0001443,S0002488,cashlike,33187,JPY,bank_C,broker_Z
P0001444,S0003050,cashlike,191237,EUR,bank_A,broker_X
P0001445,S0004767,letter_of_credit,179330,EUR,bank_C,broker_X
P0001446,S0004148,letter_of_credit,80758,JPY,bank_B,broker_Z
P0001447,S0001156,letter_of_credit,127167,JPY,bank_B,broker_Y
P0001448,S0000952,letter_of_credit,89294,EUR,bank_B,broker_Y
P0001449,S0004823,cashlike,12978,USD,bank_B,broker_Y
P0001450,S0001964,letter_of_credit,99008,EUR,bank_A,broker_Y
P0001451,S0002107,wire,187813,USD,bank_A,broker_X
P0001452,S0001561,wire,134565,USD,bank_C,broker_X
P0001453,S0004866,cashlike,128552,JPY,bank_A,broker_Z
P0001454,S0002332,cashlike,176174,USD,bank_C,broker_X
P0001455,S0001720,letter_of_credit,54814,USD,bank_C,broker_Y
P0001456,S0004454,cashlike,68160,JPY,bank_C,broker_X
P0001457,S0002727,cashlike,119216,USD,bank_A,broker_Z
P0001458,S0002180,wire,197276,USD,bank_A,broker_Z
P0001459,S0004862,letter_of_credit,145390,EUR,bank_C,broker_X
P0001460,S0003430,wire,100735,JPY,bank_B,broker_X
P0001461,S0003465,wire,32485,USD,bank_C,broker_X
P0001462,S0003243,cashlike,117905,JPY,bank_B,broker_Z
P0001463,S0000477,letter_of_credit,189698,JPY,bank_C,broker_X
P0001464,S0004737,cashlike,38843,JPY,bank_B,broker_Y
P0001465,S0003888,letter_of_credit,15890,JPY,bank_C,broker_X
P0001466,S0004447,letter_of_credit,1340,USD,bank_B,broker_Y
P0001467,S0002468,letter_of_credit,97947,JPY,bank_C,broker_X
P0001468,S0000994,wire,182431,JPY,bank_A,broker_Z
P0001469,S0003712,letter_of_credit,118625,JPY,bank_C,broker_Y
P0001470,S0003972,wire,67372,USD,bank_A,broker_Y
P0001471,S0003371,wire,75304,USD,bank_C,broker_Y
P0001472,S0001655,letter_of_credit,157050,USD,bank_C,broker_Y
P0001473,S0002057,letter_of_credit,26472,USD,bank_B,broker_X
P0001474,S0001560,cashlike,65673,EUR,bank_C,broker_Z
P0001475,S0000674,letter_of_credit,99700,EUR,bank_B,broker_X
P0001476,S0003413,wire,55908,USD,bank_A,broker_Z
P0001477,S0000424,wire,11789,JPY,bank_B,broker_Z
P0001478,S0004092,cashlike,106547,EUR,bank_A,broker_Y
P0001479,S0000926,letter_of_credit,135779,EUR,bank_C,broker_X
P0001480,S0003146,letter_of_credit,97894,USD,bank_A,broker_Z
P0001481,S0003789,wire,186102,EUR,bank_C,broker_X
P0001482,S0000593,cashlike,81958,EUR,bank_A,broker_Z
P0001483,S0004250,cashlike,68910,EUR,bank_C,broker_X
P0001484,S0002789,cashlike,22027,USD,bank_A,broker_Z
P0001485,S0001101,wire,136117,JPY,bank_B,broker_Z
P0001486,S0003916,cashlike,132110,EUR,bank_C,broker_Y
P0001487,S0001700,wire,19615,USD,bank_A,broker_X
P0001488,S0001269,letter_of_credit,5965,EUR,bank_C,broker_X
P0001489,S0001998,cashlike,67871,JPY,bank_C,broker_Y
P0001490,S0002401,cashlike,178053,EUR,bank_B,broker_Y
P0001491,S0001476,cashlike,101510,USD,bank_C,broker_Z
P0001492,S0001067,letter_of_credit,68386,EUR,bank_A,broker_Y
P0001493,S0004081,cashlike,159172,EUR,bank_C,broker_Z
P0001494,S0004684,wire,61673,JPY,bank_A,broker_X
P0001495,S0001060,wire,11899,JPY,bank_B,broker_X
P0001496,S0000390,wire,136139,JPY,bank_B,broker_X
P0001497,S0001069,letter_of_credit,163512,USD,bank_A,broker_X
P0001498,S0003629,cashlike,118787,JPY,bank_A,broker_X
P0001499,S0002471,cashlike,35238,EUR,bank_B,broker_Z
P0001500,S0002702,cashlike,170797,EUR,bank_C,broker_X
P0001501,S0000265,wire,198925,EUR,bank_A,broker_X
P0001502,S0003422,cashlike,144983,EUR,bank_C,broker_Z
P0001503,S0002297,cashlike,95273,USD,bank_B,broker_Z
P0001504,S0003986,letter_of_credit,199554,USD,bank_C,broker_Z
P0001505,S0001550,cashlike,17287,EUR,bank_A,broker_Z
P0001506,S0004093,cashlike,179167,EUR,bank_B,broker_Z
P0001507,S0004918,wire,72193,USD,bank_A,broker_Y
P0001508,S0001483,letter_of_credit,92615,EUR,bank_C,broker_X
P0001509,S0003822,cashlike,143480,EUR,bank_A,broker_Z
P0001510,S0002179,wire,28029,EUR,bank_A,broker_Z
P0001511,S0001379,cashlike,160932,EUR,bank_B,broker_Y
P0001512,S0001849,wire,192382,USD,bank_B,broker_Y
P0001513,S0000321,letter_of_credit,106233,JPY,bank_C,broker_Z
P0001514,S0002056,letter_of_credit,1919,EUR,bank_B,broker_Z
P0001515,S0003372,cashlike,77643,USD,bank_C,broker_Z
P0001516,S0002076,wire,166843,USD,bank_C,broker_Z
P0001517,S0004896,wire,55174,EUR,bank_C,broker_X
P0001518,S0002666,cashlike,114007,JPY,bank_C,broker_Y
P0001519,S0001500,cashlike,72186,USD,bank_A,broker_X
P0001520,S0003775,letter_of_credit,47615,EUR,bank_A,broker_X
P0001521,S0001611,letter_of_credit,73722,USD,bank_B,broker_X
P0001522,S0003364,wire,101411,EUR,bank_C,broker_X
P0001523,S0004737,letter_of_credit,99590,JPY,bank_A,broker_X
P0001524,S0002816,cashlike,52825,USD,bank_A,broker_Z
P0001525,S0002598,wire,116717,USD,bank_A,broker_Y
P0001526,S0003050,letter_of_credit,136677,JPY,bank_C,broker_Y
P0001527,S0003393,wire,64248,JPY,bank_B,broker_Y
P0001528,S0004393,letter_of_credit,182914,JPY,bank_C,broker_Y
P0001529,S0001564,cashlike,180954,USD,bank_C,broker_X
P0001530,S0003182,wire,28228,USD,bank_B,broker_X
P0001531,S0003015,wire,28140,JPY,bank_C,broker_Y
P0001532,S0000752,letter_of_credit,111394,EUR,bank_B,broker_Z
P0001533,S0004284,letter_of_credit,151577,USD,bank_B,broker_X
P0001534,S0004844,wire,172965,EUR,bank_C,broker_Z
P0001535,S0003477,cashlike,53439,EUR,bank_C,broker_Y
P0001536,S0002003,cashlike,166419,EUR,bank_B,broker_Y
P0001537,S0003453,letter_of_credit,63820,EUR,bank_A,broker_X
P0001538,S0004537,letter_of_credit,156338,EUR,bank_B,broker_Z
P0001539,S0000601,letter_of_credit,101367,USD,bank_C,broker_Y
P0001540,S0003036,cashlike,137459,USD,bank_A,broker_Z
P0001541,S0004030,cashlike,184883,EUR,bank_B,broker_Y
P0001542,S0003143,cashlike,37702,JPY,bank_B,broker_Z
P0001543,S0004414,wire,24249,JPY,bank_B,broker_Y
P0001544,S0003609,wire,172311,JPY,bank_C,broker_X
P0001545,S0003913,cashlike,171413,EUR,bank_C,broker_X
P0001546,S0002466,letter_of_credit,78811,EUR,bank_B,broker_X
P0001547,S0004174,letter_of_credit,37507,JPY,bank_B,broker_Y
P0001548,S0001764,cashlike,89658,USD,bank_C,broker_Y
P0001549,S0000452,wire,87024,JPY,bank_A,broker_Y
P0001550,S0004893,cashlike,58496,JPY,bank_B,broker_Y
P0001551,S0000948,letter_of_credit,28150,EUR,bank_A,broker_Y
P0001552,S0003293,letter_of_credit,54332,JPY,bank_A,broker_X
P0001553,S0000130,cashlike,105018,EUR,bank_A,broker_Y
P0001554,S0000811,cashlike,118915,EUR,bank_B,broker_X
P0001555,S0000755,wire,130104,EUR,bank_B,broker_Y
P0001556,S0000702,cashlike,105144,JPY,bank_B,broker_X
P0001557,S0000677,wire,45340,EUR,bank_B,broker_Z
P0001558,S0002084,wire,137202,EUR,bank_B,broker_Z
P0001559,S0002657,wire,98731,EUR,bank_A,broker_Z
P0001560,S0002085,letter_of_credit,126867,USD,bank_C,broker_Z
P0001561,S0002654,letter_of_credit,116415,USD,bank_A,broker_X
P0001562,S0003840,letter_of_credit,77160,EUR,bank_C,broker_Y
P0001563,S0000105,letter_of_credit,127402,EUR,bank_A,broker_X
P0001564,S0000557,wire,19070,JPY,bank_B,broker_Z
P0001565,S0001775,wire,2486,JPY,bank_B,broker_Y
P0001566,S0002271,letter_of_credit,144362,EUR,bank_B,broker_Y
P0001567,S0000501,letter_of_credit,165885,USD,bank_B,broker_X
P0001568,S0004523,wire,177399,USD,bank_A,broker_X
P0001569,S0004759,letter_of_credit,118156,USD,bank_A,broker_Z
P0001570,S0001497,wire,166698,EUR,bank_B,broker_X
P0001571,S0000093,letter_of_credit,25298,JPY,bank_C,broker_Y
P0001572,S0001167,wire,10504,JPY,bank_C,broker_X
P0001573,S0004954,wire,10533,EUR,bank_B,broker_X
P0001574,S0002701,cashlike,45609,EUR,bank_C,broker_Z
P0001575,S0002349,cashlike,190660,EUR,bank_A,broker_X
P0001576,S0000565,wire,70724,JPY,bank_A,broker_X
P0001577,S0002402,wire,137101,JPY,bank_A,broker_X
P0001578,S0002187,wire,177596,JPY,bank_A,broker_Z
P0001579,S0004204,letter_of_credit,108308,EUR,bank_B,broker_Z
P0001580,S0002071,cashlike,87097,JPY,bank_C,broker_X
P0001581,S0003770,cashlike,157690,EUR,bank_C,broker_X
P0001582,S0001648,cashlike,112995,JPY,bank_C,broker_Y
P0001583,S0001772,cashlike,70325,JPY,bank_A,broker_Y
P0001584,S0002890,cashlike,138222,EUR,bank_C,broker_Z
P0001585,S0000870,wire,23243,USD,bank_A,broker_Z
P0001586,S0003701,cashlike,74010,JPY,bank_C,broker_Z
P0001587,S0004505,letter_of_credit,148302,EUR,bank_B,broker_Y
P0001588,S0002831,cashlike,156560,JPY,bank_C,broker_X
P0001589,S0004105,letter_of_credit,140202,USD,bank_B,broker_Z
P0001590,S0002943,letter_of_credit,108979,JPY,bank_B,broker_X
P0001591,S0001693,cashlike,191697,USD,bank_B,broker_Y
P0001592,S0003697,letter_of_credit,80549,EUR,bank_A,broker_Y
P0001593,S0000960,cashlike,29766,EUR,bank_A,broker_Y
P0001594,S0002219,cashlike,110887,EUR,bank_B,broker_X
P0001595,S0003775,letter_of_credit,186547,EUR,bank_C,broker_X
P0001596,S0001813,wire,129390,USD,bank_C,broker_X
P0001597,S0004237,letter_of_credit,33857,USD,bank_A,broker_X
P0001598,S0001565,cashlike,151640,EUR,bank_A,broker_Z
P0001599,S0003619,letter_of_credit,11430,USD,bank_B,broker_X
P0001600,S0004341,wire,139028,USD,bank_C,broker_X
P0001601,S0001005,wire,151541,JPY,bank_B,broker_Z
P0001602,S0003059,cashlike,85806,USD,bank_A,broker_Y
P0001603,S0000012,letter_of_credit,161630,USD,bank_A,broker_X
P0001604,S0004306,wire,93915,EUR,bank_B,broker_Y
P0001605,S0002918,wire,31426,JPY,bank_B,broker_Y
P0001606,S0001417,wire,131025,JPY,bank_C,broker_Z
P0001607,S0003354,wire,80194,USD,bank_C,broker_Y
P0001608,S0001290,letter_of_credit,114492,JPY,bank_A,broker_Z
P0001609,S0001268,letter_of_credit,120400,JPY,bank_A,broker_X
P0001610,S0002406,letter_of_credit,73960,USD,bank_B,broker_Z
P0001611,S0002941,wire,149039,USD,bank_C,broker_Y
P0001612,S0003952,letter_of_credit,62393,EUR,bank_C,broker_Y
P0001613,S0000668,wire,153495,JPY,bank_C,broker_Y
P0001614,S0000640,cashlike,38653,EUR,bank_A,broker_Y
P0001615,S0003928,cashlike,158293,EUR,bank_B,broker_Y
P0001616,S0001985,cashlike,159906,JPY,bank_A,broker_Z
P0001617,S0004831,letter_of_credit,74313,JPY,bank_C,broker_Y
P0001618,S0003511,letter_of_credit,116901,USD,bank_C,broker_Y
P0001619,S0001791,letter_of_credit,10567,EUR,bank_C,broker_Z
P0001620,S0004161,cashlike,76356,EUR,bank_A,broker_Y
P0001621,S0002028,cashlike,50793,EUR,bank_A,broker_Z
P0001622,S0000008,cashlike,117783,EUR,bank_B,broker_Y
P0001623,S0000134,wire,88198,USD,bank_A,broker_X
P0001624,S0002810,cashlike,36808,EUR,bank_C,broker_X
P0001625,S0004743,letter_of_credit,84495,JPY,bank_A,broker_Z
P0001626,S0002715,cashlike,85882,USD,bank_C,broker_Y
P0001627,S0001436,cashlike,186571,USD,bank_C,broker_Y
P0001628,S0000652,wire,156324,USD,bank_A,broker_Z
P0001629,S0003388,letter_of_credit,170322,EUR,bank_C,broker_Z
P0001630,S0000463,wire,15619,JPY,bank_A,broker_Y
P0001631,S0003433,letter_of_credit,2012,EUR,bank_C,broker_X
P0001632,S0004886,letter_of_credit,36280,USD,bank_C,broker_X
P0001633,S0003093,wire,155744,JPY,bank_B,broker_X
P0001634,S0000756,letter_of_credit,62518,USD,bank_A,broker_Z
P0001635,S0004809,cashlike,12494,USD,bank_C,broker_Z
P0001636,S0000071,wire,122625,USD,bank_A,broker_X
P0001637,S0002753,letter_of_credit,197188,USD,bank_A,broker_X
P0001638,S0001162,wire,68770,JPY,bank_A,broker_Y
P0001639,S0001570,cashlike,193572,USD,bank_A,broker_Z
P0001640,S0000187,letter_of_credit,149712,JPY,bank_A,broker_X
P0001641,S0001307,letter_of_credit,135401,JPY,bank_C,broker_Z
P0001642,S0000939,letter_of_credit,122102,JPY,bank_C,broker_X
P0001643,S0003039,letter_of_credit,117241,JPY,bank_A,broker_Z
P0001644,S0003615,wire,43937,USD,bank_C,broker_Z
P0001645,S0003053,cashlike,37768,USD,bank_C,broker_Y
P0001646,S0000710,cashlike,153646,USD,bank_B,broker_Y
P0001647,S0004013,letter_of_credit,79174,EUR,bank_C,broker_Z
P0001648,S0001594,wire,18929,JPY,bank_A,broker_Z
P0001649,S0000894,wire,62990,EUR,bank_C,broker_X
P0001650,S0001743,wire,131920,EUR,bank_C,broker_Y
P0001651,S0004376,wire,52799,JPY,bank_A,broker_Z
P0001652,S0000821,cashlike,104708,USD,bank_C,broker_Y
P0001653,S0002496,cashlike,168052,EUR,bank_A,broker_X
P0001654,S0004168,letter_of_credit,73274,JPY,bank_A,broker_Z
P0001655,S0004969,letter_of_credit,190143,USD,bank_C,broker_Z
P0001656,S0003989,cashlike,197963,USD,bank_B,broker_X
P0001657,S0001813,wire,58435,USD,bank_A,broker_Z
P0001658,S0002192,cashlike,152998,EUR,bank_A,broker_Z
P0001659,S0002546,wire,180546,EUR,bank_C,broker_Z
P0001660,S0001665,cashlike,139872,USD,bank_B,broker_X
P0001661,S0003075,cashlike,58913,JPY,bank_B,broker_Y
P0001662,S0004083,wire,62123,EUR,bank_C,broker_Z
P0001663,S0002576,wire,14859,EUR,bank_C,broker_X
P0001664,S0002337,wire,101229,EUR,bank_B,broker_Y
P0001665,S0002734,cashlike,157526,EUR,bank_C,broker_Y
P0001666,S0004187,cashlike,127607,EUR,bank_B,broker_X
P0001667,S0002102,letter_of_credit,139173,JPY,bank_B,broker_Z
P0001668,S0003054,wire,80205,USD,bank_B,broker_Y
P0001669,S0000705,wire,104574,EUR,bank_B,broker_X
P0001670,S0003166,cashlike,132623,EUR,bank_B,broker_X
P0001671,S0001371,cashlike,149269,EUR,bank_B,broker_Y
P0001672,S0002850,wire,65501,USD,bank_B,broker_X
P0001673,S0004252,letter_of_credit,109728,USD,bank_B,broker_Y
P0001674,S0002183,letter_of_credit,109264,JPY,bank_A,broker_Z
P0001675,S0003519,cashlike,191902,EUR,bank_C,broker_Y
P0001676,S0000250,wire,89903,JPY,bank_B,broker_Y
P0001677,S0004053,cashlike,92885,JPY,bank_B,broker_X
P0001678,S0004878,letter_of_credit,157835,USD,bank_C,broker_Y
P0001679,S0001528,letter_of_credit,131976,EUR,bank_A,broker_X
P0001680,S0003199,cashlike,3677,USD,bank_A,broker_Y
P0001681,S0000033,letter_of_credit,45791,JPY,bank_A,broker_Z
P0001682,S0000934,wire,100126,USD,bank_A,broker_X
P0001683,S0001044,wire,117979,USD,bank_B,broker_Y
P0001684,S0001210,wire,167112,USD,bank_B,broker_Y
P0001685,S0003884,letter_of_credit,3983,JPY,bank_B,broker_Y
P0001686,S0004048,letter_of_credit,70895,JPY,bank_C,broker_Z
P0001687,S0000522,letter_of_credit,115408,EUR,bank_C,broker_Y
P0001688,S0002002,wire,47475,EUR,bank_B,broker_Y
P0001689,S0001431,wire,116319,USD,bank_C,broker_X
P0001690,S0004883,letter_of_credit,180567,USD,bank_C,broker_X
P0001691,S0002791,letter_of_credit,154518,EUR,bank_A,broker_Y
P0001692,S0001974,wire,92042,JPY,bank_C,broker_Z
P0001693,S0001315,cashlike,13956,USD,bank_A,broker_Y
P0001694,S0003131,cashlike,149177,EUR,bank_A,broker_X
P0001695,S0001122,cashlike,18762,JPY,bank_A,broker_Y
P0001696,S0003783,wire,112410,USD,bank_B,broker_X
P0001697,S0003883,wire,166448,EUR,bank_C,broker_Y
P0001698,S0001650,wire,148479,EUR,bank_A,broker_X
P0001699,S0003759,letter_of_credit,198842,EUR,bank_A,broker_X
P0001700,S0003440,wire,135797,USD,bank_B,broker_Y
P0001701,S0000937,wire,85820,JPY,bank_C,broker_Y
P0001702,S0000685,letter_of_credit,93021,USD,bank_B,broker_Z
P0001703,S0000582,letter_of_credit,37100,USD,bank_C,broker_Z
P0001704,S0001632,letter_of_credit,77534,EUR,bank_B,broker_Y
P0001705,S0004191,letter_of_credit,75199,JPY,bank_B,broker_Y
P0001706,S0003000,wire,78745,USD,bank_C,broker_Z
P0001707,S0002110,cashlike,58321,USD,bank_B,broker_Y
P0001708,S0004720,wire,184766,USD,bank_A,broker_Y
P0001709,S0001492,wire,123581,EUR,bank_C,broker_Y
P0001710,S0004511,cashlike,173384,USD,bank_A,broker_Z
P0001711,S0001549,wire,50878,USD,bank_A,broker_Z
P0001712,S0000833,wire,90535,EUR,bank_B,broker_X
P0001713,S0002850,cashlike,65042,USD,bank_A,broker_X
P0001714,S0003817,wire,185045,JPY,bank_C,broker_Y
P0001715,S0003253,cashlike,40004,JPY,bank_B,broker_Y
P0001716,S0002215,cashlike,1931,EUR,bank_C,broker_Z
P0001717,S0002248,wire,136418,USD,bank_C,broker_X
P0001718,S0000730,letter_of_credit,141846,EUR,bank_C,broker_Y
P0001719,S0001339,wire,150990,JPY,bank_B,broker_X
P0001720,S0001655,letter_of_credit,68715,JPY,bank_C,broker_Z
P0001721,S0003545,cashlike,118752,JPY,bank_A,broker_X
P0001722,S0003267,cashlike,30306,USD,bank_A,broker_Z
P0001723,S0001064,letter_of_credit,186512,EUR,bank_C,broker_Z
P0001724,S0004658,letter_of_credit,8680,USD,bank_C,broker_Z
P0001725,S0000941,letter_of_credit,42509,USD,bank_B,broker_Z
P0001726,S0004125,wire,16655,USD,bank_B,broker_Y
P0001727,S0003174,wire,176918,EUR,bank_A,broker_X
P0001728,S0000474,cashlike,198353,USD,bank_A,broker_Y
P0001729,S0002746,cashlike,14824,USD,bank_B,broker_Z
P0001730,S0003311,wire,115691,USD,bank_C,broker_Z
P0001731,S0004258,letter_of_credit,112687,USD,bank_B,broker_X
P0001732,S0002789,letter_of_credit,49290,JPY,bank_A,broker_Z
P0001733,S0002165,letter_of_credit,29709,USD,bank_A,broker_Y
P0001734,S0001942,wire,68039,JPY,bank_A,broker_Y
P0001735,S0004924,letter_of_credit,104577,USD,bank_B,broker_X
P0001736,S0000252,wire,165794,JPY,bank_A,broker_X
P0001737,S0000084,letter_of_credit,183199,USD,bank_A,broker_X
P0001738,S0000726,wire,63438,USD,bank_A,broker_Y
P0001739,S0000355,cashlike,62054,JPY,bank_A,broker_Y
P0001740,S0003557,letter_of_credit,195022,EUR,bank_A,broker_X
P0001741,S0004456,cashlike,55077,USD,bank_B,broker_X
P0001742,S0004643,wire,126032,EUR,bank_C,broker_Z
P0001743,S0000182,cashlike,165595,USD,bank_C,broker_Z
P0001744,S0004717,letter_of_credit,60098,JPY,bank_B,broker_X
P0001745,S0000120,cashlike,27215,USD,bank_A,broker_Y
P0001746,S0004500,wire,112992,EUR,bank_A,broker_Y
P0001747,S0001226,cashlike,2989,JPY,bank_C,broker_Y
P0001748,S0001927,letter_of_credit,18971,USD,bank_B,broker_Z
P0001749,S0002170,wire,104890,EUR,bank_B,broker_Z
P0001750,S0003096,cashlike,60884,JPY,bank_B,broker_X
P0001751,S0004613,cashlike,196059,JPY,bank_B,broker_X
P0001752,S0004256,wire,128395,EUR,bank_C,broker_Y
P0001753,S0000191,wire,192802,EUR,bank_C,broker_Z
P0001754,S0000845,cashlike,153895,EUR,bank_A,broker_X
P0001755,S0004441,wire,119158,EUR,bank_C,broker_Z
P0001756,S0002214,cashlike,123491,JPY,bank_C,broker_X
P0001757,S0000107,wire,156549,USD,bank_C,broker_Z
P0001758,S0002140,cashlike,18866,JPY,bank_A,broker_Z
P0001759,S0004862,letter_of_credit,49328,EUR,bank_C,broker_X
P0001760,S0002668,wire,22452,JPY,bank_C,broker_Y
P0001761,S0001027,letter_of_credit,13613,JPY,bank_C,broker_Y
P0001762,S0000210,wire,133392,EUR,bank_C,broker_X
P0001763,S0001570,cashlike,15122,USD,bank_C,broker_Y
P0001764,S0003852,wire,145968,USD,bank_C,broker_Z
P0001765,S0004595,letter_of_credit,185992,EUR,bank_B,broker_Y
P0001766,S0000445,wire,140109,JPY,bank_B,broker_Z
P0001767,S0000678,wire,40996,JPY,bank_A,broker_Z
P0001768,S0003187,letter_of_credit,170679,JPY,bank_B,broker_Y
P0001769,S0002447,letter_of_credit,89071,USD,bank_A,broker_Y
P0001770,S0001680,wire,181782,JPY,bank_B,broker_X
P0001771,S0001066,cashlike,10900,EUR,bank_B,broker_Z
P0001772,S0002466,wire,125013,JPY,bank_B,broker_X
P0001773,S0004932,letter_of_credit,70720,JPY,bank_B,broker_Z
P0001774,S0001928,cashlike,21936,JPY,bank_C,broker_Z
P0001775,S0000646,wire,176172,JPY,bank_B,broker_Y
P0001776,S0003568,wire,89713,EUR,bank_C,broker_Z
P0001777,S0000826,wire,127155,JPY,bank_B,broker_Z
P0001778,S0004567,letter_of_credit,62177,EUR,bank_A,broker_X
P0001779,S0001174,letter_of_credit,132844,EUR,bank_C,broker_Z
P0001780,S0002089,letter_of_credit,113337,EUR,bank_A,broker_Y
P0001781,S0000602,cashlike,36526,EUR,bank_B,broker_X
P0001782,S0002840,letter_of_credit,106242,USD,bank_C,broker_Z
P0001783,S0002434,cashlike,155927,USD,bank_B,broker_Y
P0001784,S0001638,cashlike,174905,JPY,bank_C,broker_X
P0001785,S0000272,letter_of_credit,40216,JPY,bank_A,broker_X
P0001786,S0004811,cashlike,26888,USD,bank_B,broker_X
P0001787,S0001629,letter_of_credit,80822,JPY,bank_B,broker_Z
P0001788,S0003115,wire,101501,USD,bank_C,broker_X
P0001789,S0004191,letter_of_credit,103400,EUR,bank_C,broker_X
P0001790,S0001173,cashlike,61039,JPY,bank_C,broker_Z
P0001791,S0001140,letter_of_credit,127126,EUR,bank_B,broker_Z
P0001792,S0003410,cashlike,138203,JPY,bank_B,broker_X
P0001793,S0003896,cashlike,44957,JPY,bank_A,broker_Y
P0001794,S0002106,wire,68607,USD,bank_C,broker_Z
P0001795,S0000674,wire,78382,EUR,bank_A,broker_Z
P0001796,S0000340,wire,145066,USD,bank_A,broker_Y
P0001797,S0001324,wire,89554,USD,bank_A,broker_Z
P0001798,S0002603,letter_of_credit,34390,USD,bank_B,broker_Y
P0001799,S0003774,letter_of_credit,46944,USD,bank_A,broker_Z
P0001800,S0004974,cashlike,48081,EUR,bank_A,broker_Z
P0001801,S0003846,wire,4607,JPY,bank_C,broker_Z
P0001802,S0000059,letter_of_credit,167944,JPY,bank_A,broker_Y
P0001803,S0002522,letter_of_credit,97035,EUR,bank_A,broker_Y
P0001804,S0002840,wire,40433,USD,bank_C,broker_X
P0001805,S0003735,cashlike,188666,JPY,bank_B,broker_X
P0001806,S0001509,cashlike,47771,JPY,bank_C,broker_Z
P0001807,S0004930,wire,145968,USD,bank_B,broker_Y
P0001808,S0002368,letter_of_credit,126178,EUR,bank_B,broker_X
P0001809,S0003779,wire,80336,USD,bank_A,broker_X
P0001810,S0003553,wire,92405,JPY,bank_B,broker_X
P0001811,S0003877,cashlike,42031,EUR,bank_C,broker_Z
P0001812,S0002356,letter_of_credit,12413,USD,bank_C,broker_Z
P0001813,S0000055,wire,135533,USD,bank_A,broker_X
P0001814,S0004397,cashlike,57656,USD,bank_A,broker_Z
P0001815,S0002353,wire,106208,JPY,bank_B,broker_X
P0001816,S0001640,letter_of_credit,15169,EUR,bank_A,broker_Y
P0001817,S0000489,letter_of_credit,178903,USD,bank_C,broker_Y
P0001818,S0001699,letter_of_credit,76919,USD,bank_C,broker_X
P0001819,S0003181,wire,2035,JPY,bank_C,broker_Z
P0001820,S0002691,cashlike,81579,EUR,bank_B,broker_Z
P0001821,S0001991,cashlike,90029,USD,bank_B,broker_X
P0001822,S0003490,wire,145356,USD,bank_B,broker_Z
P0001823,S0001483,letter_of_credit,3024,JPY,bank_A,broker_X
P0001824,S0000419,cashlike,192696,EUR,bank_A,broker_Y
P0001825,S0001029,letter_of_credit,5383,USD,bank_C,broker_X
P0001826,S0001312,wire,120420,USD,bank_C,broker_Y
P0001827,S0000165,letter_of_credit,85585,EUR,bank_C,broker_X
P0001828,S0004362,wire,48545,JPY,bank_C,broker_X
P0001829,S0000939,letter_of_credit,181469,JPY,bank_C,broker_X
P0001830,S0002514,letter_of_credit,128389,USD,bank_B,broker_Z
P0001831,S0002802,letter_of_credit,82952,USD,bank_C,broker_Z
P0001832,S0000027,wire,171407,EUR,bank_A,broker_Z
P0001833,S0003607,wire,93459,USD,bank_C,broker_X
P0001834,S0002647,letter_of_credit,25138,EUR,bank_C,broker_X
P0001835,S0004722,letter_of_credit,131852,JPY,bank_A,broker_Y
P0001836,S0004590,letter_of_credit,189140,JPY,bank_A,broker_Z
P0001837,S0004215,letter_of_credit,197654,EUR,bank_A,broker_X
P0001838,S0001706,wire,188768,EUR,bank_A,broker_X
P0001839,S0004490,letter_of_credit,7761,JPY,bank_C,broker_Y
P0001840,S0004365,letter_of_credit,60310,JPY,bank_C,broker_Y
P0001841,S0004767,wire,57801,EUR,bank_C,broker_Z
P0001842,S0003717,wire,199362,EUR,bank_A,broker_Y
P0001843,S0000748,cashlike,43538,EUR,bank_A,broker_X
P0001844,S0002325,cashlike,100250,EUR,bank_C,broker_Z
P0001845,S0002012,cashlike,71239,USD,bank_C,broker_Z
P0001846,S0003367,wire,191209,USD,bank_C,broker_Y
P0001847,S0002984,wire,120574,JPY,bank_C,broker_Z
P0001848,S0001585,wire,92657,JPY,bank_C,broker_Z
P0001849,S0002710,wire,13195,USD,bank_A,broker_Y
P0001850,S0003602,letter_of_credit,88670,JPY,bank_C,broker_Z
P0001851,S0002059,cashlike,106328,EUR,bank_B,broker_Y
P0001852,S0002634,cashlike,197750,USD,bank_C,broker_Z
P0001853,S0000196,wire,13109,EUR,bank_A,broker_X
P0001854,S0004826,cashlike,173438,JPY,bank_C,broker_Y
P0001855,S0002318,letter_of_credit,114509,JPY,bank_B,broker_Z
P0001856,S0004705,letter_of_credit,170952,USD,bank_A,broker_Z
P0001857,S0001302,wire,152173,JPY,bank_A,broker_X
P0001858,S0000448,wire,138706,EUR,bank_C,broker_X
P0001859,S0000582,letter_of_credit,3606,JPY,bank_C,broker_X
P0001860,S0003259,letter_of_credit,43484,USD,bank_B,broker_X
P0001861,S0001529,wire,196263,USD,bank_B,broker_X
P0001862,S0000001,wire,199473,JPY,bank_A,broker_Z
P0001863,S0002047,wire,90898,USD,bank_C,broker_Z
P0001864,S0001023,letter_of_credit,21235,EUR,bank_A,broker_Y
P0001865,S0003189,wire,39745,JPY,bank_B,broker_Y
P0001866,S0003095,letter_of_credit,5371,EUR,bank_A,broker_X
P0001867,S0003164,cashlike,159174,EUR,bank_B,broker_Y
P0001868,S0002805,cashlike,65087,EUR,bank_A,broker_X
P0001869,S0004239,letter_of_credit,108906,USD,bank_A,broker_X
P0001870,S0002587,wire,101125,USD,bank_C,broker_Z
P0001871,S0002948,cashlike,126268,USD,bank_C,broker_Z
P0001872,S0003918,wire,43818,USD,bank_B,broker_Y
P0001873,S0000175,cashlike,119188,USD,bank_A,broker_Z
P0001874,S0002889,wire,174998,USD,bank_C,broker_X
P0001875,S0001152,letter_of_credit,147083,JPY,bank_C,broker_Z
P0001876,S0001463,letter_of_credit,100073,EUR,bank_A,broker_Y
P0001877,S0004686,cashlike,129701,USD,bank_B,broker_X
P0001878,S0002096,cashlike,47634,JPY,bank_B,broker_Z
P0001879,S0002907,letter_of_credit,64535,EUR,bank_C,broker_Z
P0001880,S0000306,wire,147661,JPY,bank_B,broker_X
P0001881,S0000234,wire,198261,JPY,bank_C,broker_Z
P0001882,S0003386,letter_of_credit,165970,EUR,bank_C,broker_Y
P0001883,S0002760,letter_of_credit,34126,USD,bank_C,broker_Y
P0001884,S0001010,wire,147600,JPY,bank_C,broker_X
P0001885,S0002187,wire,43534,USD,bank_B,broker_Y
P0001886,S0003647,letter_of_credit,104349,USD,bank_C,broker_X
P0001887,S0004056,cashlike,185637,EUR,bank_C,broker_X
P0001888,S0004758,wire,69044,JPY,bank_B,broker_X
P0001889,S0003987,cashlike,25933,JPY,bank_B,broker_X
P0001890,S0002013,letter_of_credit,59161,JPY,bank_C,broker_Z
P0001891,S0004800,wire,165701,EUR,bank_C,broker_X
P0001892,S0003764,wire,109967,JPY,bank_A,broker_X
P0001893,S0004903,wire,14903,JPY,bank_A,broker_X
P0001894,S0001634,letter_of_credit,17924,EUR,bank_A,broker_Y
P0001895,S0000299,letter_of_credit,54254,JPY,bank_A,broker_Z
P0001896,S0004375,cashlike,185864,JPY,bank_A,broker_Y
P0001897,S0001363,wire,9756,USD,bank_A,broker_Z
P0001898,S0002732,cashlike,119336,USD,bank_C,broker_X
P0001899,S0000486,wire,2085,JPY,bank_C,broker_X
P0001900,S0004824,cashlike,134834,USD,bank_A,broker_Z
P0001901,S0003898,wire,69452,USD,bank_C,broker_Z
P0001902,S0000352,wire,120813,USD,bank_B,broker_X
P0001903,S0001694,wire,17048,USD,bank_A,broker_X
P0001904,S0001534,cashlike,114516,JPY,bank_A,broker_X
P0001905,S0002822,letter_of_credit,92273,USD,bank_A,broker_Z
P0001906,S0004006,letter_of_credit,85178,USD,bank_A,broker_X
P0001907,S0000835,letter_of_credit,195285,JPY,bank_A,broker_Z
P0001908,S0002168,wire,92216,EUR,bank_B,broker_Z
P0001909,S0002083,wire,27556,EUR,bank_B,broker_Y
P0001910,S0004825,wire,135470,USD,bank_C,broker_X
P0001911,S0001836,letter_of_credit,199433,JPY,bank_C,broker_Z
P0001912,S0001128,cashlike,9006,EUR,bank_A,broker_Y
P0001913,S0000275,cashlike,64654,EUR,bank_C,broker_X
P0001914,S0001393,cashlike,51610,EUR,bank_B,broker_Z
P0001915,S0002964,wire,108049,JPY,bank_A,broker_X
P0001916,S0002822,letter_of_credit,183033,EUR,bank_C,broker_X
P0001917,S0002743,letter_of_credit,74885,EUR,bank_A,broker_X
P0001918,S0001640,cashlike,153509,JPY,bank_C,broker_Y
P0001919,S0001429,cashlike,125486,EUR,bank_B,broker_Z
P0001920,S0002869,letter_of_credit,130447,USD,bank_A,broker_X
P0001921,S0000131,letter_of_credit,107822,EUR,bank_C,broker_X
P0001922,S0003120,wire,153395,USD,bank_B,broker_X
P0001923,S0001186,letter_of_credit,23281,USD,bank_A,broker_Y
P0001924,S0004516,letter_of_credit,111740,EUR,bank_C,broker_Y
P0001925,S0003995,wire,145069,JPY,bank_C,broker_X
P0001926,S0000343,cashlike,70842,JPY,bank_C,broker_X
P0001927,S0004436,letter_of_credit,85775,JPY,bank_A,broker_X
P0001928,S0001370,cashlike,167525,EUR,bank_B,broker_Y
P0001929,S0000251,wire,35077,USD,bank_C,broker_Z
P0001930,S0003332,wire,67403,USD,bank_B,broker_Y
P0001931,S0004918,cashlike,121943,EUR,bank_A,broker_Z
P0001932,S0001463,wire,41418,USD,bank_C,broker_X
P0001933,S0001832,cashlike,91991,JPY,bank_C,broker_X
P0001934,S0004440,letter_of_credit,59760,EUR,bank_C,broker_X
P0001935,S0000136,wire,71911,JPY,bank_B,broker_Y
P0001936,S0002878,letter_of_credit,146969,EUR,bank_C,broker_Y
P0001937,S0003462,wire,178192,JPY,bank_B,broker_Z
P0001938,S0002299,cashlike,88170,JPY,bank_C,broker_Z
P0001939,S0003865,wire,51976,USD,bank_A,broker_Y
P0001940,S0002610,letter_of_credit,142762,USD,bank_C,broker_X
P0001941,S0003097,letter_of_credit,183267,USD,bank_A,broker_Y
P0001942,S0000797,letter_of_credit,95162,USD,bank_B,broker_X
P0001943,S0000682,letter_of_credit,139315,USD,bank_C,broker_Y
P0001944,S0003622,wire,92971,JPY,bank_C,broker_X
P0001945,S0003665,letter_of_credit,76793,EUR,bank_C,broker_Z
P0001946,S0002558,letter_of_credit,29978,EUR,bank_C,broker_Y
P0001947,S0004318,cashlike,140846,EUR,bank_C,broker_Z
P0001948,S0003865,cashlike,52438,EUR,bank_C,broker_Y
P0001949,S0004087,wire,172660,JPY,bank_A,broker_X
P0001950,S0000809,letter_of_credit,149976,JPY,bank_B,broker_Y
P0001951,S0002923,wire,180545,JPY,bank_C,broker_X
P0001952,S0000291,cashlike,43386,USD,bank_A,broker_Y
P0001953,S0003301,cashlike,187546,EUR,bank_C,broker_Y
P0001954,S0001598,wire,99136,JPY,bank_B,broker_X
P0001955,S0001186,wire,37961,JPY,bank_C,broker_Y
P0001956,S0000376,letter_of_credit,106049,JPY,bank_B,broker_Z
P0001957,S0004224,letter_of_credit,27221,JPY,bank_B,broker_Z
P0001958,S0000293,letter_of_credit,32362,USD,bank_B,broker_X
P0001959,S0004832,letter_of_credit,183920,USD,bank_C,broker_Z
P0001960,S0003859,wire,190437,JPY,bank_B,broker_Z
P0001961,S0000451,letter_of_credit,47812,JPY,bank_C,broker_Z
P0001962,S0004754,letter_of_credit,123774,USD,bank_C,broker_Z
P0001963,S0000299,letter_of_credit,28607,JPY,bank_B,broker_Z
P0001964,S0000714,letter_of_credit,106874,EUR,bank_C,broker_Y
P0001965,S0001743,letter_of_credit,131838,EUR,bank_A,broker_Z
P0001966,S0003709,wire,137908,EUR,bank_C,broker_Z
P0001967,S0002840,letter_of_credit,91717,EUR,bank_A,broker_X
P0001968,S0003123,cashlike,86472,JPY,bank_C,broker_X
P0001969,S0003215,cashlike,139915,EUR,bank_B,broker_X
P0001970,S0001562,letter_of_credit,159441,EUR,bank_A,broker_X
P0001971,S0003765,wire,120910,JPY,bank_C,broker_Y
P0001972,S0004451,wire,63775,JPY,bank_C,broker_Z
P0001973,S0004571,letter_of_credit,115888,USD,bank_B,broker_Z
P0001974,S0003540,wire,42143,JPY,bank_A,broker_Z
P0001975,S0002595,letter_of_credit,143974,USD,bank_C,broker_Z
P0001976,S0001804,cashlike,18470,EUR,bank_C,broker_X
P0001977,S0002903,wire,169176,JPY,bank_C,broker_Y
P0001978,S0004331,cashlike,137600,EUR,bank_B,broker_Y
P0001979,S0002048,cashlike,28382,USD,bank_A,broker_X
P0001980,S0001464,cashlike,35853,USD,bank_A,broker_Y
P0001981,S0000012,letter_of_credit,71184,EUR,bank_A,broker_X
P0001982,S0000143,cashlike,6350,USD,bank_C,broker_Y
P0001983,S0000181,cashlike,49665,JPY,bank_B,broker_X
P0001984,S0002692,letter_of_credit,108176,JPY,bank_C,broker_X
P0001985,S0004240,cashlike,194415,JPY,bank_C,broker_X
P0001986,S0002079,wire,173139,JPY,bank_C,broker_Y
P0001987,S0000116,wire,49308,EUR,bank_C,broker_Z
P0001988,S0004179,wire,117013,JPY,bank_B,broker_X
P0001989,S0002225,letter_of_credit,50916,EUR,bank_C,broker_Y
P0001990,S0003084,wire,32091,JPY,bank_C,broker_X
P0001991,S0003443,wire,121610,EUR,bank_C,broker_Y
P0001992,S0000858,letter_of_credit,145035,JPY,bank_A,broker_X
P0001993,S0004864,wire,137565,USD,bank_B,broker_Z
P0001994,S0003155,wire,190907,EUR,bank_B,broker_X
P0001995,S0002488,wire,131262,JPY,bank_C,broker_Z
P0001996,S0004048,wire,58270,USD,bank_B,broker_Y
P0001997,S0002673,letter_of_credit,143924,JPY,bank_B,broker_Y
P0001998,S0002323,cashlike,108194,USD,bank_A,broker_Z
P0001999,S0004017,cashlike,142705,JPY,bank_C,broker_Y
P0002000,S0002525,wire,71892,JPY,bank_A,broker_Z
P0002001,S0002980,cashlike,145309,JPY,bank_C,broker_X
P0002002,S0004210,cashlike,27025,JPY,bank_A,broker_Z
P0002003,S0003621,letter_of_credit,69055,USD,bank_B,broker_Y
P0002004,S0001349,letter_of_credit,26060,EUR,bank_C,broker_Y
P0002005,S0001376,letter_of_credit,31135,JPY,bank_B,broker_X
P0002006,S0000048,wire,11446,EUR,bank_B,broker_X
P0002007,S0003135,letter_of_credit,194017,EUR,bank_C,broker_Z
P0002008,S0001139,wire,76586,EUR,bank_A,broker_Y
P0002009,S0004642,cashlike,139301,JPY,bank_C,broker_Z
P0002010,S0004296,cashlike,167246,JPY,bank_A,broker_X
P0002011,S0002909,letter_of_credit,26664,USD,bank_C,broker_Y
P0002012,S0002270,letter_of_credit,98648,EUR,bank_C,broker_Y
P0002013,S0004279,wire,24501,USD,bank_A,broker_Z
P0002014,S0001339,letter_of_credit,89859,JPY,bank_B,broker_Z
P0002015,S0002856,cashlike,178084,USD,bank_C,broker_Y
P0002016,S0002104,cashlike,122976,JPY,bank_B,broker_Z
P0002017,S0001774,wire,153844,EUR,bank_C,broker_Z
P0002018,S0002778,wire,146164,USD,bank_A,broker_X
P0002019,S0000226,wire,176022,EUR,bank_A,broker_Y
P0002020,S0002792,letter_of_credit,139012,USD,bank_A,broker_Z
P0002021,S0000941,wire,38156,JPY,bank_C,broker_X
P0002022,S0002575,wire,171307,JPY,bank_B,broker_X
P0002023,S0001956,wire,181506,JPY,bank_A,broker_X
P0002024,S0000016,letter_of_credit,96746,USD,bank_B,broker_Y
P0002025,S0002406,cashlike,79596,EUR,bank_B,broker_Z
P0002026,S0000514,cashlike,143270,JPY,bank_C,broker_Y
P0002027,S0002084,letter_of_credit,191263,EUR,bank_C,broker_Y
P0002028,S0001424,letter_of_credit,117276,USD,bank_C,broker_X
P0002029,S0004699,wire,175229,USD,bank_A,broker_Z
P0002030,S0004119,wire,105927,JPY,bank_A,broker_Y
P0002031,S0001949,wire,151774,EUR,bank_A,broker_X
P0002032,S0003866,wire,123702,USD,bank_B,broker_Y
P0002033,S0000606,wire,93854,JPY,bank_C,broker_Z
P0002034,S0001694,cashlike,120373,JPY,bank_A,broker_Z
P0002035,S0000070,letter_of_credit,161243,EUR,bank_B,broker_X
P0002036,S0000988,wire,25425,JPY,bank_B,broker_X
P0002037,S0000159,wire,71448,USD,bank_A,broker_Z
P0002038,S0002000,wire,164126,USD,bank_B,broker_Y
P0002039,S0002794,wire,52766,JPY,bank_B,broker_Y
P0002040,S0000791,wire,27942,JPY,bank_A,broker_Z
P0002041,S0003295,wire,108383,JPY,bank_B,broker_Y
P0002042,S0004074,wire,127148,JPY,bank_A,broker_X
P0002043,S0004447,wire,41081,EUR,bank_C,broker_Z
P0002044,S0000671,cashlike,96401,JPY,bank_B,broker_Z
P0002045,S0002460,letter_of_credit,69001,EUR,bank_A,broker_Z
P0002046,S0004000,cashlike,132349,JPY,bank_C,broker_Z
P0002047,S0004145,letter_of_credit,73515,USD,bank_C,broker_X
P0002048,S0004844,letter_of_credit,46193,EUR,bank_B,broker_X
P0002049,S0004059,letter_of_credit,141644,EUR,bank_A,broker_Y
P0002050,S0000258,wire,85932,USD,bank_C,broker_Y
P0002051,S0004750,wire,64645,USD,bank_A,broker_Y
P0002052,S0004168,letter_of_credit,131597,USD,bank_B,broker_Z
P0002053,S0002699,letter_of_credit,54372,EUR,bank_B,broker_Z
P0002054,S0001655,wire,88882,JPY,bank_C,broker_Z
P0002055,S0001048,letter_of_credit,79428,USD,bank_A,broker_X
P0002056,S0002490,letter_of_credit,184457,JPY,bank_B,broker_X
P0002057,S0003582,wire,166285,USD,bank_B,broker_X
P0002058,S0004302,wire,123309,USD,bank_B,broker_Y
P0002059,S0002349,cashlike,39647,JPY,bank_B,broker_Y
P0002060,S0003314,letter_of_credit,180580,USD,bank_C,broker_X
P0002061,S0001961,wire,162617,USD,bank_A,broker_X
P0002062,S0004632,cashlike,138402,JPY,bank_B,broker_X
P0002063,S0003128,cashlike,113151,EUR,bank_B,broker_X
P0002064,S0001649,cashlike,37076,EUR,bank_B,broker_Y
P0002065,S0003332,letter_of_credit,4447,EUR,bank_B,broker_X
P0002066,S0002878,letter_of_credit,138066,USD,bank_C,broker_Z
P0002067,S0000979,wire,127957,JPY,bank_C,broker_Z
P0002068,S0004027,cashlike,156478,EUR,bank_A,broker_Z
P0002069,S0002487,cashlike,48925,USD,bank_A,broker_Z
P0002070,S0002277,wire,6290,USD,bank_B,broker_X
P0002071,S0000652,letter_of_credit,49614,JPY,bank_A,broker_X
P0002072,S0003402,cashlike,101928,USD,bank_C,broker_Z
P0002073,S0001467,letter_of_credit,42867,EUR,bank_C,broker_X
P0002074,S0000716,letter_of_credit,157871,EUR,bank_B,broker_Z
P0002075,S0002032,letter_of_credit,150306,EUR,bank_A,broker_Y
P0002076,S0000777,wire,93402,USD,bank_C,broker_Z
P0002077,S0002860,wire,1238,EUR,bank_B,broker_Z
P0002078,S0001319,letter_of_credit,161815,USD,bank_A,broker_Y
P0002079,S0001156,letter_of_credit,118468,JPY,bank_C,broker_X
P0002080,S0001784,letter_of_credit,71384,USD,bank_B,broker_Z
P0002081,S0002415,letter_of_credit,192254,EUR,bank_B,broker_Y
P0002082,S0002726,wire,89223,USD,bank_C,broker_Z
P0002083,S0004758,wire,145663,EUR,bank_C,broker_Z
P0002084,S0000710,letter_of_credit,125688,USD,bank_A,broker_X
P0002085,S0003108,wire,140154,EUR,bank_B,broker_X
P0002086,S0004544,letter_of_credit,194402,USD,bank_A,broker_Y
P0002087,S0004546,wire,44745,JPY,bank_B,broker_X
P0002088,S0003623,letter_of_credit,124168,USD,bank_B,broker_Z
P0002089,S0000530,wire,75207,USD,bank_B,broker_Y
P0002090,S0003100,letter_of_credit,73915,USD,bank_B,broker_X
P0002091,S0004105,cashlike,48378,JPY,bank_C,broker_Y
P0002092,S0004855,letter_of_credit,60182,USD,bank_C,broker_Z
P0002093,S0004817,letter_of_credit,115930,EUR,bank_C,broker_X
P0002094,S0004356,letter_of_credit,144408,USD,bank_B,broker_Y
P0002095,S0002541,letter_of_credit,157273,JPY,bank_C,broker_Y
P0002096,S0000479,cashlike,150103,JPY,bank_A,broker_Y
P0002097,S0002627,cashlike,93858,JPY,bank_C,broker_Z
P0002098,S0003668,wire,58722,EUR,bank_A,broker_Y
P0002099,S0002779,wire,58847,USD,bank_A,broker_Y
P0002100,S0004343,cashlike,111517,JPY,bank_B,broker_Y
P0002101,S0001269,letter_of_credit,132269,USD,bank_C,broker_Z
P0002102,S0001315,cashlike,149583,EUR,bank_B,broker_Y
P0002103,S0000547,wire,92165,EUR,bank_A,broker_X
P0002104,S0000418,letter_of_credit,170994,USD,bank_C,broker_Y
P0002105,S0002149,wire,173790,EUR,bank_C,broker_Y
P0002106,S0004184,cashlike,113209,USD,bank_B,broker_Z
P0002107,S0002722,letter_of_credit,75834,USD,bank_A,broker_X
P0002108,S0001128,cashlike,182627,EUR,bank_C,broker_X
P0002109,S0002526,cashlike,174045,USD,bank_B,broker_X
P0002110,S0001796,wire,70767,EUR,bank_B,broker_X
P0002111,S0003646,cashlike,124020,EUR,bank_B,broker_X
P0002112,S0001663,cashlike,39536,JPY,bank_A,broker_Y
P0002113,S0002371,wire,103305,USD,bank_A,broker_Y
P0002114,S0004677,letter_of_credit,17098,EUR,bank_A,broker_Y
P0002115,S0001659,letter_of_credit,174178,EUR,bank_A,broker_Y
P0002116,S0001693,cashlike,12076,JPY,bank_C,broker_Z
P0002117,S0001666,letter_of_credit,102660,USD,bank_B,broker_Z
P0002118,S0000816,cashlike,107965,USD,bank_A,broker_Y
P0002119,S0000565,letter_of_credit,180876,JPY,bank_B,broker_Z
P0002120,S0003709,wire,17822,USD,bank_B,broker_X
P0002121,S0002811,wire,46323,JPY,bank_C,broker_X
P0002122,S0001366,cashlike,76606,EUR,bank_B,broker_Z
P0002123,S0000643,cashlike,182248,JPY,bank_B,broker_X
P0002124,S0000684,letter_of_credit,32005,EUR,bank_C,broker_Z
P0002125,S0002120,letter_of_credit,118207,USD,bank_B,broker_X
P0002126,S0003379,letter_of_credit,25575,EUR,bank_B,broker_Y
P0002127,S0000123,letter_of_credit,47672,EUR,bank_B,broker_Z
P0002128,S0002075,wire,87153,JPY,bank_B,broker_Y
P0002129,S0001052,letter_of_credit,44545,USD,bank_B,broker_Y
P0002130,S0002758,letter_of_credit,62995,USD,bank_B,broker_X
P0002131,S0002116,wire,191658,EUR,bank_C,broker_X
P0002132,S0004000,wire,142312,JPY,bank_C,broker_Z
P0002133,S0003707,wire,106823,JPY,bank_B,broker_Y
P0002134,S0004895,cashlike,191203,JPY,bank_A,broker_X
P0002135,S0004411,wire,105934,EUR,bank_C,broker_X
P0002136,S0004555,wire,61668,USD,bank_C,broker_Y
P0002137,S0002211,letter_of_credit,197021,USD,bank_A,broker_X
P0002138,S0004544,letter_of_credit,127355,JPY,bank_C,broker_X
P0002139,S0002159,wire,149445,EUR,bank_B,broker_X
P0002140,S0001687,cashlike,49508,JPY,bank_B,broker_X
P0002141,S0003525,wire,135580,USD,bank_C,broker_Z
P0002142,S0002520,cashlike,72035,EUR,bank_B,broker_X
P0002143,S0003283,letter_of_credit,97671,JPY,bank_C,broker_Y
P0002144,S0003924,wire,165196,USD,bank_A,broker_Z
P0002145,S0002012,wire,193537,EUR,bank_B,broker_Y
P0002146,S0002978,wire,79229,JPY,bank_C,broker_Y
P0002147,S0001566,cashlike,54069,USD,bank_B,broker_Y
P0002148,S0001603,wire,129583,USD,bank_B,broker_Z
P0002149,S0003614,wire,19115,USD,bank_A,broker_X
P0002150,S0002456,letter_of_credit,12794,USD,bank_B,broker_X
P0002151,S0004065,wire,14307,EUR,bank_B,broker_X
P0002152,S0003979,cashlike,179653,JPY,bank_A,broker_X
P0002153,S0001889,cashlike,38561,USD,bank_B,broker_X
P0002154,S0003470,letter_of_credit,121028,EUR,bank_C,broker_Z
P0002155,S0001973,letter_of_credit,17879,JPY,bank_C,broker_Z
P0002156,S0004307,cashlike,106716,USD,bank_C,broker_Y
P0002157,S0001276,cashlike,176694,JPY,bank_C,broker_X
P0002158,S0001951,letter_of_credit,132856,USD,bank_B,broker_Z
P0002159,S0004575,wire,59739,JPY,bank_B,broker_Z
P0002160,S0000409,cashlike,13190,USD,bank_A,broker_X
P0002161,S0003102,cashlike,59192,EUR,bank_A,broker_Y
P0002162,S0003224,wire,143905,USD,bank_B,broker_X
P0002163,S0002357,cashlike,78593,USD,bank_A,broker_X
P0002164,S0001784,cashlike,8339,EUR,bank_C,broker_Z
P0002165,S0004595,wire,66430,USD,bank_C,broker_Y
P0002166,S0003333,letter_of_credit,164067,EUR,bank_C,broker_Y
P0002167,S0001963,cashlike,188485,USD,bank_B,broker_Z
P0002168,S0001274,wire,158791,EUR,bank_C,broker_Z
P0002169,S0002254,cashlike,71168,EUR,bank_A,broker_Z
P0002170,S0004174,wire,66075,USD,bank_A,broker_Z
P0002171,S0004940,cashlike,137685,USD,bank_B,broker_Y
P0002172,S0004643,cashlike,189663,EUR,bank_C,broker_Y
P0002173,S0001283,cashlike,36549,JPY,bank_B,broker_X
P0002174,S0002627,wire,152292,EUR,bank_C,broker_Z
P0002175,S0000732,letter_of_credit,125207,EUR,bank_B,broker_X
P0002176,S0004523,cashlike,188303,EUR,bank_B,broker_Y
P0002177,S0002003,letter_of_credit,104867,JPY,bank_A,broker_Y
P0002178,S0001344,cashlike,60336,JPY,bank_C,broker_Y
P0002179,S0004198,wire,177892,JPY,bank_C,broker_X
P0002180,S0004659,cashlike,46601,JPY,bank_B,broker_Y
P0002181,S0004471,wire,34870,JPY,bank_C,broker_Z
P0002182,S0001476,cashlike,170455,JPY,bank_C,broker_Y
P0002183,S0000619,letter_of_credit,176601,USD,bank_B,broker_Z
P0002184,S0000010,cashlike,95257,EUR,bank_A,broker_Y
P0002185,S0001150,letter_of_credit,6915,EUR,bank_A,broker_Z
P0002186,S0003793,wire,57438,EUR,bank_A,broker_X
P0002187,S0002238,letter_of_credit,100953,JPY,bank_A,broker_Z
P0002188,S0002138,wire,169236,JPY,bank_A,broker_Z
P0002189,S0000048,letter_of_credit,123139,JPY,bank_A,broker_X
P0002190,S0004902,letter_of_credit,79633,EUR,bank_B,broker_X
P0002191,S0003710,letter_of_credit,71738,JPY,bank_A,broker_X
P0002192,S0002034,wire,108884,EUR,bank_B,broker_Z
P0002193,S0002559,wire,71810,JPY,bank_B,broker_X
P0002194,S0004886,letter_of_credit,185648,JPY,bank_A,broker_Y
P0002195,S0003686,letter_of_credit,86307,JPY,bank_C,broker_Z
P0002196,S0002370,wire,15231,JPY,bank_B,broker_Z
P0002197,S0001623,wire,114238,EUR,bank_B,broker_X
P0002198,S0003292,wire,124420,USD,bank_A,broker_Z
P0002199,S0001967,wire,122347,EUR,bank_C,broker_X
P0002200,S0002592,wire,181112,JPY,bank_A,broker_Y
P0002201,S0000794,wire,171796,JPY,bank_A,broker_Y
P0002202,S0004806,cashlike,194269,JPY,bank_C,broker_Y
P0002203,S0001087,letter_of_credit,173539,JPY,bank_C,broker_X
P0002204,S0001864,cashlike,33689,USD,bank_C,broker_X
P0002205,S0000106,letter_of_credit,1777,EUR,bank_C,broker_Y
P0002206,S0002606,wire,143772,USD,bank_C,broker_Y
P0002207,S0003149,wire,150480,EUR,bank_A,broker_Y
P0002208,S0003708,wire,3303,EUR,bank_C,broker_Z
P0002209,S0000570,cashlike,157917,USD,bank_A,broker_X
P0002210,S0001129,cashlike,173353,USD,bank_C,broker_X
P0002211,S0000489,cashlike,145679,JPY,bank_B,broker_Z
P0002212,S0001047,wire,98788,EUR,bank_B,broker_Z
P0002213,S0001088,cashlike,87349,USD,bank_B,broker_X
P0002214,S0003938,cashlike,137282,JPY,bank_B,broker_X
P0002215,S0003500,cashlike,1823,JPY,bank_A,broker_Z
P0002216,S0001072,cashlike,169020,EUR,bank_B,broker_Y
P0002217,S0003960,letter_of_credit,23707,EUR,bank_A,broker_Z
P0002218,S0004677,letter_of_credit,178308,EUR,bank_A,broker_Y
P0002219,S0001779,letter_of_credit,25729,USD,bank_B,broker_Y
P0002220,S0001903,cashlike,145690,JPY,bank_A,broker_Z
P0002221,S0004356,letter_of_credit,109288,USD,bank_A,broker_X
P0002222,S0002600,wire,54066,JPY,bank_B,broker_Y
P0002223,S0004716,cashlike,40193,USD,bank_A,broker_Z
P0002224,S0001235,letter_of_credit,47793,JPY,bank_A,broker_X
P0002225,S0001378,wire,53749,USD,bank_C,broker_X
P0002226,S0002563,cashlike,135580,JPY,bank_C,broker_X
P0002227,S0002779,letter_of_credit,188695,EUR,bank_C,broker_Z
P0002228,S0000595,letter_of_credit,17461,EUR,bank_C,broker_X
P0002229,S0000144,letter_of_credit,156458,JPY,bank_B,broker_X
P0002230,S0004419,letter_of_credit,159020,JPY,bank_A,broker_X
P0002231,S0001915,wire,199719,EUR,bank_A,broker_Y
P0002232,S0003845,cashlike,35537,EUR,bank_A,broker_Z
P0002233,S0000032,letter_of_credit,61834,USD,bank_B,broker_Z
P0002234,S0000287,letter_of_credit,193517,JPY,bank_C,broker_Z
P0002235,S0003641,cashlike,82383,USD,bank_B,broker_Y
P0002236,S0000848,cashlike,121031,JPY,bank_B,broker_X
P0002237,S0004614,wire,38873,JPY,bank_A,broker_Z
P0002238,S0003408,letter_of_credit,168031,JPY,bank_A,broker_X
P0002239,S0002443,cashlike,32252,JPY,bank_B,broker_Y
P0002240,S0001135,letter_of_credit,154454,EUR,bank_B,broker_X
P0002241,S0000912,letter_of_credit,9791,EUR,bank_B,broker_Z
P0002242,S0000988,cashlike,71876,USD,bank_A,broker_Y
P0002243,S0004865,letter_of_credit,61094,EUR,bank_A,broker_Y
P0002244,S0000679,letter_of_credit,15834,USD,bank_B,broker_X
P0002245,S0001826,letter_of_credit,127877,EUR,bank_B,broker_Z
P0002246,S0001206,letter_of_credit,129311,EUR,bank_A,broker_Y
P0002247,S0003277,letter_of_credit,59366,JPY,bank_A,broker_X
P0002248,S0003787,letter_of_credit,144462,EUR,bank_A,broker_Z
P0002249,S0002896,letter_of_credit,160328,USD,bank_C,broker_X
P0002250,S0002767,letter_of_credit,81351,JPY,bank_C,broker_X
P0002251,S0003835,wire,90848,USD,bank_B,broker_Y
P0002252,S0000231,wire,189485,JPY,bank_A,broker_Z
P0002253,S0000724,letter_of_credit,98712,EUR,bank_A,broker_Y
P0002254,S0004737,letter_of_credit,88764,EUR,bank_A,broker_Z
P0002255,S0001006,cashlike,115938,EUR,bank_B,broker_Z
P0002256,S0003700,cashlike,46135,JPY,bank_A,broker_Y
P0002257,S0000580,cashlike,18570,USD,bank_A,broker_Y
P0002258,S0003959,cashlike,195504,EUR,bank_B,broker_Z
P0002259,S0004883,wire,19680,USD,bank_A,broker_Z
P0002260,S0004993,cashlike,174548,USD,bank_C,broker_X
P0002261,S0000933,cashlike,179447,EUR,bank_B,broker_X
P0002262,S0004690,letter_of_credit,186914,EUR,bank_A,broker_Z
P0002263,S0001114,cashlike,17434,USD,bank_C,broker_X
P0002264,S0004094,wire,53738,JPY,bank_B,broker_Y
P0002265,S0000076,wire,3254,USD,bank_B,broker_X
P0002266,S0001277,letter_of_credit,198648,USD,bank_A,broker_Z
P0002267,S0002545,wire,123986,EUR,bank_A,broker_X
P0002268,S0003512,letter_of_credit,66874,EUR,bank_C,broker_Y
P0002269,S0001204,letter_of_credit,198663,USD,bank_A,broker_X
P0002270,S0000083,cashlike,43506,EUR,bank_C,broker_Y
P0002271,S0003811,letter_of_credit,153290,USD,bank_A,broker_X
P0002272,S0001793,wire,147874,JPY,bank_A,broker_Y
P0002273,S0004393,wire,85321,EUR,bank_B,broker_Y
P0002274,S0002591,wire,144112,USD,bank_C,broker_X
P0002275,S0000330,cashlike,19004,USD,bank_C,broker_X
P0002276,S0002511,cashlike,120922,EUR,bank_C,broker_X
P0002277,S0001928,wire,170842,EUR,bank_A,broker_Y
P0002278,S0003656,wire,8585,JPY,bank_A,broker_X
P0002279,S0000600,wire,130490,JPY,bank_A,broker_Z
P0002280,S0001901,cashlike,41108,JPY,bank_C,broker_X
P0002281,S0000625,cashlike,127598,EUR,bank_B,broker_X
P0002282,S0002122,wire,145167,USD,bank_B,broker_Z
P0002283,S0001370,wire,101114,USD,bank_B,broker_Y
P0002284,S0004450,cashlike,152885,JPY,bank_B,broker_Z
P0002285,S0004756,letter_of_credit,122100,EUR,bank_C,broker_Z
P0002286,S0000585,wire,135691,JPY,bank_B,broker_X
P0002287,S0000633,wire,165376,JPY,bank_A,broker_Z
P0002288,S0001314,cashlike,69307,JPY,bank_C,broker_Z
P0002289,S0001218,letter_of_credit,146388,JPY,bank_B,broker_X
P0002290,S0001081,letter_of_credit,139604,EUR,bank_B,broker_Y
P0002291,S0003813,cashlike,170021,EUR,bank_A,broker_X
P0002292,S0003715,letter_of_credit,35203,USD,bank_C,broker_Y
P0002293,S0002627,wire,147760,JPY,bank_B,broker_Y
P0002294,S0003864,wire,147543,EUR,bank_B,broker_X
P0002295,S0004538,letter_of_credit,84966,USD,bank_A,broker_X
P0002296,S0004845,cashlike,50235,EUR,bank_B,broker_Y
P0002297,S0001001,wire,155823,JPY,bank_B,broker_X
P0002298,S0000847,letter_of_credit,45358,JPY,bank_C,broker_Y
P0002299,S0000365,wire,152404,JPY,bank_C,broker_Z
P0002300,S0001012,cashlike,121674,JPY,bank_C,broker_Z
P0002301,S0000283,cashlike,134450,USD,bank_C,broker_Y
P0002302,S0004459,letter_of_credit,81334,JPY,bank_B,broker_Y
P0002303,S0001263,wire,122112,EUR,bank_C,broker_Z
P0002304,S0004563,letter_of_credit,143755,USD,bank_C,broker_Y
P0002305,S0002968,cashlike,173494,EUR,bank_C,broker_Y
P0002306,S0000572,wire,142779,JPY,bank_C,broker_X
P0002307,S0001368,letter_of_credit,118512,USD,bank_C,broker_Z
P0002308,S0001769,letter_of_credit,26966,JPY,bank_C,broker_Z
P0002309,S0003166,wire,20655,JPY,bank_B,broker_Z
P0002310,S0000813,cashlike,198382,EUR,bank_B,broker_Z
P0002311,S0004534,cashlike,29686,USD,bank_B,broker_Y
P0002312,S0002452,cashlike,109855,JPY,bank_C,broker_Y
P0002313,S0000067,wire,169536,EUR,bank_C,broker_Z
P0002314,S0000042,letter_of_credit,164934,EUR,bank_A,broker_X
P0002315,S0002449,cashlike,146585,EUR,bank_B,broker_X
P0002316,S0003635,letter_of_credit,90773,USD,bank_C,broker_X
P0002317,S0001634,cashlike,35814,JPY,bank_C,broker_Z
P0002318,S0003363,letter_of_credit,105383,USD,bank_C,broker_Z
P0002319,S0003543,letter_of_credit,192603,JPY,bank_B,broker_Y
P0002320,S0001531,cashlike,194250,EUR,bank_C,broker_Y
P0002321,S0001592,cashlike,38460,EUR,bank_C,broker_Z
P0002322,S0004314,wire,51406,USD,bank_B,broker_Y
P0002323,S0003328,letter_of_credit,59636,USD,bank_A,broker_X
P0002324,S0003102,letter_of_credit,194392,USD,bank_C,broker_Y
P0002325,S0003052,cashlike,15485,USD,bank_C,broker_Z
P0002326,S0004560,wire,89574,USD,bank_A,broker_Z
P0002327,S0003904,letter_of_credit,44975,JPY,bank_B,broker_Z
P0002328,S0004317,wire,97170,USD,bank_A,broker_X
P0002329,S0004501,letter_of_credit,142793,USD,bank_B,broker_X
P0002330,S0001401,letter_of_credit,2220,EUR,bank_B,broker_X
P0002331,S0002591,wire,130556,JPY,bank_A,broker_Z
P0002332,S0004794,cashlike,132869,JPY,bank_B,broker_X
P0002333,S0001959,wire,85000,EUR,bank_C,broker_Y
P0002334,S0001230,wire,12464,EUR,bank_A,broker_Z
P0002335,S0002474,wire,82004,EUR,bank_C,broker_X
P0002336,S0001670,letter_of_credit,185975,EUR,bank_B,broker_Y
P0002337,S0003639,letter_of_credit,186554,USD,bank_A,broker_X
P0002338,S0000552,cashlike,91383,USD,bank_C,broker_Y
P0002339,S0002327,wire,126953,JPY,bank_B,broker_Z
P0002340,S0003736,wire,32574,JPY,bank_B,broker_X
P0002341,S0001368,wire,100108,USD,bank_A,broker_X
P0002342,S0004604,wire,87640,EUR,bank_A,broker_X
P0002343,S0000567,cashlike,50454,USD,bank_B,broker_X
P0002344,S0002247,cashlike,5583,JPY,bank_A,broker_Z
P0002345,S0003684,letter_of_credit,18768,JPY,bank_A,broker_Z
P0002346,S0004285,wire,56787,JPY,bank_B,broker_Y
P0002347,S0004112,letter_of_credit,165805,USD,bank_A,broker_X
P0002348,S0000733,cashlike,10153,EUR,bank_B,broker_Z
P0002349,S0004369,wire,69594,JPY,bank_A,broker_Z
P0002350,S0004916,wire,140128,EUR,bank_B,broker_X
P0002351,S0004503,letter_of_credit,97259,EUR,bank_A,broker_Y
P0002352,S0001433,wire,84111,EUR,bank_B,broker_Z
P0002353,S0003981,cashlike,32801,JPY,bank_C,broker_Y
P0002354,S0003770,cashlike,57365,EUR,bank_C,broker_Z
P0002355,S0003117,letter_of_credit,176600,USD,bank_A,broker_Y
P0002356,S0002488,letter_of_credit,168663,EUR,bank_B,broker_Z
P0002357,S0003411,letter_of_credit,58494,USD,bank_A,broker_Y
P0002358,S0003828,letter_of_credit,136617,EUR,bank_C,broker_X
P0002359,S0001069,cashlike,131361,EUR,bank_B,broker_Z
P0002360,S0000967,wire,65042,JPY,bank_C,broker_Y
P0002361,S0000597,letter_of_credit,48918,EUR,bank_C,broker_X
P0002362,S0004143,letter_of_credit,139498,USD,bank_C,broker_Y
P0002363,S0001245,wire,80775,EUR,bank_B,broker_Y
P0002364,S0002172,letter_of_credit,38887,USD,bank_B,broker_Y
P0002365,S0001966,letter_of_credit,150506,USD,bank_A,broker_Y
P0002366,S0004284,cashlike,57906,JPY,bank_B,broker_X
P0002367,S0002096,letter_of_credit,39854,EUR,bank_A,broker_Z
P0002368,S0004450,letter_of_credit,198349,JPY,bank_C,broker_Y
P0002369,S0004258,cashlike,29338,JPY,bank_C,broker_Z
P0002370,S0001027,letter_of_credit,187569,USD,bank_C,broker_X
P0002371,S0002602,wire,159013,USD,bank_A,broker_X
P0002372,S0001975,cashlike,197148,USD,bank_B,broker_X
P0002373,S0002661,cashlike,4150,USD,bank_B,broker_Y
P0002374,S0000981,wire,141299,USD,bank_C,broker_Y
P0002375,S0004760,letter_of_credit,13875,USD,bank_B,broker_Y
P0002376,S0002424,cashlike,1260,EUR,bank_A,broker_X
P0002377,S0002573,cashlike,99477,JPY,bank_B,broker_Z
P0002378,S0004633,cashlike,99596,JPY,bank_C,broker_X
P0002379,S0000389,wire,28856,JPY,bank_A,broker_X
P0002380,S0003015,letter_of_credit,183172,EUR,bank_A,broker_Z
P0002381,S0000363,cashlike,163855,USD,bank_A,broker_Y
P0002382,S0004616,cashlike,129749,JPY,bank_C,broker_Z
P0002383,S0000439,cashlike,139170,JPY,bank_A,broker_X
P0002384,S0001174,letter_of_credit,133437,USD,bank_A,broker_X
P0002385,S0000865,cashlike,59481,USD,bank_C,broker_X
P0002386,S0001186,wire,26766,JPY,bank_B,broker_X
P0002387,S0003931,wire,170426,JPY,bank_C,broker_X
P0002388,S0001302,wire,171063,EUR,bank_A,broker_Y
P0002389,S0004881,letter_of_credit,44730,EUR,bank_A,broker_Y
P0002390,S0004674,wire,176430,JPY,bank_C,broker_X
P0002391,S0001364,wire,14047,USD,bank_A,broker_X
P0002392,S0001592,wire,104560,EUR,bank_A,broker_Y
P0002393,S0001476,wire,29699,JPY,bank_C,broker_Y
P0002394,S0004019,letter_of_credit,66073,JPY,bank_B,broker_Z
P0002395,S0001490,letter_of_credit,46483,JPY,bank_B,broker_Y
P0002396,S0003254,cashlike,133791,JPY,bank_C,broker_X
P0002397,S0000700,wire,60499,JPY,bank_A,broker_X
P0002398,S0002893,cashlike,170024,JPY,bank_B,broker_Y
P0002399,S0001132,letter_of_credit,177703,JPY,bank_C,broker_Y
P0002400,S0004341,wire,19006,EUR,bank_A,broker_Y
P0002401,S0000270,letter_of_credit,134364,EUR,bank_C,broker_X
P0002402,S0000774,wire,105556,EUR,bank_C,broker_Z
P0002403,S0002941,wire,199488,USD,bank_C,broker_Z
P0002404,S0000019,cashlike,46414,JPY,bank_C,broker_X
P0002405,S0000578,letter_of_credit,183123,JPY,bank_C,broker_X
P0002406,S0003450,cashlike,193774,USD,bank_A,broker_X
P0002407,S0003586,cashlike,91699,EUR,bank_C,broker_X
P0002408,S0002439,wire,188330,USD,bank_B,broker_Z
P0002409,S0001310,letter_of_credit,84879,USD,bank_B,broker_X
P0002410,S0001923,cashlike,74470,EUR,bank_A,broker_Z
P0002411,S0001308,cashlike,50647,USD,bank_A,broker_Y
P0002412,S0004633,cashlike,91343,JPY,bank_B,broker_Z
P0002413,S0000669,letter_of_credit,25210,EUR,bank_C,broker_Z
P0002414,S0000264,cashlike,198131,JPY,bank_A,broker_Y
P0002415,S0002679,wire,143568,EUR,bank_B,broker_Z
P0002416,S0003802,cashlike,165642,JPY,bank_B,broker_X
P0002417,S0004554,cashlike,12025,USD,bank_B,broker_Y
P0002418,S0001169,letter_of_credit,108089,USD,bank_A,broker_Z
P0002419,S0000275,letter_of_credit,193760,USD,bank_B,broker_X
P0002420,S0000938,wire,16349,USD,bank_A,broker_X
P0002421,S0002346,cashlike,66404,USD,bank_B,broker_Y
P0002422,S0004937,letter_of_credit,24813,JPY,bank_B,broker_Z
P0002423,S0003173,letter_of_credit,122394,EUR,bank_A,broker_X
P0002424,S0001843,letter_of_credit,83829,EUR,bank_C,broker_Y
P0002425,S0004079,cashlike,99259,JPY,bank_A,broker_Y
P0002426,S0001503,wire,175699,JPY,bank_C,broker_X
P0002427,S0003549,wire,176836,EUR,bank_B,broker_Y
P0002428,S0004842,cashlike,44169,USD,bank_A,broker_X
P0002429,S0003428,cashlike,104826,EUR,bank_C,broker_Y
P0002430,S0002464,wire,55300,USD,bank_A,broker_X
P0002431,S0002887,cashlike,127512,USD,bank_A,broker_X
P0002432,S0002371,cashlike,33340,USD,bank_A,broker_X
P0002433,S0004658,wire,11238,JPY,bank_A,broker_X
P0002434,S0004457,letter_of_credit,150944,EUR,bank_C,broker_Y
P0002435,S0004599,wire,18698,JPY,bank_A,broker_X
P0002436,S0000142,cashlike,17697,JPY,bank_B,broker_X
P0002437,S0002727,wire,5946,USD,bank_B,broker_Z
P0002438,S0002980,wire,132346,JPY,bank_C,broker_Z
P0002439,S0002438,letter_of_credit,184353,EUR,bank_B,broker_Z
P0002440,S0003906,letter_of_credit,99217,EUR,bank_A,broker_Y
P0002441,S0002265,cashlike,29701,JPY,bank_B,broker_Y
P0002442,S0001404,cashlike,17207,EUR,bank_B,broker_Z
P0002443,S0000937,cashlike,178030,USD,bank_C,broker_X
P0002444,S0000189,wire,86190,USD,bank_C,broker_Z
P0002445,S0001782,letter_of_credit,123348,USD,bank_C,broker_Z
P0002446,S0000871,cashlike,19028,JPY,bank_C,broker_X
P0002447,S0001197,letter_of_credit,194851,EUR,bank_C,broker_Z
P0002448,S0004845,wire,111567,EUR,bank_C,broker_X
P0002449,S0000126,wire,198881,JPY,bank_C,broker_Z
P0002450,S0004552,letter_of_credit,181827,JPY,bank_C,broker_Y
P0002451,S0002785,cashlike,119119,EUR,bank_A,broker_Z
P0002452,S0001610,cashlike,173402,JPY,bank_A,broker_Y
P0002453,S0004788,wire,54499,USD,bank_A,broker_X
P0002454,S0000119,letter_of_credit,183889,EUR,bank_A,broker_Z
P0002455,S0002586,cashlike,2212,USD,bank_B,broker_Z
P0002456,S0002892,letter_of_credit,195795,EUR,bank_C,broker_Z
P0002457,S0003622,wire,143689,EUR,bank_A,broker_Y
P0002458,S0001077,wire,31555,JPY,bank_B,broker_Z
P0002459,S0001422,wire,127067,EUR,bank_C,broker_Y
P0002460,S0001716,wire,39560,JPY,bank_B,broker_Y
P0002461,S0001800,letter_of_credit,90980,USD,bank_B,broker_Y
P0002462,S0001755,letter_of_credit,82333,USD,bank_A,broker_Y
P0002463,S0000433,letter_of_credit,137330,EUR,bank_C,broker_X
P0002464,S0002932,letter_of_credit,166032,USD,bank_C,broker_Y
P0002465,S0000895,wire,84643,JPY,bank_A,broker_Y
P0002466,S0001884,cashlike,71875,EUR,bank_A,broker_Z
P0002467,S0001344,wire,112146,USD,bank_B,broker_Z
P0002468,S0002189,cashlike,29137,USD,bank_B,broker_Z
P0002469,S0004041,letter_of_credit,125255,EUR,bank_A,broker_X
P0002470,S0002466,wire,67438,USD,bank_A,broker_Z
P0002471,S0002584,letter_of_credit,4411,JPY,bank_C,broker_Y
P0002472,S0004183,cashlike,21852,USD,bank_A,broker_X
P0002473,S0003277,wire,103828,USD,bank_C,broker_X
P0002474,S0001360,wire,66304,EUR,bank_C,broker_X
P0002475,S0004079,wire,33880,USD,bank_C,broker_X
P0002476,S0001320,letter_of_credit,184971,USD,bank_A,broker_Y
P0002477,S0004808,wire,39581,JPY,bank_B,broker_X
P0002478,S0002104,wire,107967,JPY,bank_A,broker_Z
P0002479,S0000327,wire,73456,USD,bank_A,broker_Y
P0002480,S0003911,letter_of_credit,12989,EUR,bank_A,broker_Z
P0002481,S0001461,wire,86418,USD,bank_C,broker_X
P0002482,S0004251,cashlike,199256,JPY,bank_B,broker_Y
P0002483,S0003721,wire,93421,USD,bank_B,broker_X
P0002484,S0000936,letter_of_credit,70735,JPY,bank_B,broker_X
P0002485,S0003081,cashlike,195130,EUR,bank_A,broker_X
P0002486,S0002380,wire,141901,JPY,bank_B,broker_Z
P0002487,S0002102,letter_of_credit,34807,JPY,bank_C,broker_X
P0002488,S0001860,wire,164874,USD,bank_B,broker_X
P0002489,S0000579,cashlike,22016,JPY,bank_C,broker_Z
P0002490,S0000048,letter_of_credit,152503,EUR,bank_B,broker_Y
P0002491,S0003345,letter_of_credit,71367,USD,bank_C,broker_Z
P0002492,S0003435,letter_of_credit,111657,EUR,bank_B,broker_Y
P0002493,S0000386,wire,95926,USD,bank_A,broker_Y
P0002494,S0004410,cashlike,70688,JPY,bank_C,broker_X
P0002495,S0002247,cashlike,19420,JPY,bank_B,broker_Z
P0002496,S0001182,cashlike,150824,JPY,bank_B,broker_Z
P0002497,S0003858,cashlike,30667,JPY,bank_A,broker_X
P0002498,S0004842,cashlike,132665,USD,bank_C,broker_Y
P0002499,S0003975,letter_of_credit,92748,USD,bank_C,broker_Z
P0002500,S0003123,cashlike,21719,EUR,bank_A,broker_Z
P0002501,S0001097,cashlike,21424,EUR,bank_B,broker_Y
P0002502,S0000008,wire,64521,JPY,bank_A,broker_Z
P0002503,S0000099,cashlike,136513,EUR,bank_A,broker_Z
P0002504,S0003715,wire,197377,USD,bank_B,broker_Y
P0002505,S0000315,cashlike,32265,USD,bank_A,broker_X
P0002506,S0000256,wire,107362,JPY,bank_B,broker_Z
P0002507,S0004821,cashlike,46265,USD,bank_C,broker_Z
P0002508,S0001387,cashlike,95047,EUR,bank_B,broker_X
P0002509,S0000312,letter_of_credit,70095,USD,bank_C,broker_Y
P0002510,S0004096,cashlike,168591,USD,bank_A,broker_X
P0002511,S0002117,wire,154607,JPY,bank_A,broker_X
P0002512,S0004824,cashlike,6275,EUR,bank_A,broker_Y
P0002513,S0002864,cashlike,160226,EUR,bank_C,broker_Z
P0002514,S0002308,cashlike,31936,EUR,bank_A,broker_Y
P0002515,S0003560,wire,191694,JPY,bank_B,broker_X
P0002516,S0001779,letter_of_credit,1514,USD,bank_C,broker_Y
P0002517,S0004450,wire,66977,EUR,bank_B,broker_Y
P0002518,S0002989,wire,57904,EUR,bank_B,broker_Z
P0002519,S0004877,wire,109761,EUR,bank_C,broker_Y
P0002520,S0001423,wire,86498,EUR,bank_A,broker_X
P0002521,S0001744,letter_of_credit,43259,EUR,bank_B,broker_Y
P0002522,S0003507,letter_of_credit,86138,USD,bank_A,broker_Y
P0002523,S0002597,cashlike,2935,EUR,bank_B,broker_Z
P0002524,S0002569,letter_of_credit,26669,JPY,bank_C,broker_X
P0002525,S0001099,cashlike,146849,USD,bank_B,broker_Y
P0002526,S0001008,letter_of_credit,4589,EUR,bank_B,broker_Z
P0002527,S0002513,cashlike,66792,EUR,bank_C,broker_X
P0002528,S0003108,wire,186747,JPY,bank_C,broker_Z
P0002529,S0003034,cashlike,108740,USD,bank_B,broker_X
P0002530,S0002851,cashlike,95387,EUR,bank_B,broker_Y
P0002531,S0000888,cashlike,167121,JPY,bank_A,broker_X
P0002532,S0000699,cashlike,99519,JPY,bank_C,broker_X
P0002533,S0003914,wire,148267,USD,bank_C,broker_Z
P0002534,S0003435,wire,150013,USD,bank_C,broker_Y
P0002535,S0004967,wire,20281,USD,bank_C,broker_Y
P0002536,S0003280,cashlike,117968,USD,bank_A,broker_Y
P0002537,S0000779,cashlike,39744,USD,bank_A,broker_Z
P0002538,S0002537,cashlike,70408,USD,bank_B,broker_Y
P0002539,S0004585,letter_of_credit,194763,EUR,bank_B,broker_Y
P0002540,S0001341,letter_of_credit,71843,EUR,bank_C,broker_Y
P0002541,S0000436,letter_of_credit,101170,JPY,bank_C,broker_Y
P0002542,S0004692,wire,33535,USD,bank_A,broker_X
P0002543,S0002764,cashlike,19273,EUR,bank_A,broker_Y
P0002544,S0000207,wire,23004,USD,bank_A,broker_X
P0002545,S0000639,letter_of_credit,176081,EUR,bank_A,broker_X
P0002546,S0001254,cashlike,32189,USD,bank_A,broker_Y
P0002547,S0000621,letter_of_credit,14036,EUR,bank_A,broker_X
P0002548,S0004424,wire,155046,EUR,bank_B,broker_X
P0002549,S0003139,wire,16676,USD,bank_A,broker_Z
P0002550,S0004337,wire,82455,EUR,bank_B,broker_Y
P0002551,S0004068,letter_of_credit,26469,JPY,bank_C,broker_Y
P0002552,S0002289,wire,8896,EUR,bank_A,broker_Y
P0002553,S0001112,letter_of_credit,179016,EUR,bank_A,broker_Y
P0002554,S0000403,letter_of_credit,45454,USD,bank_A,broker_Y
P0002555,S0001260,letter_of_credit,60666,EUR,bank_C,broker_X
P0002556,S0004105,wire,76425,EUR,bank_B,broker_Z
P0002557,S0004085,cashlike,185907,JPY,bank_A,broker_X
P0002558,S0002960,cashlike,174579,EUR,bank_C,broker_Y
P0002559,S0001129,cashlike,121321,USD,bank_B,broker_Z
P0002560,S0001000,letter_of_credit,154491,EUR,bank_A,broker_Z
P0002561,S0002558,wire,105373,EUR,bank_C,broker_Z
P0002562,S0003317,cashlike,77122,USD,bank_C,broker_X
P0002563,S0004485,letter_of_credit,87473,JPY,bank_B,broker_Y
P0002564,S0000716,letter_of_credit,190961,USD,bank_C,broker_Y
P0002565,S0002781,letter_of_credit,185215,EUR,bank_B,broker_Z
P0002566,S0002908,letter_of_credit,95037,JPY,bank_B,broker_Z
P0002567,S0001577,cashlike,116873,JPY,bank_B,broker_X
P0002568,S0003902,wire,33667,JPY,bank_B,broker_X
P0002569,S0003243,wire,107284,USD,bank_B,broker_X
P0002570,S0002531,letter_of_credit,155669,EUR,bank_B,broker_Y
P0002571,S0000434,cashlike,37526,USD,bank_B,broker_Z
P0002572,S0001935,wire,2487,USD,bank_C,broker_Z
P0002573,S0004958,cashlike,14196,USD,bank_B,broker_X
P0002574,S0001169,wire,78264,JPY,bank_A,broker_Z
P0002575,S0001706,letter_of_credit,108058,JPY,bank_B,broker_Z
P0002576,S0004026,wire,192079,JPY,bank_A,broker_Y
P0002577,S0001835,wire,160997,JPY,bank_A,broker_X
P0002578,S0004518,wire,50152,EUR,bank_C,broker_Z
P0002579,S0000826,wire,30307,JPY,bank_C,broker_X
P0002580,S0001832,wire,191163,JPY,bank_C,broker_Y
P0002581,S0000846,wire,63854,EUR,bank_B,broker_Y
P0002582,S0000619,letter_of_credit,34091,USD,bank_C,broker_X
P0002583,S0003536,letter_of_credit,82477,JPY,bank_C,broker_Y
P0002584,S0001998,cashlike,107456,USD,bank_B,broker_Y
P0002585,S0003328,cashlike,132334,USD,bank_B,broker_X
P0002586,S0003920,letter_of_credit,90340,USD,bank_C,broker_Y
P0002587,S0003518,cashlike,53472,USD,bank_A,broker_Y
P0002588,S0002822,wire,69870,USD,bank_A,broker_Z
P0002589,S0000992,letter_of_credit,187465,JPY,bank_C,broker_X
P0002590,S0001224,cashlike,33191,JPY,bank_B,broker_X
P0002591,S0002466,cashlike,77650,USD,bank_B,broker_Z
P0002592,S0002508,letter_of_credit,28765,EUR,bank_B,broker_X
P0002593,S0003037,wire,16864,JPY,bank_C,broker_Y
P0002594,S0002478,wire,74089,EUR,bank_B,broker_X
P0002595,S0004921,letter_of_credit,115253,USD,bank_C,broker_X
P0002596,S0003685,cashlike,89866,EUR,bank_A,broker_X
P0002597,S0004042,wire,99690,JPY,bank_C,broker_Z
P0002598,S0000448,wire,70906,EUR,bank_C,broker_Z
P0002599,S0002432,wire,94348,JPY,bank_C,broker_X
P0002600,S0003721,cashlike,67732,USD,bank_B,broker_Y
P0002601,S0003052,letter_of_credit,34976,USD,bank_B,broker_X
P0002602,S0003351,letter_of_credit,110945,USD,bank_C,broker_Y
P0002603,S0001718,cashlike,192425,JPY,bank_C,broker_X
P0002604,S0002929,cashlike,57339,USD,bank_C,broker_Z
P0002605,S0003851,cashlike,186875,USD,bank_C,broker_Z
P0002606,S0002214,cashlike,128425,USD,bank_C,broker_Z
P0002607,S0001667,wire,115647,JPY,bank_C,broker_X
P0002608,S0002339,wire,156627,JPY,bank_A,broker_Z
P0002609,S0000861,cashlike,165508,EUR,bank_A,broker_Y
P0002610,S0000813,wire,44391,USD,bank_B,broker_Y
P0002611,S0003696,wire,43893,USD,bank_C,broker_X
P0002612,S0001930,letter_of_credit,27925,USD,bank_B,broker_Y
P0002613,S0001377,cashlike,105632,USD,bank_A,broker_Y
P0002614,S0003728,cashlike,65259,USD,bank_A,broker_X
P0002615,S0001540,wire,111940,EUR,bank_B,broker_X
P0002616,S0001368,letter_of_credit,141352,USD,bank_A,broker_Y
P0002617,S0004500,cashlike,64266,JPY,bank_A,broker_Z
P0002618,S0004911,wire,145608,JPY,bank_B,broker_Z
P0002619,S0004757,cashlike,70826,JPY,bank_B,broker_Y
P0002620,S0000296,wire,13790,USD,bank_A,broker_Y
P0002621,S0003009,wire,91854,JPY,bank_A,broker_Z
P0002622,S0001912,cashlike,199462,EUR,bank_C,broker_Z
P0002623,S0003739,letter_of_credit,14299,USD,bank_A,broker_Y
P0002624,S0000997,letter_of_credit,73800,JPY,bank_A,broker_Z
P0002625,S0003661,letter_of_credit,174174,USD,bank_B,broker_Z
P0002626,S0002808,cashlike,159496,JPY,bank_A,broker_X
P0002627,S0001005,wire,12907,EUR,bank_C,broker_Z
P0002628,S0001910,letter_of_credit,124762,EUR,bank_B,broker_X
P0002629,S0000410,letter_of_credit,154865,JPY,bank_B,broker_Z
P0002630,S0004139,letter_of_credit,172494,JPY,bank_B,broker_Z
P0002631,S0001890,letter_of_credit,123689,EUR,bank_C,broker_X
P0002632,S0004318,cashlike,162092,JPY,bank_C,broker_X
P0002633,S0004933,cashlike,172646,EUR,bank_A,broker_X
P0002634,S0003539,letter_of_credit,65040,EUR,bank_A,broker_X
P0002635,S0001105,letter_of_credit,188428,EUR,bank_C,broker_X
P0002636,S0003522,wire,41096,EUR,bank_C,broker_Z
P0002637,S0000267,letter_of_credit,43761,JPY,bank_B,broker_Y
P0002638,S0000363,wire,44359,EUR,bank_B,broker_Z
P0002639,S0003716,letter_of_credit,73477,EUR,bank_B,broker_Y
P0002640,S0002300,wire,157516,USD,bank_C,broker_Z
P0002641,S0002134,cashlike,73410,EUR,bank_C,broker_Z
P0002642,S0000462,wire,45727,USD,bank_C,broker_Y
P0002643,S0000223,letter_of_credit,48493,EUR,bank_A,broker_X
P0002644,S0003473,cashlike,74418,USD,bank_C,broker_Y
P0002645,S0004120,wire,44967,JPY,bank_A,broker_Z
P0002646,S0000933,cashlike,71785,USD,bank_A,broker_Z
P0002647,S0000907,letter_of_credit,136434,JPY,bank_A,broker_Z
P0002648,S0004260,letter_of_credit,154196,JPY,bank_C,broker_Y
P0002649,S0001650,cashlike,22161,USD,bank_A,broker_Y
P0002650,S0000220,cashlike,63123,EUR,bank_A,broker_Y
P0002651,S0003162,cashlike,5095,USD,bank_A,broker_Y
P0002652,S0003675,cashlike,66469,USD,bank_C,broker_Y
P0002653,S0000770,cashlike,115822,EUR,bank_B,broker_Y
P0002654,S0003716,letter_of_credit,37169,USD,bank_B,broker_Y
P0002655,S0001620,cashlike,132387,EUR,bank_B,broker_X
P0002656,S0001911,cashlike,67147,USD,bank_B,broker_Z
P0002657,S0002548,wire,142631,USD,bank_C,broker_Z
P0002658,S0004742,letter_of_credit,138460,EUR,bank_B,broker_Z
P0002659,S0003727,letter_of_credit,32611,USD,bank_C,broker_Z
P0002660,S0004798,cashlike,4517,EUR,bank_A,broker_Z
P0002661,S0004835,cashlike,121752,JPY,bank_A,broker_X
P0002662,S0004667,wire,163358,EUR,bank_C,broker_Y
P0002663,S0004768,wire,167421,JPY,bank_C,broker_X
P0002664,S0004754,cashlike,136861,USD,bank_C,broker_Y
P0002665,S0001710,letter_of_credit,29023,JPY,bank_A,broker_Z
P0002666,S0004028,letter_of_credit,74473,EUR,bank_A,broker_Y
P0002667,S0000953,cashlike,107943,JPY,bank_A,broker_Z
P0002668,S0004857,cashlike,47138,USD,bank_B,broker_X
P0002669,S0004426,wire,183960,JPY,bank_C,broker_Z
P0002670,S0001037,wire,72610,USD,bank_A,broker_X
P0002671,S0003100,wire,172918,EUR,bank_C,broker_Y
P0002672,S0004179,wire,184148,EUR,bank_B,broker_X
P0002673,S0001742,wire,44126,JPY,bank_C,broker_Y
P0002674,S0001679,wire,66268,USD,bank_B,broker_X
P0002675,S0004729,letter_of_credit,13531,JPY,bank_B,broker_X
P0002676,S0004726,wire,124818,USD,bank_C,broker_Z
P0002677,S0004563,wire,103536,EUR,bank_B,broker_Z
P0002678,S0000787,letter_of_credit,183869,EUR,bank_B,broker_Z
P0002679,S0000625,cashlike,143405,USD,bank_A,broker_Y
P0002680,S0001288,wire,66314,EUR,bank_B,broker_Z
P0002681,S0000056,wire,7765,EUR,bank_C,broker_Y
P0002682,S0002628,wire,181811,USD,bank_B,broker_X
P0002683,S0003103,letter_of_credit,138417,USD,bank_B,broker_X
P0002684,S0004684,wire,7417,EUR,bank_A,broker_Y
P0002685,S0002896,wire,68441,EUR,bank_C,broker_Z
P0002686,S0004262,letter_of_credit,4888,JPY,bank_C,broker_X
P0002687,S0003154,cashlike,135718,USD,bank_B,broker_Z
P0002688,S0004580,wire,1167,USD,bank_C,broker_Y
P0002689,S0000239,wire,172291,USD,bank_B,broker_Z
P0002690,S0002921,cashlike,164895,EUR,bank_C,broker_Z
P0002691,S0002844,wire,160260,EUR,bank_A,broker_Y
P0002692,S0001857,wire,102930,JPY,bank_B,broker_Y
P0002693,S0004174,cashlike,68642,JPY,bank_B,broker_Y
P0002694,S0002069,cashlike,131967,EUR,bank_A,broker_Y
P0002695,S0001770,letter_of_credit,175933,JPY,bank_A,broker_Y
P0002696,S0003687,cashlike,90190,JPY,bank_B,broker_Z
P0002697,S0003074,wire,95901,JPY,bank_A,broker_Z
P0002698,S0003575,wire,94628,USD,bank_B,broker_X
P0002699,S0000899,letter_of_credit,129237,EUR,bank_C,broker_Y
P0002700,S0003646,letter_of_credit,55832,JPY,bank_B,broker_Y
P0002701,S0000395,wire,105327,JPY,bank_A,broker_Y
P0002702,S0000210,wire,52553,USD,bank_C,broker_Z
P0002703,S0002849,cashlike,104141,JPY,bank_A,broker_Y
P0002704,S0001218,wire,196543,JPY,bank_C,broker_Z
P0002705,S0004281,wire,96710,JPY,bank_B,broker_Z
P0002706,S0003838,cashlike,27490,EUR,bank_C,broker_Y
P0002707,S0002220,cashlike,70716,USD,bank_C,broker_Z
P0002708,S0001023,letter_of_credit,28007,JPY,bank_B,broker_Z
P0002709,S0003446,letter_of_credit,118368,JPY,bank_A,broker_Z
P0002710,S0000301,cashlike,197632,EUR,bank_A,broker_X
P0002711,S0004607,letter_of_credit,98193,USD,bank_B,broker_Y
P0002712,S0004142,wire,176123,EUR,bank_A,broker_Z
P0002713,S0003121,cashlike,193673,USD,bank_C,broker_Z
P0002714,S0003195,wire,42826,USD,bank_A,broker_X
P0002715,S0000290,letter_of_credit,162168,JPY,bank_B,broker_Z
P0002716,S0003137,wire,64641,EUR,bank_B,broker_Z
P0002717,S0000589,letter_of_credit,164564,EUR,bank_C,broker_X
P0002718,S0000737,wire,157551,JPY,bank_C,broker_Z
P0002719,S0001778,wire,44194,EUR,bank_C,broker_X
P0002720,S0001666,cashlike,75369,USD,bank_A,broker_Z
P0002721,S0000827,wire,38516,JPY,bank_C,broker_Z
P0002722,S0000235,cashlike,124260,EUR,bank_A,broker_Z
P0002723,S0004823,wire,179895,EUR,bank_A,broker_Z
P0002724,S0002269,wire,83639,EUR,bank_C,broker_Z
P0002725,S0001555,cashlike,80631,JPY,bank_B,broker_X
P0002726,S0001085,wire,143883,EUR,bank_B,broker_X
P0002727,S0001916,letter_of_credit,47106,JPY,bank_C,broker_Z
P0002728,S0002904,cashlike,86141,USD,bank_C,broker_Y
P0002729,S0000640,cashlike,114788,JPY,bank_B,broker_Z
P0002730,S0001501,wire,37848,USD,bank_B,broker_X
P0002731,S0001009,cashlike,169018,JPY,bank_B,broker_X
P0002732,S0003657,cashlike,88917,EUR,bank_B,broker_Z
P0002733,S0004622,wire,61315,EUR,bank_C,broker_Y
P0002734,S0004328,wire,66748,EUR,bank_C,broker_X
P0002735,S0004660,letter_of_credit,178826,USD,bank_C,broker_X
P0002736,S0001462,cashlike,39947,JPY,bank_A,broker_Y
P0002737,S0000713,wire,143505,USD,bank_B,broker_X
P0002738,S0001877,letter_of_credit,76635,JPY,bank_C,broker_Z
P0002739,S0000644,cashlike,102730,USD,bank_A,broker_Y
P0002740,S0004479,wire,120185,USD,bank_C,broker_X
P0002741,S0001966,letter_of_credit,13461,EUR,bank_A,broker_Z
P0002742,S0003673,wire,197899,JPY,bank_A,broker_Z
P0002743,S0004128,letter_of_credit,152724,JPY,bank_B,broker_Z
P0002744,S0001148,cashlike,135323,JPY,bank_B,broker_X
P0002745,S0002830,cashlike,32704,USD,bank_C,broker_Z
P0002746,S0000584,letter_of_credit,168351,JPY,bank_C,broker_Y
P0002747,S0003059,cashlike,173004,EUR,bank_C,broker_X
P0002748,S0000851,letter_of_credit,60950,EUR,bank_A,broker_X
P0002749,S0004630,letter_of_credit,25027,USD,bank_C,broker_Z
P0002750,S0002596,letter_of_credit,123219,EUR,bank_B,broker_Z
P0002751,S0000008,wire,84413,EUR,bank_B,broker_Z
P0002752,S0004239,cashlike,46497,EUR,bank_A,broker_X
P0002753,S0002508,letter_of_credit,99176,USD,bank_C,broker_Y
P0002754,S0004698,wire,133317,EUR,bank_A,broker_X
P0002755,S0003795,cashlike,54347,EUR,bank_C,broker_Y
P0002756,S0002641,wire,77913,USD,bank_C,broker_Y
P0002757,S0004188,cashlike,145150,USD,bank_A,broker_Z
P0002758,S0000448,letter_of_credit,58994,USD,bank_B,broker_Z
P0002759,S0002903,wire,13372,EUR,bank_A,broker_Z
P0002760,S0004913,cashlike,76241,EUR,bank_C,broker_X
P0002761,S0004303,cashlike,183722,EUR,bank_B,broker_X
P0002762,S0003068,wire,160223,JPY,bank_A,broker_Y
P0002763,S0000269,wire,178618,JPY,bank_A,broker_Z
P0002764,S0003147,cashlike,198352,EUR,bank_A,broker_Y
P0002765,S0002567,letter_of_credit,182731,USD,bank_B,broker_Y
P0002766,S0000254,wire,171583,USD,bank_C,broker_Y
P0002767,S0004980,wire,63393,USD,bank_A,broker_Z
P0002768,S0001464,cashlike,92663,JPY,bank_B,broker_Y
P0002769,S0003249,wire,104728,EUR,bank_A,broker_Y
P0002770,S0002049,letter_of_credit,43170,JPY,bank_B,broker_Y
P0002771,S0004545,letter_of_credit,185546,JPY,bank_B,broker_X
P0002772,S0004790,wire,154209,USD,bank_A,broker_Y
P0002773,S0002708,wire,170137,EUR,bank_A,broker_X
P0002774,S0000353,wire,83026,JPY,bank_A,broker_Y
P0002775,S0001252,letter_of_credit,151691,JPY,bank_A,broker_Y
P0002776,S0004771,cashlike,132428,JPY,bank_A,broker_X
P0002777,S0000848,letter_of_credit,85749,EUR,bank_B,broker_Y
P0002778,S0000945,wire,144274,JPY,bank_A,broker_Y
P0002779,S0000607,cashlike,191286,JPY,bank_C,broker_Y
P0002780,S0003095,letter_of_credit,18475,USD,bank_A,broker_Y
P0002781,S0004018,cashlike,17937,EUR,bank_A,broker_Z
P0002782,S0002494,wire,68468,EUR,bank_A,broker_X
P0002783,S0002298,wire,93897,USD,bank_A,broker_Z
P0002784,S0003254,cashlike,58563,USD,bank_C,broker_Z
P0002785,S0002358,wire,109052,JPY,bank_C,broker_Z
P0002786,S0001005,letter_of_credit,163583,USD,bank_A,broker_Y
P0002787,S0000259,letter_of_credit,109181,JPY,bank_A,broker_X
P0002788,S0000797,letter_of_credit,30071,EUR,bank_A,broker_Y
P0002789,S0000552,letter_of_credit,101109,USD,bank_B,broker_X
P0002790,S0001133,letter_of_credit,157096,EUR,bank_B,broker_Z
P0002791,S0004303,wire,97415,JPY,bank_C,broker_Z
P0002792,S0000150,cashlike,18221,USD,bank_B,broker_Y
P0002793,S0004761,cashlike,74782,USD,bank_A,broker_X
P0002794,S0003252,letter_of_credit,128255,EUR,bank_C,broker_Z
P0002795,S0003262,wire,56958,EUR,bank_A,broker_Y
P0002796,S0004041,letter_of_credit,81536,USD,bank_B,broker_Z
P0002797,S0001650,letter_of_credit,171697,EUR,bank_C,broker_Z
P0002798,S0004865,cashlike,153218,EUR,bank_B,broker_Y
P0002799,S0004993,cashlike,155434,EUR,bank_C,broker_Y
P0002800,S0003830,cashlike,197739,EUR,bank_A,broker_X
P0002801,S0001224,cashlike,163446,JPY,bank_C,broker_Y
P0002802,S0002978,cashlike,38724,JPY,bank_B,broker_Z
P0002803,S0001620,wire,25132,EUR,bank_B,broker_X
P0002804,S0002769,wire,90110,JPY,bank_A,broker_X
P0002805,S0000427,letter_of_credit,188552,JPY,bank_C,broker_X
P0002806,S0003953,letter_of_credit,191379,EUR,bank_B,broker_Z
P0002807,S0003232,cashlike,58162,EUR,bank_B,broker_Y
P0002808,S0000714,wire,159695,JPY,bank_A,broker_X
P0002809,S0000227,letter_of_credit,113490,JPY,bank_A,broker_Z
P0002810,S0003364,wire,45333,JPY,bank_B,broker_X
P0002811,S0003352,cashlike,35057,JPY,bank_C,broker_X
P0002812,S0003545,cashlike,95575,EUR,bank_C,broker_Y
P0002813,S0003608,letter_of_credit,118347,JPY,bank_A,broker_X
P0002814,S0003148,wire,21514,USD,bank_C,broker_Y
P0002815,S0003791,cashlike,22963,EUR,bank_C,broker_Z
P0002816,S0004011,wire,150920,EUR,bank_B,broker_Y
P0002817,S0002453,wire,3353,JPY,bank_A,broker_X
P0002818,S0003991,wire,21879,EUR,bank_A,broker_Y
P0002819,S0004021,letter_of_credit,53488,USD,bank_A,broker_X
P0002820,S0000619,wire,110621,JPY,bank_C,broker_Y
P0002821,S0000694,cashlike,45133,EUR,bank_C,broker_X
P0002822,S0000320,wire,160261,USD,bank_B,broker_Y
P0002823,S0004021,letter_of_credit,106491,USD,bank_B,broker_Z
P0002824,S0002791,cashlike,24127,USD,bank_A,broker_Y
P0002825,S0004417,cashlike,105654,JPY,bank_B,broker_Y
P0002826,S0000974,wire,171956,USD,bank_B,broker_Y
P0002827,S0000387,wire,54919,EUR,bank_A,broker_X
P0002828,S0001608,wire,22836,JPY,bank_C,broker_Y
P0002829,S0000493,letter_of_credit,160812,EUR,bank_C,broker_Y
P0002830,S0002831,cashlike,32644,EUR,bank_B,broker_Y
P0002831,S0004816,letter_of_credit,35564,EUR,bank_A,broker_X
P0002832,S0001659,cashlike,122035,JPY,bank_B,broker_X
P0002833,S0003535,letter_of_credit,185876,USD,bank_B,broker_Y
P0002834,S0001854,letter_of_credit,9177,EUR,bank_A,broker_Z
P0002835,S0001262,wire,91470,JPY,bank_B,broker_Y
P0002836,S0004700,cashlike,24877,JPY,bank_B,broker_X
P0002837,S0001731,wire,184536,USD,bank_C,broker_Y
P0002838,S0003682,wire,194015,USD,bank_B,broker_X
P0002839,S0003326,wire,116205,EUR,bank_A,broker_Z
P0002840,S0002647,cashlike,177614,EUR,bank_B,broker_Z
P0002841,S0001143,cashlike,182952,JPY,bank_B,broker_Z
P0002842,S0000958,wire,192664,EUR,bank_A,broker_X
P0002843,S0004348,letter_of_credit,72452,USD,bank_A,broker_Y
P0002844,S0004072,letter_of_credit,116198,JPY,bank_B,broker_X
P0002845,S0003340,cashlike,173569,USD,bank_C,broker_Y
P0002846,S0002815,letter_of_credit,62290,JPY,bank_C,broker_Z
P0002847,S0002248,wire,96425,USD,bank_C,broker_Z
P0002848,S0002275,cashlike,15723,EUR,bank_A,broker_Y
P0002849,S0001604,letter_of_credit,142463,USD,bank_B,broker_X
P0002850,S0003393,letter_of_credit,25872,JPY,bank_A,broker_Z
P0002851,S0000782,cashlike,59275,USD,bank_B,broker_Y
P0002852,S0003705,wire,13517,USD,bank_B,broker_X
P0002853,S0000627,wire,149231,JPY,bank_C,broker_X
P0002854,S0004940,cashlike,78334,EUR,bank_C,broker_Z
P0002855,S0001760,letter_of_credit,7553,JPY,bank_A,broker_Z
P0002856,S0000557,letter_of_credit,49476,USD,bank_C,broker_X
P0002857,S0004157,wire,192782,USD,bank_A,broker_X
P0002858,S0002007,cashlike,43368,EUR,bank_B,broker_Z
P0002859,S0004481,wire,87350,JPY,bank_C,broker_Y
P0002860,S0004882,cashlike,28127,EUR,bank_B,broker_X
P0002861,S0002204,cashlike,154087,USD,bank_A,broker_Y
P0002862,S0004628,cashlike,149668,JPY,bank_B,broker_Z
P0002863,S0000072,wire,31703,USD,bank_A,broker_Z
P0002864,S0000191,cashlike,116522,EUR,bank_A,broker_Y
P0002865,S0003841,wire,91920,JPY,bank_B,broker_Y
P0002866,S0000491,letter_of_credit,44156,JPY,bank_A,broker_Z
P0002867,S0003767,letter_of_credit,164008,JPY,bank_B,broker_X
P0002868,S0002177,letter_of_credit,183673,EUR,bank_A,broker_X
P0002869,S0000729,letter_of_credit,91883,JPY,bank_C,broker_Z
P0002870,S0001230,cashlike,20442,USD,bank_B,broker_X
P0002871,S0003103,letter_of_credit,22566,USD,bank_C,broker_Z
P0002872,S0003810,cashlike,21906,USD,bank_A,broker_X
P0002873,S0001536,wire,45162,USD,bank_B,broker_Z
P0002874,S0002421,wire,38229,EUR,bank_B,broker_Y
P0002875,S0000388,letter_of_credit,126142,USD,bank_C,broker_Y
P0002876,S0000582,letter_of_credit,90826,USD,bank_C,broker_X
P0002877,S0002230,letter_of_credit,6922,JPY,bank_B,broker_Z
P0002878,S0000041,wire,155491,JPY,bank_A,broker_Z
P0002879,S0003876,cashlike,43131,USD,bank_B,broker_X
P0002880,S0002319,cashlike,86201,USD,bank_B,broker_Z
P0002881,S0003157,wire,85825,EUR,bank_A,broker_Y
P0002882,S0003021,wire,179562,USD,bank_C,broker_Z
P0002883,S0004738,cashlike,167722,EUR,bank_A,broker_Z
P0002884,S0002430,cashlike,185341,USD,bank_A,broker_X
P0002885,S0002790,wire,152912,JPY,bank_C,broker_Y
P0002886,S0000955,wire,192344,USD,bank_B,broker_X
P0002887,S0004714,letter_of_credit,104904,USD,bank_C,broker_Z
P0002888,S0003853,wire,99246,EUR,bank_B,broker_X
P0002889,S0003411,letter_of_credit,87692,JPY,bank_A,broker_Z
P0002890,S0003369,wire,173171,JPY,bank_A,broker_Z
P0002891,S0000060,wire,188540,USD,bank_C,broker_Z
P0002892,S0000749,wire,147438,JPY,bank_A,broker_Y
P0002893,S0001757,wire,17032,JPY,bank_C,broker_Y
P0002894,S0004082,cashlike,119960,JPY,bank_A,broker_Z
P0002895,S0000837,cashlike,2618,USD,bank_B,broker_Z
P0002896,S0003714,wire,51041,EUR,bank_A,broker_Y
P0002897,S0004591,letter_of_credit,54344,USD,bank_B,broker_Z
P0002898,S0002795,letter_of_credit,1860,USD,bank_C,broker_Z
P0002899,S0000190,letter_of_credit,92490,EUR,bank_B,broker_Y
P0002900,S0002403,letter_of_credit,144266,EUR,bank_A,broker_Y
P0002901,S0002745,letter_of_credit,164152,JPY,bank_B,broker_Y
P0002902,S0004449,letter_of_credit,44466,JPY,bank_A,broker_X
P0002903,S0002279,letter_of_credit,28733,JPY,bank_C,broker_Z
P0002904,S0003088,wire,30574,EUR,bank_C,broker_X
P0002905,S0003305,letter_of_credit,22697,USD,bank_B,broker_Z
P0002906,S0000333,wire,128086,EUR,bank_C,broker_Z
P0002907,S0000573,cashlike,32133,JPY,bank_A,broker_Y
P0002908,S0002250,cashlike,57481,USD,bank_A,broker_Z
P0002909,S0001569,cashlike,100817,JPY,bank_B,broker_Z
P0002910,S0000285,wire,8245,USD,bank_C,broker_X
P0002911,S0002217,cashlike,183159,EUR,bank_C,broker_X
P0002912,S0001990,cashlike,150237,USD,bank_B,broker_Z
P0002913,S0004034,wire,156635,USD,bank_C,broker_Z
P0002914,S0003424,wire,91374,EUR,bank_C,broker_Z
P0002915,S0002435,cashlike,177488,JPY,bank_B,broker_Z
P0002916,S0002863,letter_of_credit,89295,JPY,bank_B,broker_X
P0002917,S0002093,cashlike,62188,USD,bank_B,broker_Z
P0002918,S0004216,wire,60640,USD,bank_B,broker_X
P0002919,S0004453,wire,21593,EUR,bank_B,broker_Y
P0002920,S0001293,cashlike,37810,JPY,bank_B,broker_X
P0002921,S0002057,wire,134957,JPY,bank_A,broker_Z
P0002922,S0001172,cashlike,47802,JPY,bank_B,broker_X
P0002923,S0000068,letter_of_credit,18756,EUR,bank_B,broker_Z
P0002924,S0001532,cashlike,89206,JPY,bank_C,broker_Y
P0002925,S0003085,cashlike,5055,JPY,bank_C,broker_X
P0002926,S0000154,letter_of_credit,25429,EUR,bank_C,broker_Z
P0002927,S0004750,cashlike,34767,USD,bank_B,broker_Z
P0002928,S0000805,letter_of_credit,45956,EUR,bank_B,broker_Z
P0002929,S0002007,wire,29477,JPY,bank_C,broker_X
P0002930,S0004473,wire,44388,JPY,bank_A,broker_Y
P0002931,S0003137,wire,28243,EUR,bank_A,broker_Z
P0002932,S0003633,letter_of_credit,52685,JPY,bank_A,broker_X
P0002933,S0002248,letter_of_credit,49540,EUR,bank_A,broker_X
P0002934,S0004610,letter_of_credit,51043,USD,bank_C,broker_Y
P0002935,S0001438,letter_of_credit,140085,EUR,bank_A,broker_Z
P0002936,S0002189,cashlike,150535,JPY,bank_A,broker_Y
P0002937,S0000738,letter_of_credit,199185,USD,bank_B,broker_Y
P0002938,S0000645,letter_of_credit,78034,USD,bank_A,broker_X
P0002939,S0004389,letter_of_credit,166649,EUR,bank_A,broker_Y
P0002940,S0004244,cashlike,118437,USD,bank_A,broker_Y
P0002941,S0002231,letter_of_credit,165009,EUR,bank_A,broker_Z
P0002942,S0002588,letter_of_credit,44620,EUR,bank_B,broker_Y
P0002943,S0000833,letter_of_credit,138108,JPY,bank_B,broker_X
P0002944,S0002666,letter_of_credit,21059,USD,bank_C,broker_Y
P0002945,S0004798,letter_of_credit,35872,EUR,bank_B,broker_Y
P0002946,S0002972,wire,49001,EUR,bank_B,broker_Y
P0002947,S0000544,cashlike,103723,JPY,bank_B,broker_X
P0002948,S0000929,letter_of_credit,172150,EUR,bank_A,broker_X
P0002949,S0003142,wire,77373,JPY,bank_A,broker_Z
P0002950,S0002711,letter_of_credit,25194,JPY,bank_B,broker_Z
P0002951,S0000134,letter_of_credit,121299,EUR,bank_A,broker_Z
P0002952,S0000395,cashlike,32915,JPY,bank_C,broker_X
P0002953,S0004970,letter_of_credit,83459,EUR,bank_A,broker_Z
P0002954,S0000451,wire,133325,USD,bank_B,broker_X
P0002955,S0004040,wire,31509,JPY,bank_C,broker_Y
P0002956,S0001722,cashlike,4196,EUR,bank_C,broker_Y
P0002957,S0004970,wire,150625,JPY,bank_B,broker_X
P0002958,S0004503,letter_of_credit,187287,JPY,bank_C,broker_Z
P0002959,S0003467,letter_of_credit,80776,JPY,bank_C,broker_X
P0002960,S0000855,wire,126519,JPY,bank_C,broker_Y
P0002961,S0003238,letter_of_credit,130989,USD,bank_A,broker_Z
P0002962,S0002427,letter_of_credit,110877,EUR,bank_A,broker_X
P0002963,S0003665,cashlike,55028,EUR,bank_A,broker_Y
P0002964,S0003124,wire,67885,USD,bank_B,broker_Z
P0002965,S0003465,letter_of_credit,52188,USD,bank_C,broker_Y
P0002966,S0000552,wire,82642,JPY,bank_B,broker_X
P0002967,S0002271,wire,55930,JPY,bank_B,broker_Y
P0002968,S0003293,letter_of_credit,171147,USD,bank_A,broker_Y
P0002969,S0001205,letter_of_credit,10151,USD,bank_B,broker_X
P0002970,S0001409,letter_of_credit,143400,JPY,bank_B,broker_Y
P0002971,S0004275,wire,45908,JPY,bank_A,broker_Z
P0002972,S0002590,letter_of_credit,100581,EUR,bank_A,broker_X
P0002973,S0000030,wire,102761,USD,bank_C,broker_Y
P0002974,S0003268,letter_of_credit,143813,USD,bank_A,broker_X
P0002975,S0000748,cashlike,48614,JPY,bank_C,broker_Y
P0002976,S0002367,letter_of_credit,35701,USD,bank_C,broker_Z
P0002977,S0001805,letter_of_credit,186289,JPY,bank_C,broker_Z
P0002978,S0004572,cashlike,196769,JPY,bank_C,broker_X
P0002979,S0001884,cashlike,101908,JPY,bank_A,broker_X
P0002980,S0003779,cashlike,44991,EUR,bank_B,broker_Y
P0002981,S0000492,wire,101341,JPY,bank_A,broker_Y
P0002982,S0004059,cashlike,143669,EUR,bank_B,broker_X
P0002983,S0004874,letter_of_credit,107132,EUR,bank_A,broker_X
P0002984,S0001130,letter_of_credit,91660,USD,bank_A,broker_Z
P0002985,S0001043,wire,19405,EUR,bank_B,broker_Z
P0002986,S0000436,wire,106525,JPY,bank_B,broker_X
P0002987,S0004842,cashlike,91456,JPY,bank_B,broker_Y
P0002988,S0000203,letter_of_credit,62317,JPY,bank_A,broker_Y
P0002989,S0000584,cashlike,126092,JPY,bank_A,broker_Z
P0002990,S0003053,letter_of_credit,167693,EUR,bank_C,broker_Y
P0002991,S0001488,wire,126270,JPY,bank_A,broker_Z
P0002992,S0004710,wire,26602,USD,bank_B,broker_X
P0002993,S0004563,wire,61038,JPY,bank_B,broker_X
P0002994,S0001175,wire,24102,USD,bank_A,broker_Z
P0002995,S0003278,letter_of_credit,72856,JPY,bank_C,broker_X
P0002996,S0002781,letter_of_credit,130878,JPY,bank_B,broker_Z
P0002997,S0000264,letter_of_credit,40542,JPY,bank_B,broker_Z
P0002998,S0000215,letter_of_credit,113519,USD,bank_A,broker_Z
P0002999,S0000011,cashlike,52711,JPY,bank_B,broker_Z
P0003000,S0001141,wire,12751,EUR,bank_C,broker_X
P0003001,S0000797,wire,57968,JPY,bank_A,broker_Z
P0003002,S0003375,wire,59929,JPY,bank_A,broker_X
P0003003,S0001852,cashlike,66244,EUR,bank_A,broker_X
P0003004,S0004599,cashlike,150092,JPY,bank_C,broker_Y
P0003005,S0000760,letter_of_credit,199173,JPY,bank_B,broker_X
P0003006,S0003499,letter_of_credit,89009,USD,bank_A,broker_Y
P0003007,S0002149,wire,37577,JPY,bank_A,broker_X
P0003008,S0000818,cashlike,24150,USD,bank_C,broker_Y
P0003009,S0000895,wire,192511,USD,bank_C,broker_Z
P0003010,S0000591,wire,160906,EUR,bank_C,broker_X
P0003011,S0004106,letter_of_credit,133989,USD,bank_C,broker_Z
P0003012,S0000642,letter_of_credit,17360,JPY,bank_A,broker_X
P0003013,S0004702,wire,142427,JPY,bank_A,broker_Z
P0003014,S0001217,letter_of_credit,146349,EUR,bank_B,broker_X
P0003015,S0003481,letter_of_credit,188251,USD,bank_A,broker_Z
P0003016,S0002755,wire,66819,USD,bank_B,broker_Z
P0003017,S0002961,letter_of_credit,115830,EUR,bank_B,broker_X
P0003018,S0004964,wire,15474,JPY,bank_B,broker_X
P0003019,S0001937,cashlike,141533,EUR,bank_B,broker_Y
P0003020,S0000058,letter_of_credit,113821,USD,bank_B,broker_Z
P0003021,S0002084,letter_of_credit,48948,USD,bank_A,broker_Z
P0003022,S0004634,letter_of_credit,151998,USD,bank_C,broker_Z
P0003023,S0003458,cashlike,43285,USD,bank_C,broker_X
P0003024,S0000443,letter_of_credit,9476,USD,bank_C,broker_Z
P0003025,S0000819,wire,98592,USD,bank_B,broker_X
P0003026,S0004978,letter_of_credit,149006,JPY,bank_A,broker_X
P0003027,S0004641,wire,114992,JPY,bank_A,broker_Y
P0003028,S0000149,wire,126810,USD,bank_C,broker_X
P0003029,S0003820,wire,190723,EUR,bank_B,broker_X
P0003030,S0002786,cashlike,151398,EUR,bank_A,broker_Z
P0003031,S0003060,letter_of_credit,87106,EUR,bank_A,broker_Y
P0003032,S0001457,cashlike,1896,JPY,bank_A,broker_Y
P0003033,S0000068,cashlike,99305,EUR,bank_A,broker_Y
P0003034,S0002640,letter_of_credit,88368,JPY,bank_A,broker_Z
P0003035,S0002989,wire,83459,JPY,bank_C,broker_X
P0003036,S0001811,wire,137243,JPY,bank_C,broker_Z
P0003037,S0004482,letter_of_credit,169240,USD,bank_B,broker_Z
P0003038,S0002228,letter_of_credit,62326,USD,bank_A,broker_Z
P0003039,S0001854,letter_of_credit,97615,USD,bank_C,broker_Y
P0003040,S0001909,letter_of_credit,47056,USD,bank_B,broker_X
P0003041,S0001224,cashlike,150448,EUR,bank_C,broker_Y
P0003042,S0000200,cashlike,144013,USD,bank_B,broker_X
P0003043,S0001322,letter_of_credit,184374,USD,bank_B,broker_Y
P0003044,S0003313,wire,46270,EUR,bank_B,broker_X
P0003045,S0002134,cashlike,56830,JPY,bank_B,broker_Z
P0003046,S0002966,letter_of_credit,73696,EUR,bank_B,broker_X
P0003047,S0001245,wire,46843,JPY,bank_C,broker_X
P0003048,S0001428,cashlike,91699,JPY,bank_A,broker_Y
P0003049,S0002335,cashlike,151375,EUR,bank_B,broker_Y
P0003050,S0003335,cashlike,59695,EUR,bank_A,broker_Y
P0003051,S0003709,letter_of_credit,173883,USD,bank_C,broker_X
P0003052,S0003910,cashlike,66307,EUR,bank_B,broker_X
P0003053,S0002853,letter_of_credit,106569,EUR,bank_A,broker_Z
P0003054,S0004651,cashlike,135423,USD,bank_B,broker_Z
P0003055,S0000483,cashlike,24136,EUR,bank_C,broker_Z
P0003056,S0003763,wire,172869,JPY,bank_C,broker_Y
P0003057,S0002848,wire,146205,USD,bank_C,broker_X
P0003058,S0004884,cashlike,100331,EUR,bank_C,broker_Y
P0003059,S0003114,cashlike,62686,USD,bank_C,broker_X
P0003060,S0002175,wire,196783,EUR,bank_B,broker_Y
P0003061,S0000631,letter_of_credit,45432,EUR,bank_B,broker_X
P0003062,S0001841,wire,198495,USD,bank_B,broker_Z
P0003063,S0003358,letter_of_credit,130033,USD,bank_C,broker_X
P0003064,S0001937,wire,152374,EUR,bank_B,broker_Z
P0003065,S0000810,cashlike,69754,EUR,bank_B,broker_Z
P0003066,S0000918,cashlike,176140,EUR,bank_A,broker_X
P0003067,S0002722,cashlike,132462,JPY,bank_A,broker_Y
P0003068,S0002813,wire,67978,EUR,bank_A,broker_Z
P0003069,S0003066,cashlike,190262,USD,bank_C,broker_Y
P0003070,S0002337,letter_of_credit,155871,JPY,bank_B,broker_Z
P0003071,S0000585,letter_of_credit,1247,USD,bank_C,broker_X
P0003072,S0001242,cashlike,196760,EUR,bank_B,broker_Y
P0003073,S0001722,cashlike,79183,EUR,bank_C,broker_Y
P0003074,S0003189,wire,50323,EUR,bank_A,broker_Y
P0003075,S0002887,letter_of_credit,5634,USD,bank_A,broker_Z
P0003076,S0004197,wire,197053,USD,bank_A,broker_Y
P0003077,S0003211,letter_of_credit,119304,JPY,bank_A,broker_Z
P0003078,S0004727,letter_of_credit,66388,EUR,bank_C,broker_X
P0003079,S0002467,cashlike,84871,EUR,bank_C,broker_Y
P0003080,S0001821,letter_of_credit,75129,JPY,bank_C,broker_X
P0003081,S0002911,cashlike,155395,EUR,bank_A,broker_X
P0003082,S0003335,letter_of_credit,59480,EUR,bank_B,broker_Y
P0003083,S0002844,wire,77263,USD,bank_C,broker_Y
P0003084,S0004781,cashlike,15529,USD,bank_C,broker_Y
P0003085,S0004287,wire,135474,EUR,bank_B,broker_X
P0003086,S0001288,wire,130323,JPY,bank_C,broker_Z
P0003087,S0003787,cashlike,39047,USD,bank_A,broker_Z
P0003088,S0001232,wire,38656,EUR,bank_C,broker_Y
P0003089,S0001835,wire,188362,USD,bank_A,broker_Z
P0003090,S0003628,wire,16917,JPY,bank_B,broker_Y
P0003091,S0004244,cashlike,156691,EUR,bank_C,broker_X
P0003092,S0001246,wire,3369,USD,bank_B,broker_Y
P0003093,S0002484,wire,91814,JPY,bank_C,broker_Y
P0003094,S0004798,cashlike,107081,USD,bank_C,broker_Z
P0003095,S0000682,wire,159195,EUR,bank_A,broker_Z
P0003096,S0002730,cashlike,30604,USD,bank_B,broker_Y
P0003097,S0003875,cashlike,97621,JPY,bank_A,broker_Z
P0003098,S0002537,letter_of_credit,100723,JPY,bank_A,broker_X
P0003099,S0000970,letter_of_credit,99715,USD,bank_B,broker_Y
P0003100,S0002916,letter_of_credit,7849,JPY,bank_B,broker_X
P0003101,S0000248,letter_of_credit,178532,EUR,bank_B,broker_Z
P0003102,S0002750,letter_of_credit,100671,EUR,bank_C,broker_X
P0003103,S0003982,cashlike,65983,JPY,bank_C,broker_X
P0003104,S0001911,wire,124094,EUR,bank_B,broker_Z
P0003105,S0000033,wire,35160,USD,bank_C,broker_Z
P0003106,S0001560,wire,65828,EUR,bank_B,broker_X
P0003107,S0000970,cashlike,129545,EUR,bank_A,broker_X
P0003108,S0003945,cashlike,89734,USD,bank_A,broker_X
P0003109,S0000861,wire,70696,USD,bank_A,broker_Z
P0003110,S0002148,wire,183486,JPY,bank_A,broker_Z
P0003111,S0004898,wire,8351,JPY,bank_B,broker_Y
P0003112,S0004273,wire,99257,USD,bank_B,broker_Y
P0003113,S0004456,letter_of_credit,142726,USD,bank_B,broker_Y
P0003114,S0000837,cashlike,55487,JPY,bank_C,broker_Z
P0003115,S0004780,wire,195472,JPY,bank_B,broker_Z
P0003116,S0002399,wire,147859,EUR,bank_C,broker_Z
P0003117,S0002472,cashlike,125973,JPY,bank_C,broker_Y
P0003118,S0002604,wire,148587,JPY,bank_A,broker_X
P0003119,S0004594,wire,161330,EUR,bank_B,broker_Y
P0003120,S0001613,cashlike,138621,EUR,bank_B,broker_Z
P0003121,S0004206,wire,86506,JPY,bank_B,broker_Y
P0003122,S0002700,wire,128028,USD,bank_B,broker_X
P0003123,S0000530,letter_of_credit,48113,JPY,bank_C,broker_Z
P0003124,S0002751,letter_of_credit,46126,USD,bank_B,broker_Y
P0003125,S0000768,letter_of_credit,69752,USD,bank_A,broker_X
P0003126,S0001154,cashlike,116542,JPY,bank_A,broker_X
P0003127,S0002942,cashlike,163876,JPY,bank_A,broker_X
P0003128,S0003377,cashlike,52589,JPY,bank_A,broker_Y
P0003129,S0003263,wire,16273,JPY,bank_A,broker_Y
P0003130,S0003460,cashlike,173058,EUR,bank_B,broker_Z
P0003131,S0004535,cashlike,95039,USD,bank_C,broker_X
P0003132,S0003796,wire,124362,JPY,bank_A,broker_X
P0003133,S0001714,letter_of_credit,191985,EUR,bank_C,broker_Z
P0003134,S0004898,cashlike,142174,EUR,bank_B,broker_Z
P0003135,S0001367,letter_of_credit,54963,USD,bank_C,broker_Z
P0003136,S0002286,letter_of_credit,65585,JPY,bank_B,broker_X
P0003137,S0004388,cashlike,53903,EUR,bank_A,broker_Y
P0003138,S0001184,cashlike,164710,EUR,bank_B,broker_Y
P0003139,S0003309,letter_of_credit,80397,JPY,bank_A,broker_Z
P0003140,S0000897,cashlike,66303,JPY,bank_B,broker_Y
P0003141,S0002023,wire,67033,JPY,bank_A,broker_X
P0003142,S0004565,letter_of_credit,196282,USD,bank_A,broker_Z
P0003143,S0000354,wire,134869,USD,bank_C,broker_Y
P0003144,S0000004,wire,26402,JPY,bank_A,broker_X
P0003145,S0000280,wire,140436,USD,bank_B,broker_X
P0003146,S0003957,letter_of_credit,184943,USD,bank_B,broker_Y
P0003147,S0003771,cashlike,38004,USD,bank_B,broker_Y
P0003148,S0000510,cashlike,8852,USD,bank_B,broker_Y
P0003149,S0000706,letter_of_credit,121618,EUR,bank_B,broker_Y
P0003150,S0000354,letter_of_credit,6336,USD,bank_A,broker_X
P0003151,S0003462,wire,80418,USD,bank_B,broker_Y
P0003152,S0004121,wire,119059,EUR,bank_C,broker_Z
P0003153,S0004125,wire,192796,USD,bank_B,broker_X
P0003154,S0002528,cashlike,194271,EUR,bank_C,broker_Z
P0003155,S0004440,letter_of_credit,74598,JPY,bank_C,broker_Y
P0003156,S0000260,letter_of_credit,107648,USD,bank_B,broker_X
P0003157,S0004931,wire,57333,USD,bank_B,broker_Z
P0003158,S0002605,cashlike,194418,EUR,bank_A,broker_Y
P0003159,S0001698,letter_of_credit,71973,JPY,bank_A,broker_Y
P0003160,S0003269,wire,118824,JPY,bank_C,broker_Z
P0003161,S0001736,cashlike,160553,JPY,bank_C,broker_Z
P0003162,S0001256,wire,115657,EUR,bank_A,broker_Z
P0003163,S0000200,cashlike,62000,JPY,bank_B,broker_Z
P0003164,S0000565,letter_of_credit,39077,EUR,bank_B,broker_Y
P0003165,S0001824,letter_of_credit,2475,JPY,bank_C,broker_Y
P0003166,S0001704,letter_of_credit,109887,EUR,bank_B,broker_X
P0003167,S0000325,wire,33941,JPY,bank_C,broker_Z
P0003168,S0000565,letter_of_credit,43914,EUR,bank_A,broker_X
P0003169,S0004311,cashlike,140817,JPY,bank_C,broker_Y
P0003170,S0001385,cashlike,183571,USD,bank_C,broker_Z
P0003171,S0003624,wire,76786,JPY,bank_B,broker_Y
P0003172,S0002434,cashlike,154144,USD,bank_C,broker_X
P0003173,S0000193,letter_of_credit,134194,JPY,bank_B,broker_X
P0003174,S0000817,cashlike,3306,USD,bank_C,broker_X
P0003175,S0002414,letter_of_credit,111439,JPY,bank_B,broker_Y
P0003176,S0002095,wire,82033,USD,bank_B,broker_Z
P0003177,S0001180,wire,142421,JPY,bank_A,broker_X
P0003178,S0004202,cashlike,140678,EUR,bank_C,broker_Y
P0003179,S0000820,letter_of_credit,136047,USD,bank_B,broker_X
P0003180,S0000469,wire,160711,EUR,bank_C,broker_Y
P0003181,S0003954,cashlike,8877,JPY,bank_A,broker_Y
P0003182,S0000974,letter_of_credit,59201,USD,bank_C,broker_X
P0003183,S0004511,letter_of_credit,164158,USD,bank_C,broker_X
P0003184,S0002280,letter_of_credit,176434,EUR,bank_C,broker_Y
P0003185,S0003964,cashlike,168010,JPY,bank_B,broker_X
P0003186,S0004209,letter_of_credit,76771,USD,bank_B,broker_Y
P0003187,S0003171,letter_of_credit,58925,EUR,bank_C,broker_X
P0003188,S0000832,cashlike,36723,EUR,bank_B,broker_X
P0003189,S0002464,wire,63792,JPY,bank_C,broker_Z
P0003190,S0001491,cashlike,53906,EUR,bank_A,broker_Y
P0003191,S0003628,wire,183819,USD,bank_B,broker_X
P0003192,S0000402,letter_of_credit,110157,EUR,bank_C,broker_Z
P0003193,S0004651,cashlike,155848,USD,bank_B,broker_X
P0003194,S0002205,cashlike,13928,EUR,bank_A,broker_Y
P0003195,S0004035,letter_of_credit,59609,EUR,bank_B,broker_Y
P0003196,S0002963,wire,124753,USD,bank_C,broker_Z
P0003197,S0001219,wire,138295,JPY,bank_C,broker_Z
P0003198,S0002602,cashlike,138908,JPY,bank_A,broker_Z
P0003199,S0001670,wire,54316,JPY,bank_A,broker_Z
P0003200,S0003569,wire,78096,EUR,bank_A,broker_X
P0003201,S0002160,cashlike,88552,USD,bank_B,broker_Y
P0003202,S0000904,cashlike,22484,USD,bank_C,broker_Z
P0003203,S0003283,letter_of_credit,71550,EUR,bank_A,broker_Z
P0003204,S0004446,wire,45944,EUR,bank_A,broker_Y
P0003205,S0001802,wire,45312,USD,bank_A,broker_Z
P0003206,S0000197,wire,113929,EUR,bank_A,broker_X
P0003207,S0003256,wire,78627,EUR,bank_C,broker_X
P0003208,S0001396,letter_of_credit,123645,EUR,bank_C,broker_Y
P0003209,S0000714,letter_of_credit,123493,JPY,bank_C,broker_X
P0003210,S0004315,wire,195978,EUR,bank_A,broker_Y
P0003211,S0000246,letter_of_credit,8759,USD,bank_B,broker_Y
P0003212,S0000109,letter_of_credit,25723,EUR,bank_B,broker_Z
P0003213,S0004235,letter_of_credit,105991,USD,bank_C,broker_Z
P0003214,S0000061,wire,88899,USD,bank_B,broker_Z
P0003215,S0002551,wire,78504,USD,bank_A,broker_Z
P0003216,S0004326,cashlike,81431,JPY,bank_C,broker_Z
P0003217,S0003211,cashlike,130928,USD,bank_B,broker_Z
P0003218,S0002976,cashlike,73577,EUR,bank_B,broker_X
P0003219,S0003228,letter_of_credit,114084,USD,bank_C,broker_Z
P0003220,S0001285,letter_of_credit,121162,JPY,bank_C,broker_Y
P0003221,S0003994,cashlike,64038,USD,bank_B,broker_X
P0003222,S0002627,cashlike,140980,EUR,bank_B,broker_Z
P0003223,S0000729,wire,93089,USD,bank_A,broker_Z
P0003224,S0004862,wire,125771,JPY,bank_B,broker_Z
P0003225,S0003364,wire,52783,EUR,bank_B,broker_X
P0003226,S0003884,wire,92668,USD,bank_C,broker_Z
P0003227,S0003652,letter_of_credit,55351,USD,bank_B,broker_Z
P0003228,S0000931,letter_of_credit,28017,EUR,bank_B,broker_Z
P0003229,S0002288,cashlike,190054,JPY,bank_A,broker_Y
P0003230,S0004963,letter_of_credit,7099,JPY,bank_B,broker_X
P0003231,S0002917,letter_of_credit,191396,JPY,bank_A,broker_X
P0003232,S0003312,wire,168410,EUR,bank_A,broker_Z
P0003233,S0001155,cashlike,32848,USD,bank_B,broker_X
P0003234,S0001626,letter_of_credit,48718,USD,bank_B,broker_Y
P0003235,S0003128,letter_of_credit,92170,JPY,bank_C,broker_X
P0003236,S0004053,wire,161384,USD,bank_B,broker_Y
P0003237,S0003822,letter_of_credit,116701,EUR,bank_A,broker_Y
P0003238,S0003323,cashlike,189842,USD,bank_C,broker_X
P0003239,S0003500,cashlike,150922,EUR,bank_C,broker_X
P0003240,S0003287,letter_of_credit,18913,EUR,bank_C,broker_X
P0003241,S0001917,wire,120504,EUR,bank_C,broker_Z
P0003242,S0000098,cashlike,175234,JPY,bank_C,broker_X
P0003243,S0004022,wire,23932,USD,bank_C,broker_X
P0003244,S0001654,wire,37501,JPY,bank_A,broker_Y
P0003245,S0003231,cashlike,104726,JPY,bank_C,broker_Z
P0003246,S0000525,letter_of_credit,197628,EUR,bank_A,broker_X
P0003247,S0001464,wire,94001,USD,bank_C,broker_Z
P0003248,S0000778,wire,21041,JPY,bank_A,broker_X
P0003249,S0000611,wire,49366,EUR,bank_C,broker_X
P0003250,S0001400,wire,58991,EUR,bank_A,broker_Z
P0003251,S0000914,wire,123247,EUR,bank_A,broker_Z
P0003252,S0001976,wire,120004,USD,bank_B,broker_Z
P0003253,S0000767,letter_of_credit,70598,USD,bank_C,broker_Z
P0003254,S0000301,cashlike,167699,JPY,bank_B,broker_Y
P0003255,S0004140,wire,38432,EUR,bank_B,broker_Y
P0003256,S0002985,cashlike,114850,JPY,bank_A,broker_X
P0003257,S0002378,letter_of_credit,123190,USD,bank_B,broker_Z
P0003258,S0000932,letter_of_credit,192234,USD,bank_C,broker_X
P0003259,S0000132,cashlike,177168,EUR,bank_B,broker_X
P0003260,S0003668,cashlike,152706,EUR,bank_B,broker_X
P0003261,S0000213,letter_of_credit,195848,USD,bank_B,broker_Z
P0003262,S0004112,wire,103210,JPY,bank_B,broker_Y
P0003263,S0003246,cashlike,73638,JPY,bank_B,broker_Y
P0003264,S0000721,wire,154109,USD,bank_C,broker_X
P0003265,S0003359,cashlike,21662,JPY,bank_C,broker_Z
P0003266,S0003909,wire,182341,JPY,bank_B,broker_X
P0003267,S0002727,cashlike,173761,JPY,bank_C,broker_Z
P0003268,S0004738,letter_of_credit,122105,EUR,bank_C,broker_Z
P0003269,S0001265,cashlike,192574,EUR,bank_A,broker_X
P0003270,S0003644,letter_of_credit,71677,EUR,bank_C,broker_Y
P0003271,S0004558,letter_of_credit,126614,JPY,bank_C,broker_X
P0003272,S0003670,cashlike,183034,JPY,bank_C,broker_X
P0003273,S0000322,cashlike,16275,USD,bank_B,broker_Y
P0003274,S0002088,letter_of_credit,106250,EUR,bank_A,broker_Y
P0003275,S0004582,letter_of_credit,105589,JPY,bank_B,broker_X
P0003276,S0004728,cashlike,135653,JPY,bank_C,broker_X
P0003277,S0000624,letter_of_credit,84459,JPY,bank_A,broker_Y
P0003278,S0003888,cashlike,45626,EUR,bank_C,broker_Y
P0003279,S0001699,letter_of_credit,96489,EUR,bank_C,broker_X
P0003280,S0003273,letter_of_credit,127945,USD,bank_A,broker_Y
P0003281,S0002052,cashlike,199929,EUR,bank_C,broker_Y
P0003282,S0003790,cashlike,69946,EUR,bank_A,broker_Z
P0003283,S0003177,cashlike,1922,EUR,bank_B,broker_Z
P0003284,S0003749,cashlike,22993,JPY,bank_C,broker_X
P0003285,S0000064,cashlike,168193,USD,bank_C,broker_Y
P0003286,S0003289,cashlike,129301,EUR,bank_B,broker_Z
P0003287,S0003156,letter_of_credit,151268,JPY,bank_C,broker_X
P0003288,S0001285,wire,117335,EUR,bank_C,broker_Z
P0003289,S0004994,wire,56970,JPY,bank_A,broker_Z
P0003290,S0001265,wire,13098,EUR,bank_C,broker_Y
P0003291,S0000196,letter_of_credit,156326,EUR,bank_C,broker_Y
P0003292,S0001916,wire,128876,EUR,bank_C,broker_Y
P0003293,S0002883,letter_of_credit,21298,JPY,bank_A,broker_Z
P0003294,S0002352,cashlike,93384,JPY,bank_A,broker_Y
P0003295,S0002204,cashlike,71227,USD,bank_C,broker_Z
P0003296,S0003218,cashlike,64017,EUR,bank_A,broker_Y
P0003297,S0001923,letter_of_credit,55393,USD,bank_A,broker_Y
P0003298,S0004178,wire,47631,JPY,bank_A,broker_X
P0003299,S0001701,letter_of_credit,191424,EUR,bank_B,broker_X
P0003300,S0002371,cashlike,117479,USD,bank_A,broker_Y
P0003301,S0000755,wire,37123,JPY,bank_A,broker_Z
P0003302,S0004731,cashlike,61254,EUR,bank_C,broker_Z
P0003303,S0000764,letter_of_credit,83226,JPY,bank_B,broker_Z
P0003304,S0004002,cashlike,7350,EUR,bank_B,broker_Y
P0003305,S0003239,letter_of_credit,149051,JPY,bank_C,broker_Z
P0003306,S0001706,cashlike,32288,USD,bank_C,broker_X
P0003307,S0004196,cashlike,98914,USD,bank_B,broker_Y
P0003308,S0001490,wire,185787,USD,bank_A,broker_X
P0003309,S0000832,letter_of_credit,10983,USD,bank_B,broker_X
P0003310,S0000716,wire,96222,EUR,bank_C,broker_Y
P0003311,S0001074,wire,4977,EUR,bank_C,broker_Z
P0003312,S0002557,wire,43704,USD,bank_A,broker_Y
P0003313,S0001133,wire,44562,USD,bank_B,broker_Y
P0003314,S0001599,wire,98556,JPY,bank_C,broker_X
P0003315,S0004120,cashlike,28734,JPY,bank_A,broker_Z
P0003316,S0003136,letter_of_credit,106315,EUR,bank_C,broker_Z
P0003317,S0004471,letter_of_credit,82522,USD,bank_B,broker_Y
P0003318,S0001507,wire,114928,JPY,bank_C,broker_X
P0003319,S0002735,cashlike,9047,USD,bank_A,broker_X
P0003320,S0001125,letter_of_credit,2919,JPY,bank_C,broker_Z
P0003321,S0003672,wire,33449,USD,bank_C,broker_X
P0003322,S0004613,wire,157701,JPY,bank_C,broker_Y
P0003323,S0002639,wire,83169,EUR,bank_A,broker_Z
P0003324,S0000331,cashlike,104444,EUR,bank_C,broker_X
P0003325,S0000525,letter_of_credit,31966,EUR,bank_C,broker_Z
P0003326,S0004238,cashlike,5868,JPY,bank_C,broker_X
P0003327,S0000999,cashlike,23145,EUR,bank_A,broker_Z
P0003328,S0001248,letter_of_credit,69468,EUR,bank_C,broker_Z
P0003329,S0003123,cashlike,77929,USD,bank_A,broker_X
P0003330,S0000165,cashlike,145716,USD,bank_C,broker_Z
P0003331,S0003063,letter_of_credit,70801,JPY,bank_A,broker_Y
P0003332,S0000080,letter_of_credit,141485,EUR,bank_C,broker_Z
P0003333,S0004473,cashlike,172333,USD,bank_C,broker_Y
P0003334,S0004844,cashlike,104477,JPY,bank_A,broker_Y
P0003335,S0002589,wire,32990,JPY,bank_B,broker_Y
P0003336,S0003641,wire,112573,JPY,bank_B,broker_X
P0003337,S0004617,cashlike,108497,USD,bank_A,broker_Y
P0003338,S0001777,wire,136879,JPY,bank_A,broker_Z
P0003339,S0000873,letter_of_credit,130643,USD,bank_B,broker_Z
P0003340,S0002997,letter_of_credit,176521,EUR,bank_B,broker_X
P0003341,S0001050,wire,123981,USD,bank_A,broker_X
P0003342,S0004936,cashlike,82730,USD,bank_C,broker_X
P0003343,S0000669,wire,167828,JPY,bank_A,broker_X
P0003344,S0003427,cashlike,92434,USD,bank_A,broker_Y
P0003345,S0000302,letter_of_credit,87904,USD,bank_A,broker_Y
P0003346,S0004144,cashlike,118486,JPY,bank_B,broker_X
P0003347,S0002323,letter_of_credit,34247,USD,bank_C,broker_Y
P0003348,S0004471,cashlike,133089,JPY,bank_B,broker_Z
P0003349,S0001774,wire,92854,JPY,bank_C,broker_Y
P0003350,S0004905,letter_of_credit,153390,USD,bank_B,broker_Y
P0003351,S0001417,letter_of_credit,30149,EUR,bank_B,broker_X
P0003352,S0004406,cashlike,58790,EUR,bank_B,broker_Z
P0003353,S0002410,letter_of_credit,165245,USD,bank_C,broker_X
P0003354,S0002783,letter_of_credit,53971,EUR,bank_A,broker_Y
P0003355,S0004155,cashlike,33743,USD,bank_B,broker_Y
P0003356,S0002566,letter_of_credit,21235,EUR,bank_B,broker_Y
P0003357,S0000026,wire,161180,USD,bank_B,broker_Z
P0003358,S0004743,cashlike,155400,EUR,bank_B,broker_Y
P0003359,S0004494,cashlike,161724,JPY,bank_B,broker_Y
P0003360,S0003416,cashlike,134295,EUR,bank_C,broker_X
P0003361,S0002206,cashlike,115376,JPY,bank_B,broker_X
P0003362,S0003118,wire,48578,USD,bank_B,broker_X
P0003363,S0001800,cashlike,142850,EUR,bank_C,broker_Z
P0003364,S0001854,wire,55815,USD,bank_C,broker_Z
P0003365,S0003465,letter_of_credit,115659,EUR,bank_C,broker_Y
P0003366,S0004257,letter_of_credit,5941,USD,bank_A,broker_Z
P0003367,S0004865,cashlike,76413,EUR,bank_B,broker_X
P0003368,S0003059,cashlike,59032,EUR,bank_B,broker_Y
P0003369,S0004642,letter_of_credit,69397,JPY,bank_A,broker_Y
P0003370,S0004589,letter_of_credit,134904,EUR,bank_B,broker_Z
P0003371,S0004896,cashlike,142975,JPY,bank_C,broker_X
P0003372,S0001212,cashlike,25831,EUR,bank_B,broker_X
P0003373,S0003973,wire,11965,USD,bank_B,broker_X
P0003374,S0001335,wire,64222,JPY,bank_A,broker_Z
P0003375,S0001298,cashlike,17317,EUR,bank_B,broker_Z
P0003376,S0000937,wire,57047,USD,bank_C,broker_X
P0003377,S0000773,cashlike,124300,USD,bank_C,broker_Z
P0003378,S0000877,cashlike,132704,EUR,bank_B,broker_X
P0003379,S0001628,letter_of_credit,103846,EUR,bank_A,broker_Z
P0003380,S0001669,cashlike,50480,USD,bank_B,broker_Y
P0003381,S0001147,letter_of_credit,104532,USD,bank_C,broker_X
P0003382,S0003367,letter_of_credit,68989,JPY,bank_C,broker_Z
P0003383,S0001935,cashlike,14365,USD,bank_C,broker_Z
P0003384,S0000950,letter_of_credit,133599,EUR,bank_C,broker_Z
P0003385,S0000326,wire,156587,USD,bank_B,broker_Y
P0003386,S0000926,letter_of_credit,11888,EUR,bank_A,broker_Y
P0003387,S0004532,cashlike,10355,USD,bank_C,broker_Z
P0003388,S0002207,letter_of_credit,170359,USD,bank_A,broker_Y
P0003389,S0004674,wire,98448,USD,bank_B,broker_Z
P0003390,S0004071,cashlike,181103,USD,bank_A,broker_X
P0003391,S0003969,cashlike,74695,EUR,bank_C,broker_Y
P0003392,S0002374,wire,36186,JPY,bank_A,broker_Y
P0003393,S0001744,cashlike,57382,USD,bank_C,broker_Y
P0003394,S0001698,cashlike,147337,JPY,bank_B,broker_Z
P0003395,S0002843,wire,103042,EUR,bank_A,broker_X
P0003396,S0003515,cashlike,149679,EUR,bank_B,broker_X
P0003397,S0004157,letter_of_credit,153821,USD,bank_B,broker_X
P0003398,S0000461,wire,113416,USD,bank_C,broker_X
P0003399,S0004457,cashlike,135038,USD,bank_A,broker_Y
P0003400,S0002747,wire,20558,EUR,bank_B,broker_Y
P0003401,S0004197,wire,35587,USD,bank_B,broker_Y
P0003402,S0004461,letter_of_credit,151140,EUR,bank_B,broker_Y
P0003403,S0001601,cashlike,15280,USD,bank_B,broker_X
P0003404,S0001763,cashlike,154239,USD,bank_A,broker_Z
P0003405,S0003246,wire,13645,EUR,bank_A,broker_X
P0003406,S0001619,wire,131273,EUR,bank_B,broker_Y
P0003407,S0002071,wire,51790,USD,bank_B,broker_X
P0003408,S0000309,cashlike,88508,JPY,bank_C,broker_Z
P0003409,S0000317,wire,84464,JPY,bank_C,broker_X
P0003410,S0002936,cashlike,14096,USD,bank_C,broker_Z
P0003411,S0001204,wire,99315,EUR,bank_A,broker_Z
P0003412,S0000870,letter_of_credit,68480,JPY,bank_B,broker_X
P0003413,S0002894,wire,128451,JPY,bank_B,broker_Y
P0003414,S0004202,cashlike,64888,EUR,bank_C,broker_Y
P0003415,S0000195,cashlike,166831,EUR,bank_A,broker_X
P0003416,S0003923,cashlike,49706,JPY,bank_A,broker_Z
P0003417,S0004948,cashlike,102947,USD,bank_C,broker_Z
P0003418,S0002895,cashlike,122456,JPY,bank_B,broker_Z
P0003419,S0003066,wire,43563,USD,bank_B,broker_X
P0003420,S0000441,wire,164451,EUR,bank_B,broker_X
P0003421,S0001609,cashlike,68218,JPY,bank_B,broker_X
P0003422,S0001886,cashlike,136895,JPY,bank_C,broker_Y
P0003423,S0004609,wire,107284,USD,bank_B,broker_X
P0003424,S0001506,cashlike,3188,EUR,bank_A,broker_Y
P0003425,S0000169,letter_of_credit,186281,EUR,bank_C,broker_Z
P0003426,S0003342,wire,3325,USD,bank_B,broker_Y
P0003427,S0002771,wire,29831,JPY,bank_A,broker_Y
P0003428,S0003465,letter_of_credit,69034,USD,bank_C,broker_X
P0003429,S0004875,cashlike,66509,USD,bank_A,broker_Z
P0003430,S0003160,cashlike,4222,EUR,bank_A,broker_Y
P0003431,S0003503,wire,132312,USD,bank_C,broker_Y
P0003432,S0000136,cashlike,17475,JPY,bank_B,broker_Y
P0003433,S0001188,wire,7003,USD,bank_B,broker_Z
P0003434,S0003350,cashlike,20740,JPY,bank_C,broker_Y
P0003435,S0004715,letter_of_credit,60173,JPY,bank_B,broker_Y
P0003436,S0004159,letter_of_credit,51253,EUR,bank_B,broker_Z
P0003437,S0001433,wire,42242,JPY,bank_A,broker_Y
P0003438,S0004124,cashlike,140741,JPY,bank_A,broker_X
P0003439,S0003257,letter_of_credit,54911,EUR,bank_B,broker_Y
P0003440,S0000356,letter_of_credit,155059,JPY,bank_A,broker_Y
P0003441,S0000382,cashlike,58586,EUR,bank_A,broker_X
P0003442,S0002358,wire,22379,USD,bank_B,broker_Z
P0003443,S0003050,wire,112820,USD,bank_C,broker_Z
P0003444,S0002181,cashlike,79858,JPY,bank_B,broker_Y
P0003445,S0003979,letter_of_credit,59172,EUR,bank_C,broker_Z
P0003446,S0000428,wire,119085,EUR,bank_C,broker_Z
P0003447,S0003570,wire,178896,EUR,bank_C,broker_X
P0003448,S0002250,wire,170948,JPY,bank_C,broker_Z
P0003449,S0001543,wire,104476,USD,bank_B,broker_Z
P0003450,S0003215,cashlike,94959,EUR,bank_B,broker_Z
P0003451,S0002599,wire,177842,USD,bank_C,broker_X
P0003452,S0002230,wire,33237,EUR,bank_A,broker_X
P0003453,S0002220,cashlike,72369,USD,bank_A,broker_X
P0003454,S0000238,cashlike,165118,USD,bank_C,broker_X
P0003455,S0001434,letter_of_credit,55352,EUR,bank_B,broker_X
P0003456,S0001532,wire,135619,USD,bank_C,broker_X
P0003457,S0000076,wire,136884,JPY,bank_B,broker_Z
P0003458,S0000859,letter_of_credit,167907,EUR,bank_B,broker_Z
P0003459,S0003032,letter_of_credit,155544,USD,bank_C,broker_Z
P0003460,S0004504,cashlike,70017,EUR,bank_C,broker_Z
P0003461,S0004502,wire,51422,JPY,bank_C,broker_Z
P0003462,S0003026,letter_of_credit,85103,JPY,bank_C,broker_Y
P0003463,S0000579,wire,193278,EUR,bank_C,broker_Z
P0003464,S0002272,wire,127793,USD,bank_B,broker_Z
P0003465,S0004634,cashlike,182668,JPY,bank_A,broker_X
P0003466,S0002062,cashlike,11943,USD,bank_A,broker_Y
P0003467,S0003167,cashlike,30064,JPY,bank_B,broker_Z
P0003468,S0003182,letter_of_credit,10720,EUR,bank_C,broker_Y
P0003469,S0003709,wire,78009,USD,bank_B,broker_Z
P0003470,S0002275,wire,124014,EUR,bank_B,broker_X
P0003471,S0003478,cashlike,1359,USD,bank_C,broker_Z
P0003472,S0002603,cashlike,159474,USD,bank_B,broker_X
P0003473,S0002392,letter_of_credit,111802,USD,bank_A,broker_Z
P0003474,S0003890,letter_of_credit,81034,EUR,bank_C,broker_Y
P0003475,S0000002,letter_of_credit,53268,EUR,bank_A,broker_Z
P0003476,S0000551,letter_of_credit,147890,JPY,bank_C,broker_Y
P0003477,S0000814,cashlike,38632,USD,bank_A,broker_Z
P0003478,S0004757,letter_of_credit,89517,USD,bank_B,broker_Z
P0003479,S0001504,wire,194519,EUR,bank_C,broker_Y
P0003480,S0004590,letter_of_credit,30959,JPY,bank_A,broker_Z
P0003481,S0004202,letter_of_credit,62063,EUR,bank_C,broker_Z
P0003482,S0002200,wire,164340,USD,bank_B,broker_Y
P0003483,S0004557,cashlike,4969,EUR,bank_B,broker_Y
P0003484,S0000654,cashlike,119973,EUR,bank_A,broker_Z
P0003485,S0003064,cashlike,136237,JPY,bank_A,broker_Z
P0003486,S0004189,letter_of_credit,168566,USD,bank_C,broker_X
P0003487,S0002775,wire,76071,JPY,bank_A,broker_Y
P0003488,S0002679,wire,149284,USD,bank_C,broker_Z
P0003489,S0004528,wire,165282,USD,bank_A,broker_X
P0003490,S0002376,wire,136112,JPY,bank_B,broker_Y
P0003491,S0000254,cashlike,38903,JPY,bank_A,broker_Y
P0003492,S0002464,letter_of_credit,132752,EUR,bank_A,broker_Y
P0003493,S0004077,wire,191860,EUR,bank_C,broker_Z
P0003494,S0000849,letter_of_credit,12155,USD,bank_C,broker_Z
P0003495,S0004281,wire,103698,USD,bank_B,broker_Y
P0003496,S0001615,cashlike,14831,JPY,bank_B,broker_Y
P0003497,S0000403,letter_of_credit,28875,USD,bank_B,broker_X
P0003498,S0000740,cashlike,51010,USD,bank_C,broker_X
P0003499,S0003570,letter_of_credit,159340,EUR,bank_C,broker_X
P0003500,S0001497,wire,143686,JPY,bank_C,broker_X
P0003501,S0001700,letter_of_credit,5199,USD,bank_C,broker_Y
P0003502,S0000172,cashlike,42764,EUR,bank_A,broker_Z
P0003503,S0004310,letter_of_credit,152642,USD,bank_C,broker_X
P0003504,S0000622,letter_of_credit,73367,EUR,bank_C,broker_Y
P0003505,S0003440,wire,177226,EUR,bank_A,broker_Y
P0003506,S0000560,wire,142503,EUR,bank_B,broker_X
P0003507,S0001368,cashlike,17896,JPY,bank_A,broker_Y
P0003508,S0003312,cashlike,185380,JPY,bank_B,broker_Y
P0003509,S0002166,cashlike,59669,EUR,bank_A,broker_Z
P0003510,S0000864,cashlike,90563,USD,bank_A,broker_Y
P0003511,S0002746,wire,24613,EUR,bank_C,broker_Z
P0003512,S0000272,wire,55780,USD,bank_B,broker_Z
P0003513,S0000855,wire,112300,JPY,bank_B,broker_X
P0003514,S0001675,cashlike,169597,EUR,bank_A,broker_Y
P0003515,S0001706,cashlike,39289,JPY,bank_C,broker_X
P0003516,S0001023,wire,62258,USD,bank_B,broker_Y
P0003517,S0003183,cashlike,109041,JPY,bank_C,broker_Y
P0003518,S0000336,cashlike,98242,EUR,bank_A,broker_Y
P0003519,S0003023,letter_of_credit,113869,EUR,bank_A,broker_Z
P0003520,S0004070,cashlike,154050,JPY,bank_B,broker_Y
P0003521,S0001623,wire,154482,EUR,bank_A,broker_X
P0003522,S0000933,wire,196218,EUR,bank_A,broker_Y
P0003523,S0003824,cashlike,21911,USD,bank_A,broker_Z
P0003524,S0002131,letter_of_credit,187706,USD,bank_A,broker_Y
P0003525,S0003218,letter_of_credit,178731,USD,bank_B,broker_X
P0003526,S0002210,cashlike,143954,EUR,bank_A,broker_Z
P0003527,S0000485,wire,179532,USD,bank_B,broker_X
P0003528,S0004053,letter_of_credit,159036,JPY,bank_A,broker_Z
P0003529,S0004955,letter_of_credit,112356,JPY,bank_C,broker_Y
P0003530,S0004789,letter_of_credit,111350,USD,bank_A,broker_Y
P0003531,S0002725,cashlike,133735,EUR,bank_B,broker_X
P0003532,S0000315,wire,155062,JPY,bank_B,broker_Y
P0003533,S0004296,cashlike,118990,JPY,bank_C,broker_Z
P0003534,S0002822,cashlike,95372,USD,bank_C,broker_Z
P0003535,S0004222,cashlike,162900,EUR,bank_C,broker_X
P0003536,S0003959,cashlike,97469,EUR,bank_B,broker_X
P0003537,S0002102,cashlike,132811,JPY,bank_A,broker_Z
P0003538,S0003298,letter_of_credit,66357,USD,bank_B,broker_X
P0003539,S0000792,wire,171049,JPY,bank_B,broker_Z
P0003540,S0004235,letter_of_credit,21531,EUR,bank_C,broker_Z
P0003541,S0000216,letter_of_credit,195264,JPY,bank_C,broker_Y
P0003542,S0000615,wire,127799,JPY,bank_A,broker_Y
P0003543,S0002059,wire,115259,EUR,bank_B,broker_Y
P0003544,S0004483,wire,10353,USD,bank_B,broker_Z
P0003545,S0003688,cashlike,149401,EUR,bank_C,broker_Y
P0003546,S0000629,letter_of_credit,197288,USD,bank_C,broker_X
P0003547,S0004934,letter_of_credit,144955,JPY,bank_C,broker_Z
P0003548,S0003459,wire,72337,USD,bank_B,broker_Y
P0003549,S0002623,wire,54921,USD,bank_A,broker_Z
P0003550,S0002026,wire,143429,JPY,bank_B,broker_Y
P0003551,S0004181,letter_of_credit,136666,USD,bank_C,broker_Y
P0003552,S0000881,wire,20707,EUR,bank_C,broker_Z
P0003553,S0001012,wire,156352,EUR,bank_C,broker_Z
P0003554,S0000488,wire,159621,USD,bank_B,broker_X
P0003555,S0002106,letter_of_credit,12843,EUR,bank_A,broker_Y
P0003556,S0000483,cashlike,71199,USD,bank_B,broker_X
P0003557,S0001336,letter_of_credit,12127,USD,bank_C,broker_Z
P0003558,S0004607,wire,169926,EUR,bank_B,broker_Y
P0003559,S0001007,wire,155514,JPY,bank_A,broker_Z
P0003560,S0001248,wire,111614,JPY,bank_C,broker_X
P0003561,S0001593,letter_of_credit,162997,USD,bank_B,broker_Z
P0003562,S0002805,cashlike,40519,JPY,bank_A,broker_Z
P0003563,S0001814,wire,17153,JPY,bank_C,broker_Z
P0003564,S0000489,letter_of_credit,65801,EUR,bank_A,broker_Y
P0003565,S0004310,cashlike,126176,EUR,bank_A,broker_Y
P0003566,S0003155,letter_of_credit,76917,JPY,bank_B,broker_X
P0003567,S0003662,wire,20801,EUR,bank_B,broker_Y
P0003568,S0001063,cashlike,59120,EUR,bank_C,broker_X
P0003569,S0003436,wire,106946,JPY,bank_A,broker_Y
P0003570,S0001182,letter_of_credit,34030,JPY,bank_A,broker_X
P0003571,S0003107,letter_of_credit,22115,JPY,bank_C,broker_Y
P0003572,S0002524,cashlike,19639,USD,bank_A,broker_X
P0003573,S0001195,letter_of_credit,189827,EUR,bank_A,broker_Y
P0003574,S0004498,wire,185746,EUR,bank_C,broker_X
P0003575,S0004173,cashlike,59910,EUR,bank_A,broker_X
P0003576,S0003586,letter_of_credit,74504,JPY,bank_B,broker_X
P0003577,S0003727,cashlike,196280,USD,bank_B,broker_Z
P0003578,S0003110,cashlike,71021,JPY,bank_C,broker_Z
P0003579,S0002118,wire,79182,JPY,bank_C,broker_X
P0003580,S0002458,cashlike,145097,JPY,bank_C,broker_Z
P0003581,S0003848,letter_of_credit,41419,JPY,bank_A,broker_Y
P0003582,S0002453,cashlike,137089,EUR,bank_C,broker_Z
P0003583,S0004250,letter_of_credit,5682,USD,bank_B,broker_Y
P0003584,S0002980,letter_of_credit,13642,JPY,bank_A,broker_Z
P0003585,S0002917,wire,111851,JPY,bank_B,broker_Z
P0003586,S0002811,wire,33258,USD,bank_C,broker_Z
P0003587,S0004559,wire,138668,JPY,bank_B,broker_Y
P0003588,S0004344,cashlike,25409,JPY,bank_B,broker_Y
P0003589,S0004362,letter_of_credit,158553,JPY,bank_A,broker_Z
P0003590,S0002838,letter_of_credit,126531,EUR,bank_C,broker_Z
P0003591,S0001546,wire,70593,USD,bank_C,broker_X
P0003592,S0000247,wire,19186,JPY,bank_B,broker_Z
P0003593,S0003475,cashlike,185604,JPY,bank_A,broker_Y
P0003594,S0000837,wire,194822,USD,bank_A,broker_X
P0003595,S0000632,letter_of_credit,158856,EUR,bank_B,broker_Z
P0003596,S0001076,wire,161658,EUR,bank_A,broker_Y
P0003597,S0000336,letter_of_credit,59308,JPY,bank_C,broker_Z
P0003598,S0002696,wire,55657,USD,bank_B,broker_X
P0003599,S0004128,wire,180621,JPY,bank_C,broker_Z
P0003600,S0001472,wire,46132,USD,bank_B,broker_Z
P0003601,S0004093,letter_of_credit,178132,EUR,bank_B,broker_X
P0003602,S0003700,cashlike,132702,EUR,bank_A,broker_X
P0003603,S0003474,letter_of_credit,96820,USD,bank_C,broker_Z
P0003604,S0003410,letter_of_credit,109565,JPY,bank_B,broker_Y
P0003605,S0003718,wire,140950,USD,bank_A,broker_Y
P0003606,S0000075,letter_of_credit,20685,JPY,bank_B,broker_Y
P0003607,S0004897,cashlike,76927,JPY,bank_A,broker_X
P0003608,S0000372,wire,181122,EUR,bank_C,broker_Y
P0003609,S0004905,cashlike,98024,JPY,bank_B,broker_X
P0003610,S0004341,letter_of_credit,194731,JPY,bank_B,broker_Z
P0003611,S0000107,cashlike,32831,JPY,bank_A,broker_Y
P0003612,S0004809,cashlike,122517,JPY,bank_C,broker_Z
P0003613,S0003302,cashlike,23614,JPY,bank_B,broker_Z
P0003614,S0002517,cashlike,132796,EUR,bank_C,broker_Y
P0003615,S0002875,wire,4993,EUR,bank_B,broker_X
P0003616,S0002569,cashlike,27212,JPY,bank_A,broker_Z
P0003617,S0001163,cashlike,176111,JPY,bank_A,broker_Z
P0003618,S0003469,cashlike,51757,EUR,bank_A,broker_Z
P0003619,S0004141,cashlike,63359,EUR,bank_C,broker_Z
P0003620,S0002844,cashlike,160487,USD,bank_A,broker_X
P0003621,S0001305,wire,23543,USD,bank_B,broker_X
P0003622,S0001424,wire,141091,USD,bank_B,broker_X
P0003623,S0002428,letter_of_credit,114661,USD,bank_B,broker_X
P0003624,S0000150,letter_of_credit,30308,JPY,bank_C,broker_Y
P0003625,S0003409,cashlike,22934,EUR,bank_A,broker_Y
P0003626,S0001810,cashlike,62379,USD,bank_B,broker_Z
P0003627,S0004956,wire,24281,USD,bank_B,broker_X
P0003628,S0004208,cashlike,57124,EUR,bank_A,broker_Y
P0003629,S0003595,wire,38916,EUR,bank_B,broker_Y
P0003630,S0001359,wire,108913,EUR,bank_C,broker_X
P0003631,S0003504,cashlike,88306,JPY,bank_C,broker_X
P0003632,S0004849,letter_of_credit,189542,EUR,bank_A,broker_Z
P0003633,S0002091,wire,10104,EUR,bank_C,broker_X
P0003634,S0001572,wire,112053,EUR,bank_C,broker_X
P0003635,S0002091,letter_of_credit,165144,USD,bank_B,broker_Y
P0003636,S0000114,cashlike,14794,EUR,bank_C,broker_Y
P0003637,S0000076,wire,161601,EUR,bank_C,broker_X
P0003638,S0004027,cashlike,44142,USD,bank_B,broker_Y
P0003639,S0000637,cashlike,91939,USD,bank_B,broker_X
P0003640,S0003016,letter_of_credit,180689,USD,bank_B,broker_X
P0003641,S0000028,cashlike,19686,EUR,bank_A,broker_Z
P0003642,S0002852,letter_of_credit,25784,EUR,bank_B,broker_Y
P0003643,S0004275,letter_of_credit,196317,USD,bank_C,broker_X
P0003644,S0000170,cashlike,126292,USD,bank_B,broker_Z
P0003645,S0004112,letter_of_credit,85408,USD,bank_B,broker_X
P0003646,S0001137,wire,139687,EUR,bank_B,broker_Y
P0003647,S0004250,cashlike,127014,USD,bank_B,broker_Y
P0003648,S0003633,letter_of_credit,69991,JPY,bank_C,broker_X
P0003649,S0003969,cashlike,113079,USD,bank_B,broker_Y
P0003650,S0000779,wire,164711,USD,bank_A,broker_Y
P0003651,S0003790,letter_of_credit,159917,EUR,bank_A,broker_X
P0003652,S0003526,wire,52260,JPY,bank_B,broker_Y
P0003653,S0004411,letter_of_credit,129095,EUR,bank_A,broker_X
P0003654,S0001824,cashlike,135313,EUR,bank_C,broker_Z
P0003655,S0004829,cashlike,63978,JPY,bank_A,broker_Z
P0003656,S0000013,cashlike,177260,USD,bank_C,broker_Y
P0003657,S0002135,letter_of_credit,57852,JPY,bank_B,broker_X
P0003658,S0001804,cashlike,122874,JPY,bank_A,broker_Z
P0003659,S0002981,cashlike,137273,USD,bank_C,broker_X
P0003660,S0000798,cashlike,27794,EUR,bank_C,broker_X
P0003661,S0002155,cashlike,161479,USD,bank_C,broker_Y
P0003662,S0000826,cashlike,136604,JPY,bank_B,broker_Y
P0003663,S0004733,letter_of_credit,91044,EUR,bank_C,broker_Y
P0003664,S0002795,wire,42522,USD,bank_C,broker_X
P0003665,S0001121,cashlike,46930,EUR,bank_C,broker_Y
P0003666,S0001034,letter_of_credit,47488,EUR,bank_B,broker_Y
P0003667,S0002977,letter_of_credit,82329,USD,bank_A,broker_Z
P0003668,S0001157,cashlike,40916,JPY,bank_B,broker_Y
P0003669,S0001801,cashlike,62887,USD,bank_A,broker_Z
P0003670,S0001284,cashlike,58832,USD,bank_B,broker_Z
P0003671,S0000298,cashlike,29293,USD,bank_C,broker_Z
P0003672,S0002023,wire,156654,USD,bank_C,broker_Z
P0003673,S0004090,cashlike,131101,USD,bank_A,broker_X
P0003674,S0002065,cashlike,170966,USD,bank_A,broker_Y
P0003675,S0001033,letter_of_credit,160789,USD,bank_C,broker_Y
P0003676,S0003146,letter_of_credit,26555,JPY,bank_A,broker_Y
P0003677,S0001896,cashlike,25616,USD,bank_B,broker_Y
P0003678,S0004413,wire,64747,USD,bank_C,broker_Z
P0003679,S0000833,letter_of_credit,53231,JPY,bank_B,broker_Z
P0003680,S0004767,cashlike,166327,EUR,bank_A,broker_Y
P0003681,S0002568,wire,17917,USD,bank_C,broker_Y
P0003682,S0003369,letter_of_credit,80129,JPY,bank_C,broker_Z
P0003683,S0004377,cashlike,31510,EUR,bank_C,broker_Y
P0003684,S0000238,cashlike,105424,JPY,bank_C,broker_Z
P0003685,S0004235,wire,171045,EUR,bank_C,broker_X
P0003686,S0002249,letter_of_credit,103223,EUR,bank_B,broker_X
P0003687,S0003773,letter_of_credit,156658,JPY,bank_A,broker_X
P0003688,S0004704,wire,103859,EUR,bank_A,broker_X
P0003689,S0001695,cashlike,16444,EUR,bank_C,broker_Z
P0003690,S0004419,cashlike,162509,JPY,bank_B,broker_Z
P0003691,S0003357,letter_of_credit,57560,EUR,bank_C,broker_Z
P0003692,S0002951,cashlike,166951,JPY,bank_A,broker_Y
P0003693,S0004361,letter_of_credit,71368,JPY,bank_A,broker_X
P0003694,S0002899,wire,75737,EUR,bank_B,broker_Y
P0003695,S0003739,cashlike,153500,JPY,bank_A,broker_Y
P0003696,S0002465,wire,188170,EUR,bank_C,broker_Y
P0003697,S0003484,wire,4817,EUR,bank_A,broker_Z
P0003698,S0001353,cashlike,163590,JPY,bank_A,broker_Y
P0003699,S0004237,wire,15001,EUR,bank_B,broker_Y
P0003700,S0003967,wire,78650,JPY,bank_C,broker_Z
P0003701,S0001000,wire,16714,JPY,bank_C,broker_Y
P0003702,S0003784,cashlike,62283,JPY,bank_B,broker_Y
P0003703,S0001412,wire,92918,EUR,bank_C,broker_Y
P0003704,S0000189,cashlike,14822,USD,bank_B,broker_Y
P0003705,S0000556,wire,55507,USD,bank_C,broker_Z
P0003706,S0001641,cashlike,62990,JPY,bank_A,broker_Y
P0003707,S0002837,cashlike,150390,EUR,bank_B,broker_Y
P0003708,S0001214,cashlike,138303,USD,bank_B,broker_Y
P0003709,S0003757,letter_of_credit,153852,JPY,bank_C,broker_Z
P0003710,S0003968,cashlike,30524,JPY,bank_A,broker_Z
P0003711,S0001311,cashlike,103452,USD,bank_C,broker_Y
P0003712,S0000313,wire,113229,USD,bank_C,broker_Z
P0003713,S0004940,cashlike,5848,JPY,bank_A,broker_X
P0003714,S0000458,cashlike,65476,EUR,bank_C,broker_Z
P0003715,S0001147,wire,183171,EUR,bank_A,broker_Z
P0003716,S0001330,wire,181797,JPY,bank_C,broker_X
P0003717,S0003637,letter_of_credit,54880,EUR,bank_C,broker_Z
P0003718,S0001188,wire,174387,USD,bank_A,broker_Y
P0003719,S0001130,letter_of_credit,195521,USD,bank_C,broker_Z
P0003720,S0003416,letter_of_credit,90465,JPY,bank_A,broker_X
P0003721,S0003191,letter_of_credit,124986,JPY,bank_B,broker_Z
P0003722,S0002779,wire,88185,USD,bank_A,broker_X
P0003723,S0004747,letter_of_credit,139818,JPY,bank_A,broker_Y
P0003724,S0003666,letter_of_credit,160843,EUR,bank_C,broker_Y
P0003725,S0000231,letter_of_credit,6102,JPY,bank_B,broker_Z
P0003726,S0000509,letter_of_credit,52141,EUR,bank_A,broker_Y
P0003727,S0002208,wire,76860,JPY,bank_A,broker_Z
P0003728,S0003341,letter_of_credit,147520,JPY,bank_A,broker_X
P0003729,S0004894,letter_of_credit,143467,JPY,bank_A,broker_Y
P0003730,S0002610,letter_of_credit,8296,EUR,bank_B,broker_Z
P0003731,S0002632,letter_of_credit,134432,EUR,bank_A,broker_X
P0003732,S0001959,letter_of_credit,37794,EUR,bank_C,broker_X
P0003733,S0001107,letter_of_credit,64773,JPY,bank_B,broker_Z
P0003734,S0004668,cashlike,118743,USD,bank_C,broker_X
P0003735,S0001562,cashlike,169065,EUR,bank_A,broker_Z
P0003736,S0001895,letter_of_credit,121346,EUR,bank_A,broker_X
P0003737,S0000968,wire,149362,USD,bank_C,broker_X
P0003738,S0003730,cashlike,159633,USD,bank_A,broker_X
P0003739,S0004661,letter_of_credit,80524,EUR,bank_B,broker_Y
P0003740,S0002666,cashlike,166402,EUR,bank_A,broker_Z
P0003741,S0003240,letter_of_credit,112960,USD,bank_A,broker_Z
P0003742,S0003999,wire,141124,JPY,bank_A,broker_X
P0003743,S0000932,cashlike,137131,USD,bank_C,broker_X
P0003744,S0001698,cashlike,154761,EUR,bank_C,broker_Z
P0003745,S0004828,letter_of_credit,118519,EUR,bank_B,broker_Y
P0003746,S0004248,cashlike,89977,JPY,bank_B,broker_Y
P0003747,S0004684,cashlike,127616,EUR,bank_C,broker_X
P0003748,S0000688,wire,154787,JPY,bank_B,broker_Z
P0003749,S0000416,wire,12352,USD,bank_A,broker_X
P0003750,S0001987,cashlike,61155,EUR,bank_A,broker_Y
P0003751,S0000024,letter_of_credit,192588,JPY,bank_B,broker_Y
P0003752,S0001625,letter_of_credit,129243,JPY,bank_B,broker_X
P0003753,S0002763,cashlike,116565,USD,bank_B,broker_X
P0003754,S0000432,wire,112282,JPY,bank_A,broker_Y
P0003755,S0000562,wire,165317,USD,bank_B,broker_Z
P0003756,S0002278,letter_of_credit,196361,JPY,bank_A,broker_Z
P0003757,S0000033,wire,78500,USD,bank_A,broker_Y
P0003758,S0004392,wire,97630,USD,bank_B,broker_Z
P0003759,S0000321,wire,143253,USD,bank_B,broker_X
P0003760,S0002633,cashlike,26552,JPY,bank_C,broker_X
P0003761,S0002148,letter_of_credit,95034,USD,bank_B,broker_Z
P0003762,S0002110,cashlike,192540,USD,bank_A,broker_Y
P0003763,S0004472,cashlike,96014,EUR,bank_A,broker_Z
P0003764,S0004222,cashlike,78817,EUR,bank_B,broker_Z
P0003765,S0000241,wire,176127,EUR,bank_C,broker_X
P0003766,S0004191,letter_of_credit,41592,USD,bank_A,broker_Z
P0003767,S0002613,wire,86744,EUR,bank_A,broker_Y
P0003768,S0001912,wire,113838,JPY,bank_A,broker_Z
P0003769,S0004368,wire,197029,USD,bank_C,broker_Z
P0003770,S0001186,wire,73795,JPY,bank_B,broker_Y
P0003771,S0004047,letter_of_credit,112757,JPY,bank_C,broker_Z
P0003772,S0002567,letter_of_credit,24899,EUR,bank_C,broker_Z
P0003773,S0002684,wire,43260,JPY,bank_C,broker_Y
P0003774,S0003595,cashlike,3635,USD,bank_A,broker_Z
P0003775,S0000311,cashlike,121037,EUR,bank_B,broker_X
P0003776,S0003023,letter_of_credit,101436,JPY,bank_A,broker_X
P0003777,S0003370,letter_of_credit,168710,JPY,bank_C,broker_Z
P0003778,S0003435,cashlike,28427,JPY,bank_C,broker_X
P0003779,S0002581,wire,102701,USD,bank_C,broker_X
P0003780,S0000200,letter_of_credit,70719,USD,bank_A,broker_X
P0003781,S0001082,wire,89714,USD,bank_B,broker_Y
P0003782,S0001617,cashlike,171467,USD,bank_A,broker_X
P0003783,S0004279,letter_of_credit,42413,EUR,bank_B,broker_Y
P0003784,S0002507,letter_of_credit,136123,USD,bank_B,broker_Y
P0003785,S0000252,wire,149003,USD,bank_C,broker_X
P0003786,S0004707,letter_of_credit,70932,USD,bank_B,broker_Z
P0003787,S0001314,letter_of_credit,172042,EUR,bank_C,broker_Z
P0003788,S0002907,wire,60692,JPY,bank_C,broker_Y
P0003789,S0002989,letter_of_credit,190194,EUR,bank_C,broker_X
P0003790,S0004685,cashlike,111044,USD,bank_A,broker_Y
P0003791,S0001099,wire,166574,JPY,bank_A,broker_X
P0003792,S0003714,letter_of_credit,179085,USD,bank_C,broker_X
P0003793,S0001173,cashlike,10515,EUR,bank_A,broker_X
P0003794,S0003988,wire,152754,USD,bank_A,broker_X
P0003795,S0001810,wire,33323,EUR,bank_C,broker_Y
P0003796,S0004054,wire,101429,EUR,bank_A,broker_Z
P0003797,S0001475,letter_of_credit,164857,USD,bank_A,broker_Y
P0003798,S0002221,cashlike,38110,EUR,bank_A,broker_Y
P0003799,S0003022,cashlike,84419,EUR,bank_B,broker_Z
P0003800,S0001795,wire,136787,USD,bank_A,broker_Y
P0003801,S0001688,cashlike,9891,EUR,bank_A,broker_X
P0003802,S0000567,cashlike,52430,JPY,bank_C,broker_X
P0003803,S0004416,cashlike,27874,EUR,bank_C,broker_Z
P0003804,S0002443,cashlike,57952,USD,bank_C,broker_Z
P0003805,S0000876,cashlike,156596,EUR,bank_A,broker_Z
P0003806,S0002294,letter_of_credit,101318,EUR,bank_A,broker_X
P0003807,S0004631,wire,199781,USD,bank_B,broker_Z
P0003808,S0001606,wire,189167,JPY,bank_B,broker_Z
P0003809,S0001312,cashlike,191804,EUR,bank_B,broker_Z
P0003810,S0003936,wire,9802,JPY,bank_A,broker_Y
P0003811,S0002026,letter_of_credit,147724,JPY,bank_A,broker_X
P0003812,S0003194,cashlike,190031,EUR,bank_A,broker_X
P0003813,S0004065,wire,111818,EUR,bank_B,broker_Z
P0003814,S0000917,wire,16657,EUR,bank_B,broker_Z
P0003815,S0004035,wire,16707,USD,bank_C,broker_X
P0003816,S0000078,wire,187734,USD,bank_B,broker_Z
P0003817,S0004508,cashlike,11432,EUR,bank_C,broker_Y
P0003818,S0001212,wire,132083,EUR,bank_A,broker_Y
P0003819,S0001837,letter_of_credit,91845,USD,bank_C,broker_Z
P0003820,S0003637,wire,118086,USD,bank_B,broker_Z
P0003821,S0003775,letter_of_credit,178405,USD,bank_B,broker_Z
P0003822,S0004090,cashlike,64280,JPY,bank_B,broker_Y
P0003823,S0002117,letter_of_credit,189595,USD,bank_B,broker_X
P0003824,S0000299,letter_of_credit,73271,USD,bank_B,broker_Y
P0003825,S0001696,letter_of_credit,134291,EUR,bank_B,broker_Y
P0003826,S0001096,cashlike,56637,EUR,bank_A,broker_Y
P0003827,S0003469,cashlike,87772,USD,bank_B,broker_Z
P0003828,S0002551,cashlike,126175,JPY,bank_C,broker_Y
P0003829,S0003674,wire,34278,EUR,bank_C,broker_X
P0003830,S0002917,cashlike,69462,JPY,bank_C,broker_Y
P0003831,S0000270,letter_of_credit,52803,USD,bank_B,broker_Y
P0003832,S0001781,wire,72285,USD,bank_B,broker_X
P0003833,S0004207,wire,74468,USD,bank_A,broker_Y
P0003834,S0004584,letter_of_credit,30227,EUR,bank_C,broker_Z
P0003835,S0004948,letter_of_credit,179389,EUR,bank_A,broker_Z
P0003836,S0003822,wire,10981,JPY,bank_B,broker_Z
P0003837,S0000380,cashlike,65279,JPY,bank_B,broker_Y
P0003838,S0001177,wire,76528,EUR,bank_C,broker_Z
P0003839,S0003402,wire,122762,JPY,bank_C,broker_Y
P0003840,S0002318,wire,68020,JPY,bank_C,broker_X
P0003841,S0004365,wire,163850,JPY,bank_A,broker_Z
P0003842,S0000424,wire,114111,JPY,bank_C,broker_Z
P0003843,S0002142,wire,52535,EUR,bank_C,broker_Y
P0003844,S0004757,cashlike,181301,JPY,bank_B,broker_X
P0003845,S0000914,cashlike,81424,USD,bank_B,broker_X
P0003846,S0004280,cashlike,23630,JPY,bank_C,broker_Y
P0003847,S0003283,wire,179010,EUR,bank_C,broker_Z
P0003848,S0001183,wire,97526,JPY,bank_B,broker_Z
P0003849,S0002491,wire,161800,EUR,bank_C,broker_X
P0003850,S0002912,cashlike,18569,EUR,bank_A,broker_X
P0003851,S0004295,wire,190727,JPY,bank_B,broker_X
P0003852,S0001012,cashlike,192301,USD,bank_B,broker_X
P0003853,S0000339,cashlike,193138,EUR,bank_C,broker_Z
P0003854,S0003641,cashlike,29159,EUR,bank_B,broker_Y
P0003855,S0004819,letter_of_credit,47189,USD,bank_C,broker_X
P0003856,S0004472,letter_of_credit,69002,JPY,bank_B,broker_Z
P0003857,S0004473,letter_of_credit,159566,JPY,bank_A,broker_Z
P0003858,S0001836,letter_of_credit,53371,JPY,bank_B,broker_Z
P0003859,S0002417,wire,166478,USD,bank_C,broker_Z
P0003860,S0000143,cashlike,113305,EUR,bank_A,broker_Y
P0003861,S0001611,cashlike,142704,EUR,bank_A,broker_Z
P0003862,S0000012,letter_of_credit,80947,EUR,bank_C,broker_Z
P0003863,S0004979,letter_of_credit,33891,JPY,bank_B,broker_Y
P0003864,S0003262,wire,149241,EUR,bank_C,broker_Y
P0003865,S0004711,wire,197564,JPY,bank_B,broker_Y
P0003866,S0004925,wire,55332,EUR,bank_B,broker_X
P0003867,S0002796,cashlike,119452,EUR,bank_C,broker_Z
P0003868,S0001389,wire,59070,JPY,bank_B,broker_X
P0003869,S0002433,letter_of_credit,38981,JPY,bank_B,broker_Z
P0003870,S0003728,letter_of_credit,84836,JPY,bank_C,broker_Z
P0003871,S0004673,cashlike,133950,EUR,bank_A,broker_Z
P0003872,S0004245,letter_of_credit,141550,EUR,bank_C,broker_X
P0003873,S0003936,wire,42900,JPY,bank_B,broker_Z
P0003874,S0000466,wire,109431,JPY,bank_A,broker_Z
P0003875,S0001222,letter_of_credit,160776,EUR,bank_A,broker_Y
P0003876,S0002835,letter_of_credit,133597,USD,bank_A,broker_Y
P0003877,S0001626,wire,37866,EUR,bank_B,broker_Y
P0003878,S0000654,cashlike,116297,USD,bank_C,broker_X
P0003879,S0003234,letter_of_credit,48310,JPY,bank_A,broker_X
P0003880,S0000816,letter_of_credit,38045,JPY,bank_B,broker_Y
P0003881,S0003384,cashlike,75661,USD,bank_A,broker_Z
P0003882,S0004480,cashlike,149659,JPY,bank_A,broker_Z
P0003883,S0000116,cashlike,48196,USD,bank_B,broker_Z
P0003884,S0002718,wire,152597,JPY,bank_B,broker_Z
P0003885,S0001713,cashlike,147324,EUR,bank_C,broker_Y
P0003886,S0000271,wire,139465,USD,bank_A,broker_Z
P0003887,S0002956,cashlike,25783,EUR,bank_B,broker_Z
P0003888,S0000699,wire,92020,JPY,bank_C,broker_Y
P0003889,S0002203,wire,78239,EUR,bank_C,broker_Z
P0003890,S0001824,cashlike,4507,EUR,bank_B,broker_Y
P0003891,S0002344,cashlike,11570,USD,bank_B,broker_Z
P0003892,S0002151,letter_of_credit,106302,EUR,bank_C,broker_Y
P0003893,S0001033,cashlike,122534,JPY,bank_B,broker_Z
P0003894,S0001668,wire,18871,EUR,bank_A,broker_Y
P0003895,S0001673,letter_of_credit,49120,JPY,bank_C,broker_Z
P0003896,S0001067,wire,84958,USD,bank_A,broker_Z
P0003897,S0002406,letter_of_credit,191142,EUR,bank_A,broker_Y
P0003898,S0000907,wire,150061,EUR,bank_A,broker_Y
P0003899,S0003637,cashlike,84359,USD,bank_B,broker_Y
P0003900,S0000427,cashlike,166554,JPY,bank_C,broker_Y
P0003901,S0000177,cashlike,144628,EUR,bank_C,broker_X
P0003902,S0004480,cashlike,167452,USD,bank_C,broker_Y
P0003903,S0001519,cashlike,31036,JPY,bank_B,broker_Y
P0003904,S0003480,wire,95603,EUR,bank_C,broker_Z
P0003905,S0002098,wire,20000,EUR,bank_B,broker_X
P0003906,S0002585,wire,86413,USD,bank_A,broker_Z
P0003907,S0004940,cashlike,37154,EUR,bank_C,broker_Y
P0003908,S0001578,letter_of_credit,127740,USD,bank_A,broker_Z
P0003909,S0000200,cashlike,60910,JPY,bank_C,broker_Z
P0003910,S0003841,letter_of_credit,198771,JPY,bank_A,broker_X
P0003911,S0000779,cashlike,130418,USD,bank_A,broker_X
P0003912,S0004850,cashlike,92380,JPY,bank_C,broker_Z
P0003913,S0000213,letter_of_credit,44678,JPY,bank_C,broker_Y
P0003914,S0002771,letter_of_credit,63746,EUR,bank_C,broker_X
P0003915,S0003410,wire,136083,EUR,bank_B,broker_Y
P0003916,S0001145,cashlike,16664,EUR,bank_B,broker_Z
P0003917,S0003369,wire,165282,JPY,bank_C,broker_X
P0003918,S0003699,letter_of_credit,37285,JPY,bank_B,broker_Y
P0003919,S0004316,letter_of_credit,9932,EUR,bank_B,broker_Y
P0003920,S0002472,wire,45835,EUR,bank_C,broker_Z
P0003921,S0000446,wire,49514,USD,bank_A,broker_Y
P0003922,S0001669,wire,78772,USD,bank_B,broker_Y
P0003923,S0003831,cashlike,173968,JPY,bank_C,broker_Z
P0003924,S0003626,letter_of_credit,9409,JPY,bank_A,broker_Y
P0003925,S0001831,letter_of_credit,105170,USD,bank_C,broker_Z
P0003926,S0003236,cashlike,193859,JPY,bank_C,broker_X
P0003927,S0000820,cashlike,97565,USD,bank_A,broker_X
P0003928,S0002202,wire,4566,USD,bank_C,broker_X
P0003929,S0002600,wire,152169,EUR,bank_B,broker_Z
P0003930,S0001020,cashlike,79991,USD,bank_B,broker_X
P0003931,S0000233,wire,124903,EUR,bank_C,broker_Z
P0003932,S0002820,cashlike,82563,JPY,bank_B,broker_Y
P0003933,S0001971,cashlike,53277,USD,bank_B,broker_X
P0003934,S0002233,cashlike,161402,USD,bank_B,broker_Z
P0003935,S0003173,letter_of_credit,34998,USD,bank_B,broker_Y
P0003936,S0001214,cashlike,164323,USD,bank_C,broker_X
P0003937,S0004125,cashlike,103200,USD,bank_B,broker_Z
P0003938,S0002247,cashlike,138694,USD,bank_B,broker_Y
P0003939,S0000349,letter_of_credit,93246,JPY,bank_C,broker_Z
P0003940,S0003413,wire,70552,EUR,bank_B,broker_Z
P0003941,S0000634,wire,55955,EUR,bank_C,broker_X
P0003942,S0003409,wire,18588,EUR,bank_B,broker_Z
P0003943,S0002512,cashlike,151981,JPY,bank_B,broker_Y
P0003944,S0004290,wire,142835,JPY,bank_A,broker_Z
P0003945,S0004218,cashlike,160689,JPY,bank_A,broker_Y
P0003946,S0004252,cashlike,81998,JPY,bank_B,broker_Z
P0003947,S0001657,letter_of_credit,152723,EUR,bank_C,broker_Z
P0003948,S0001194,cashlike,112390,EUR,bank_C,broker_X
P0003949,S0001530,letter_of_credit,163838,EUR,bank_A,broker_Y
P0003950,S0000202,letter_of_credit,94575,USD,bank_A,broker_Z
P0003951,S0003619,cashlike,17319,USD,bank_C,broker_X
P0003952,S0000555,wire,74822,EUR,bank_A,broker_Z
P0003953,S0001597,cashlike,155592,JPY,bank_A,broker_Y
P0003954,S0001934,cashlike,148418,USD,bank_B,broker_Y
P0003955,S0000418,cashlike,177657,JPY,bank_B,broker_Z
P0003956,S0003599,wire,92420,JPY,bank_A,broker_X
P0003957,S0001468,letter_of_credit,192500,JPY,bank_A,broker_Y
P0003958,S0000081,wire,104974,JPY,bank_C,broker_Y
P0003959,S0002952,letter_of_credit,79614,EUR,bank_A,broker_Z
P0003960,S0002314,letter_of_credit,81661,USD,bank_B,broker_Y
P0003961,S0000612,letter_of_credit,82273,EUR,bank_C,broker_X
P0003962,S0002758,cashlike,51564,USD,bank_B,broker_Y
P0003963,S0001196,cashlike,23852,USD,bank_A,broker_X
P0003964,S0000255,wire,134725,USD,bank_A,broker_Z
P0003965,S0002398,cashlike,124251,EUR,bank_B,broker_Y
P0003966,S0001555,letter_of_credit,74901,JPY,bank_A,broker_X
P0003967,S0004497,wire,79748,USD,bank_A,broker_Y
P0003968,S0002066,letter_of_credit,112834,USD,bank_C,broker_Y
P0003969,S0004848,wire,171188,EUR,bank_A,broker_Z
P0003970,S0003147,cashlike,133635,EUR,bank_C,broker_Z
P0003971,S0001705,letter_of_credit,69852,JPY,bank_A,broker_X
P0003972,S0003266,cashlike,63327,JPY,bank_A,broker_X
P0003973,S0004713,wire,45340,USD,bank_B,broker_Z
P0003974,S0000183,letter_of_credit,124632,JPY,bank_A,broker_X
P0003975,S0004045,wire,183783,JPY,bank_A,broker_X
P0003976,S0003572,wire,84229,USD,bank_C,broker_Z
P0003977,S0002584,wire,44227,USD,bank_C,broker_Y
P0003978,S0001543,cashlike,34879,EUR,bank_B,broker_X
P0003979,S0003901,wire,12121,JPY,bank_A,broker_X
P0003980,S0002129,letter_of_credit,160095,EUR,bank_B,broker_Z
P0003981,S0002452,letter_of_credit,49328,USD,bank_A,broker_Z
P0003982,S0004396,letter_of_credit,29520,EUR,bank_C,broker_X
P0003983,S0004071,cashlike,84205,EUR,bank_C,broker_Y
P0003984,S0000868,letter_of_credit,141925,USD,bank_A,broker_X
P0003985,S0002935,wire,126620,JPY,bank_C,broker_X
P0003986,S0003641,letter_of_credit,93290,EUR,bank_A,broker_Y
P0003987,S0003332,letter_of_credit,9303,EUR,bank_A,broker_X
P0003988,S0002130,cashlike,23684,JPY,bank_C,broker_Y
P0003989,S0004974,wire,168261,USD,bank_B,broker_Y
P0003990,S0003544,cashlike,161053,JPY,bank_B,broker_X
P0003991,S0002624,cashlike,175901,JPY,bank_C,broker_Y
P0003992,S0001469,letter_of_credit,77425,JPY,bank_B,broker_X
P0003993,S0003277,letter_of_credit,134560,USD,bank_A,broker_Z
P0003994,S0003647,letter_of_credit,129357,JPY,bank_B,broker_Z
P0003995,S0004754,letter_of_credit,140461,EUR,bank_B,broker_Z
P0003996,S0000133,letter_of_credit,133106,JPY,bank_A,broker_X
P0003997,S0002949,cashlike,173369,EUR,bank_A,broker_X
P0003998,S0002926,wire,97807,EUR,bank_B,broker_Y
P0003999,S0000388,letter_of_credit,122065,JPY,bank_B,broker_Y
