shipment_id,exporter_id,domain,incoterm,mode,qty,unit,invoice_id,description
S0000000,E001291,chemicals_precursors,DAP,road,224,pcs,INV678066,DESC chemicals_precursors 153
S0000001,E001126,machine_tools,FOB,air,64,L,INV393794,DESC machine_tools 153
S0000002,E000354,machine_tools,DAP,road,24,L,INV393522,DESC machine_tools 630
S0000003,E001808,chemicals_precursors,FOB,air,3,pcs,INV521948,DESC chemicals_precursors 373
S0000004,E001922,energy_equipment,CIF,air,299,L,INV359623,DESC energy_equipment 942
S0000005,E001388,luxury_dual_use_consumer,FOB,sea,105,kg,INV105238,DESC luxury_dual_use_consumer 374
S0000006,E001138,aerospace_uas_avionics,CIF,air,5,L,INV844279,DESC aerospace_uas_avionics 283
S0000007,E000471,chemicals_precursors,FOB,sea,228,kg,INV614316,DESC chemicals_precursors 300
S0000008,E000217,maritime_port_equipment,CIF,road,74,L,INV557919,DESC maritime_port_equipment 572
S0000009,E001371,energy_equipment,CIF,sea,32,pcs,INV140452,DESC energy_equipment 905
S0000010,E000127,aerospace_uas_avionics,CIF,air,474,L,INV429740,DESC aerospace_uas_avionics 485
S0000011,E001130,machine_tools,CIF,sea,372,L,INV476205,DESC machine_tools 244
S0000012,E001874,medical_bio_lab,DAP,road,199,L,INV770469,DESC medical_bio_lab 557
S0000013,E000828,chemicals_precursors,DAP,air,151,pcs,INV517705,DESC chemicals_precursors 568
S0000014,E001561,aerospace_uas_avionics,DAP,air,292,pcs,INV560511,DESC aerospace_uas_avionics 685
S0000015,E000404,chemicals_precursors,DAP,road,200,kg,INV177012,DESC chemicals_precursors 855
S0000016,E001582,chemicals_precursors,CIF,road,120,kg,INV628906,DESC chemicals_precursors 661
S0000017,E001406,luxury_dual_use_consumer,CIF,road,87,kg,INV199430,DESC luxury_dual_use_consumer 999
S0000018,E001826,maritime_port_equipment,FOB,air,305,kg,INV711055,DESC maritime_port_equipment 485
S0000019,E000785,luxury_dual_use_consumer,DAP,air,439,pcs,INV501459,DESC luxury_dual_use_consumer 107
S0000020,E001204,medical_bio_lab,DAP,air,357,kg,INV729620,DESC medical_bio_lab 175
S0000021,E000356,aerospace_uas_avionics,CIF,air,487,kg,INV988316,DESC aerospace_uas_avionics 592
S0000022,E000413,chemicals_precursors,CIF,road,249,L,INV403764,DESC chemicals_precursors 954
S0000023,E001501,medical_bio_lab,DAP,road,430,L,INV692062,DESC medical_bio_lab 246
S0000024,E001183,chemicals_precursors,CIF,road,291,pcs,INV806643,DESC chemicals_precursors 440
S0000025,E001450,luxury_dual_use_consumer,FOB,air,410,pcs,INV946003,DESC luxury_dual_use_consumer 733
S0000026,E000105,energy_equipment,DAP,air,466,kg,INV449142,DESC energy_equipment 594
S0000027,E000579,aerospace_uas_avionics,DAP,road,255,kg,INV225179,DESC aerospace_uas_avionics 789
S0000028,E001496,energy_equipment,DAP,sea,305,kg,INV385389,DESC energy_equipment 86
S0000029,E000734,medical_bio_lab,FOB,road,428,kg,INV488269,DESC medical_bio_lab 903
S0000030,E001671,aerospace_uas_avionics,DAP,air,8,L,INV831050,DESC aerospace_uas_avionics 595
S0000031,E001166,aerospace_uas_avionics,CIF,sea,275,L,INV609324,DESC aerospace_uas_avionics 310
S0000032,E001868,luxury_dual_use_consumer,DAP,air,72,L,INV508845,DESC luxury_dual_use_consumer 904
S0000033,E000163,chemicals_precursors,DAP,road,435,L,INV914854,DESC chemicals_precursors 809
S0000034,E000400,energy_equipment,DAP,air,94,pcs,INV780176,DESC energy_equipment 20
S0000035,E001967,maritime_port_equipment,CIF,road,78,L,INV169992,DESC maritime_port_equipment 37
S0000036,E000912,aerospace_uas_avionics,CIF,air,111,L,INV658608,DESC aerospace_uas_avionics 321
S0000037,E000906,energy_equipment,DAP,air,201,kg,INV528522,DESC energy_equipment 812
S0000038,E001407,chemicals_precursors,FOB,air,413,L,INV668599,DESC chemicals_precursors 493
S0000039,E001101,medical_bio_lab,DAP,road,479,pcs,INV265891,DESC medical_bio_lab 618
S0000040,E000067,energy_equipment,FOB,road,457,pcs,INV191839,DESC energy_equipment 31
S0000041,E000990,machine_tools,DAP,sea,471,pcs,INV223208,DESC machine_tools 679
S0000042,E001153,medical_bio_lab,FOB,air,39,kg,INV799548,DESC medical_bio_lab 517
S0000043,E000820,medical_bio_lab,CIF,sea,33,pcs,INV970045,DESC medical_bio_lab 938
S0000044,E001741,aerospace_uas_avionics,CIF,road,362,pcs,INV232061,DESC aerospace_uas_avionics 400
S0000045,E001406,maritime_port_equipment,CIF,road,125,pcs,INV243884,DESC maritime_port_equipment 881
S0000046,E001347,medical_bio_lab,FOB,sea,335,L,INV150700,DESC medical_bio_lab 367
S0000047,E000228,maritime_port_equipment,CIF,sea,224,pcs,INV179160,DESC maritime_port_equipment 605
S0000048,E000352,aerospace_uas_avionics,CIF,road,267,L,INV634888,DESC aerospace_uas_avionics 248
S0000049,E001892,maritime_port_equipment,FOB,air,28,L,INV334390,DESC maritime_port_equipment 834
S0000050,E001073,maritime_port_equipment,FOB,sea,334,pcs,INV695563,DESC maritime_port_equipment 763
S0000051,E000888,chemicals_precursors,CIF,road,424,kg,INV263529,DESC chemicals_precursors 682
S0000052,E000467,aerospace_uas_avionics,CIF,air,202,pcs,INV567568,DESC aerospace_uas_avionics 261
S0000053,E000173,luxury_dual_use_consumer,CIF,air,425,pcs,INV535549,DESC luxury_dual_use_consumer 442
S0000054,E001244,chemicals_precursors,FOB,air,356,pcs,INV928140,DESC chemicals_precursors 734
S0000055,E001568,machine_tools,FOB,sea,378,L,INV774943,DESC machine_tools 60
S0000056,E000136,aerospace_uas_avionics,FOB,sea,182,pcs,INV278054,DESC aerospace_uas_avionics 729
S0000057,E001202,machine_tools,DAP,road,336,kg,INV226481,DESC machine_tools 696
S0000058,E000606,machine_tools,FOB,sea,270,L,INV338140,DESC machine_tools 510
S0000059,E001573,luxury_dual_use_consumer,DAP,road,436,pcs,INV179044,DESC luxury_dual_use_consumer 579
S0000060,E000305,aerospace_uas_avionics,DAP,sea,281,kg,INV539031,DESC aerospace_uas_avionics 73
S0000061,E001449,luxury_dual_use_consumer,CIF,air,479,pcs,INV980179,DESC luxury_dual_use_consumer 57
S0000062,E001245,aerospace_uas_avionics,CIF,air,276,pcs,INV450880,DESC aerospace_uas_avionics 750
S0000063,E000695,aerospace_uas_avionics,FOB,air,251,L,INV941966,DESC aerospace_uas_avionics 804
S0000064,E000411,medical_bio_lab,CIF,air,383,L,INV476871,DESC medical_bio_lab 931
S0000065,E000005,maritime_port_equipment,CIF,sea,47,kg,INV523291,DESC maritime_port_equipment 180
S0000066,E001596,medical_bio_lab,FOB,road,279,L,INV316575,DESC medical_bio_lab 760
S0000067,E000242,maritime_port_equipment,DAP,sea,206,pcs,INV678997,DESC maritime_port_equipment 655
S0000068,E000088,energy_equipment,DAP,road,50,pcs,INV738716,DESC energy_equipment 987
S0000069,E000085,medical_bio_lab,FOB,road,235,kg,INV872628,DESC medical_bio_lab 495
S0000070,E001169,medical_bio_lab,DAP,road,25,pcs,INV736763,DESC medical_bio_lab 418
S0000071,E001656,medical_bio_lab,CIF,air,333,pcs,INV966180,DESC medical_bio_lab 654
S0000072,E001564,luxury_dual_use_consumer,FOB,air,62,kg,INV476901,DESC luxury_dual_use_consumer 906
S0000073,E001045,medical_bio_lab,FOB,road,208,kg,INV346358,DESC medical_bio_lab 289
S0000074,E001042,medical_bio_lab,DAP,sea,177,pcs,INV183108,DESC medical_bio_lab 14
S0000075,E001158,medical_bio_lab,CIF,air,72,L,INV474180,DESC medical_bio_lab 578
S0000076,E001791,luxury_dual_use_consumer,CIF,sea,271,pcs,INV464983,DESC luxury_dual_use_consumer 572
S0000077,E001800,aerospace_uas_avionics,CIF,road,225,pcs,INV382617,DESC aerospace_uas_avionics 321
S0000078,E001041,maritime_port_equipment,FOB,air,489,L,INV333835,DESC maritime_port_equipment 187
S0000079,E000374,energy_equipment,CIF,air,210,pcs,INV214762,DESC energy_equipment 748
S0000080,E000686,chemicals_precursors,CIF,air,145,pcs,INV817513,DESC chemicals_precursors 329
S0000081,E000452,chemicals_precursors,DAP,air,439,pcs,INV499070,DESC chemicals_precursors 868
S0000082,E000454,machine_tools,FOB,air,194,L,INV154861,DESC machine_tools 83
S0000083,E001072,machine_tools,CIF,air,93,L,INV982102,DESC machine_tools 344
S0000084,E001693,machine_tools,CIF,sea,493,pcs,INV980651,DESC machine_tools 839
S0000085,E001062,luxury_dual_use_consumer,FOB,sea,457,L,INV592293,DESC luxury_dual_use_consumer 196
S0000086,E001563,chemicals_precursors,CIF,air,6,pcs,INV793516,DESC chemicals_precursors 446
S0000087,E001869,energy_equipment,FOB,road,232,pcs,INV147528,DESC energy_equipment 15
S0000088,E001454,machine_tools,FOB,sea,308,pcs,INV191335,DESC machine_tools 496
S0000089,E000055,chemicals_precursors,FOB,air,338,L,INV328727,DESC chemicals_precursors 76
S0000090,E001733,luxury_dual_use_consumer,DAP,road,94,pcs,INV849538,DESC luxury_dual_use_consumer 44
S0000091,E001299,luxury_dual_use_consumer,FOB,road,224,L,INV198970,DESC luxury_dual_use_consumer 671
S0000092,E000887,maritime_port_equipment,CIF,sea,244,kg,INV779990,DESC maritime_port_equipment 730
S0000093,E000054,energy_equipment,DAP,air,141,pcs,INV702683,DESC energy_equipment 638
S0000094,E000863,machine_tools,CIF,air,151,kg,INV324222,DESC machine_tools 930
S0000095,E001337,aerospace_uas_avionics,FOB,road,388,L,INV657471,DESC aerospace_uas_avionics 733
S0000096,E000109,medical_bio_lab,CIF,road,43,kg,INV563444,DESC medical_bio_lab 325
S0000097,E001382,aerospace_uas_avionics,CIF,sea,4,pcs,INV601741,DESC aerospace_uas_avionics 726
S0000098,E000897,machine_tools,CIF,road,209,pcs,INV904346,DESC machine_tools 625
S0000099,E001796,medical_bio_lab,FOB,sea,173,kg,INV200299,DESC medical_bio_lab 102
S0000100,E001186,aerospace_uas_avionics,CIF,road,381,kg,INV335585,DESC aerospace_uas_avionics 255
S0000101,E000746,aerospace_uas_avionics,FOB,air,176,L,INV874593,DESC aerospace_uas_avionics 421
S0000102,E000930,aerospace_uas_avionics,CIF,road,406,kg,INV988607,DESC aerospace_uas_avionics 639
S0000103,E001855,maritime_port_equipment,CIF,air,233,L,INV129006,DESC maritime_port_equipment 242
S0000104,E001052,aerospace_uas_avionics,FOB,air,419,L,INV708263,DESC aerospace_uas_avionics 17
S0000105,E000993,luxury_dual_use_consumer,CIF,road,293,L,INV807756,DESC luxury_dual_use_consumer 256
S0000106,E001242,chemicals_precursors,CIF,sea,302,pcs,INV583927,DESC chemicals_precursors 949
S0000107,E001324,luxury_dual_use_consumer,DAP,road,412,pcs,INV141873,DESC luxury_dual_use_consumer 826
S0000108,E001722,luxury_dual_use_consumer,FOB,road,279,pcs,INV381562,DESC luxury_dual_use_consumer 991
S0000109,E000369,medical_bio_lab,DAP,road,318,L,INV971568,DESC medical_bio_lab 992
S0000110,E001444,luxury_dual_use_consumer,CIF,air,360,kg,INV377749,DESC luxury_dual_use_consumer 991
S0000111,E001321,medical_bio_lab,DAP,sea,225,pcs,INV586125,DESC medical_bio_lab 815
S0000112,E000769,machine_tools,CIF,sea,72,L,INV706897,DESC machine_tools 609
S0000113,E001036,aerospace_uas_avionics,FOB,road,412,kg,INV823761,DESC aerospace_uas_avionics 786
S0000114,E001729,luxury_dual_use_consumer,DAP,road,22,pcs,INV410231,DESC luxury_dual_use_consumer 140
S0000115,E001066,maritime_port_equipment,CIF,road,211,kg,INV351945,DESC maritime_port_equipment 481
S0000116,E000035,luxury_dual_use_consumer,CIF,sea,149,L,INV682576,DESC luxury_dual_use_consumer 851
S0000117,E000450,luxury_dual_use_consumer,FOB,sea,312,pcs,INV412090,DESC luxury_dual_use_consumer 383
S0000118,E001684,maritime_port_equipment,DAP,road,452,pcs,INV636877,DESC maritime_port_equipment 822
S0000119,E001992,machine_tools,CIF,air,241,L,INV383143,DESC machine_tools 628
S0000120,E001398,medical_bio_lab,DAP,sea,158,kg,INV172384,DESC medical_bio_lab 368
S0000121,E001531,aerospace_uas_avionics,DAP,air,459,kg,INV857465,DESC aerospace_uas_avionics 426
S0000122,E001710,chemicals_precursors,CIF,road,34,kg,INV821836,DESC chemicals_precursors 37
S0000123,E000393,machine_tools,FOB,road,162,pcs,INV459741,DESC machine_tools 660
S0000124,E000470,energy_equipment,FOB,sea,452,L,INV126442,DESC energy_equipment 185
S0000125,E001312,luxury_dual_use_consumer,DAP,road,13,kg,INV713241,DESC luxury_dual_use_consumer 869
S0000126,E001504,chemicals_precursors,CIF,air,388,pcs,INV529893,DESC chemicals_precursors 95
S0000127,E001323,medical_bio_lab,FOB,sea,175,pcs,INV919105,DESC medical_bio_lab 275
S0000128,E001548,aerospace_uas_avionics,FOB,road,37,pcs,INV572475,DESC aerospace_uas_avionics 716
S0000129,E001122,machine_tools,CIF,air,229,L,INV778324,DESC machine_tools 353
S0000130,E001633,maritime_port_equipment,CIF,road,90,kg,INV729502,DESC maritime_port_equipment 338
S0000131,E000675,chemicals_precursors,CIF,air,94,kg,INV358819,DESC chemicals_precursors 659
S0000132,E001923,chemicals_precursors,CIF,air,330,pcs,INV814487,DESC chemicals_precursors 926
S0000133,E000934,maritime_port_equipment,DAP,air,100,pcs,INV118893,DESC maritime_port_equipment 445
S0000134,E001270,energy_equipment,FOB,road,123,kg,INV344773,DESC energy_equipment 53
S0000135,E000967,machine_tools,DAP,sea,146,pcs,INV597303,DESC machine_tools 20
S0000136,E000522,chemicals_precursors,CIF,sea,413,L,INV605165,DESC chemicals_precursors 398
S0000137,E001394,medical_bio_lab,DAP,air,468,pcs,INV658638,DESC medical_bio_lab 643
S0000138,E001895,machine_tools,DAP,sea,271,kg,INV309176,DESC machine_tools 123
S0000139,E000286,luxury_dual_use_consumer,FOB,air,105,L,INV572528,DESC luxury_dual_use_consumer 103
S0000140,E000615,aerospace_uas_avionics,FOB,sea,287,L,INV251046,DESC aerospace_uas_avionics 662
S0000141,E000665,chemicals_precursors,CIF,sea,330,pcs,INV395674,DESC chemicals_precursors 284
S0000142,E000509,energy_equipment,FOB,air,23,pcs,INV795179,DESC energy_equipment 254
S0000143,E000864,energy_equipment,CIF,sea,413,pcs,INV155672,DESC energy_equipment 306
S0000144,E001131,medical_bio_lab,CIF,air,220,kg,INV720975,DESC medical_bio_lab 766
S0000145,E001590,maritime_port_equipment,CIF,sea,40,pcs,INV387766,DESC maritime_port_equipment 979
S0000146,E001766,aerospace_uas_avionics,CIF,sea,346,kg,INV141441,DESC aerospace_uas_avionics 562
S0000147,E001790,medical_bio_lab,FOB,air,25,L,INV557767,DESC medical_bio_lab 965
S0000148,E001676,aerospace_uas_avionics,DAP,air,207,kg,INV133315,DESC aerospace_uas_avionics 774
S0000149,E000699,medical_bio_lab,FOB,sea,272,kg,INV382258,DESC medical_bio_lab 597
S0000150,E000571,luxury_dual_use_consumer,DAP,air,398,L,INV921069,DESC luxury_dual_use_consumer 485
S0000151,E001359,luxury_dual_use_consumer,DAP,road,438,L,INV366016,DESC luxury_dual_use_consumer 85
S0000152,E000354,energy_equipment,DAP,sea,50,pcs,INV392463,DESC energy_equipment 979
S0000153,E000597,maritime_port_equipment,DAP,road,357,L,INV792937,DESC maritime_port_equipment 730
S0000154,E001561,machine_tools,FOB,road,351,kg,INV203101,DESC machine_tools 306
S0000155,E000228,energy_equipment,FOB,road,120,pcs,INV981126,DESC energy_equipment 812
S0000156,E001177,machine_tools,CIF,sea,489,pcs,INV919179,DESC machine_tools 944
S0000157,E000621,aerospace_uas_avionics,DAP,road,461,L,INV685531,DESC aerospace_uas_avionics 749
S0000158,E000399,luxury_dual_use_consumer,CIF,sea,223,pcs,INV748843,DESC luxury_dual_use_consumer 24
S0000159,E000518,aerospace_uas_avionics,DAP,sea,157,kg,INV176345,DESC aerospace_uas_avionics 315
S0000160,E001484,machine_tools,FOB,sea,256,pcs,INV491543,DESC machine_tools 159
S0000161,E000633,aerospace_uas_avionics,FOB,road,321,pcs,INV484486,DESC aerospace_uas_avionics 74
S0000162,E001794,machine_tools,DAP,sea,14,pcs,INV319461,DESC machine_tools 918
S0000163,E001345,chemicals_precursors,DAP,sea,438,L,INV629508,DESC chemicals_precursors 539
S0000164,E001020,chemicals_precursors,DAP,road,103,kg,INV720872,DESC chemicals_precursors 990
S0000165,E001469,chemicals_precursors,FOB,air,257,L,INV436459,DESC chemicals_precursors 607
S0000166,E001071,medical_bio_lab,FOB,sea,343,kg,INV130650,DESC medical_bio_lab 716
S0000167,E001433,chemicals_precursors,DAP,sea,173,L,INV196775,DESC chemicals_precursors 889
S0000168,E000901,aerospace_uas_avionics,FOB,sea,337,kg,INV639798,DESC aerospace_uas_avionics 699
S0000169,E001499,medical_bio_lab,DAP,sea,470,L,INV322049,DESC medical_bio_lab 791
S0000170,E001282,maritime_port_equipment,CIF,road,287,pcs,INV120789,DESC maritime_port_equipment 653
S0000171,E000132,chemicals_precursors,DAP,road,179,kg,INV294312,DESC chemicals_precursors 801
S0000172,E000673,chemicals_precursors,FOB,air,387,L,INV935102,DESC chemicals_precursors 814
S0000173,E000889,energy_equipment,CIF,sea,308,L,INV853332,DESC energy_equipment 368
S0000174,E001159,energy_equipment,DAP,air,169,pcs,INV869925,DESC energy_equipment 350
S0000175,E001356,energy_equipment,CIF,road,176,L,INV846197,DESC energy_equipment 834
S0000176,E001400,energy_equipment,DAP,air,375,kg,INV221132,DESC energy_equipment 486
S0000177,E001879,luxury_dual_use_consumer,CIF,sea,176,L,INV130216,DESC luxury_dual_use_consumer 227
S0000178,E001818,energy_equipment,DAP,sea,130,kg,INV896873,DESC energy_equipment 386
S0000179,E001057,maritime_port_equipment,FOB,sea,318,kg,INV513536,DESC maritime_port_equipment 845
S0000180,E001654,aerospace_uas_avionics,CIF,road,164,L,INV596711,DESC aerospace_uas_avionics 932
S0000181,E001356,chemicals_precursors,CIF,sea,342,L,INV198826,DESC chemicals_precursors 36
S0000182,E000810,energy_equipment,CIF,air,46,kg,INV630917,DESC energy_equipment 224
S0000183,E000913,luxury_dual_use_consumer,FOB,road,359,pcs,INV771565,DESC luxury_dual_use_consumer 448
S0000184,E001139,chemicals_precursors,CIF,air,276,pcs,INV925354,DESC chemicals_precursors 577
S0000185,E000572,medical_bio_lab,DAP,sea,369,L,INV585178,DESC medical_bio_lab 214
S0000186,E000821,maritime_port_equipment,CIF,air,472,L,INV651989,DESC maritime_port_equipment 966
S0000187,E001099,energy_equipment,FOB,road,147,pcs,INV266427,DESC energy_equipment 506
S0000188,E001912,aerospace_uas_avionics,FOB,sea,17,L,INV938803,DESC aerospace_uas_avionics 754
S0000189,E001948,maritime_port_equipment,FOB,road,154,L,INV897817,DESC maritime_port_equipment 642
S0000190,E000863,machine_tools,CIF,road,85,kg,INV823869,DESC machine_tools 808
S0000191,E000493,machine_tools,CIF,road,147,L,INV636503,DESC machine_tools 27
S0000192,E000402,machine_tools,FOB,road,245,pcs,INV481524,DESC machine_tools 186
S0000193,E001347,medical_bio_lab,DAP,air,59,pcs,INV940314,DESC medical_bio_lab 271
S0000194,E001550,maritime_port_equipment,DAP,sea,247,L,INV502902,DESC maritime_port_equipment 264
S0000195,E001683,medical_bio_lab,CIF,road,157,kg,INV475013,DESC medical_bio_lab 924
S0000196,E001339,energy_equipment,CIF,sea,171,L,INV384302,DESC energy_equipment 302
S0000197,E000002,aerospace_uas_avionics,DAP,air,225,kg,INV567877,DESC aerospace_uas_avionics 75
S0000198,E000755,medical_bio_lab,DAP,sea,80,pcs,INV424890,DESC medical_bio_lab 737
S0000199,E000843,machine_tools,FOB,sea,340,L,INV798563,DESC machine_tools 896
S0000200,E001233,luxury_dual_use_consumer,DAP,air,421,L,INV309168,DESC luxury_dual_use_consumer 89
S0000201,E000824,luxury_dual_use_consumer,DAP,sea,167,pcs,INV755062,DESC luxury_dual_use_consumer 845
S0000202,E000009,luxury_dual_use_consumer,FOB,sea,119,pcs,INV211751,DESC luxury_dual_use_consumer 838
S0000203,E000265,energy_equipment,FOB,road,427,pcs,INV493255,DESC energy_equipment 629
S0000204,E001457,maritime_port_equipment,CIF,sea,96,kg,INV896172,DESC maritime_port_equipment 655
S0000205,E000528,energy_equipment,DAP,road,95,L,INV377863,DESC energy_equipment 118
S0000206,E000922,medical_bio_lab,DAP,sea,438,kg,INV723225,DESC medical_bio_lab 405
S0000207,E001829,chemicals_precursors,DAP,sea,310,L,INV763990,DESC chemicals_precursors 455
S0000208,E000868,maritime_port_equipment,CIF,road,484,L,INV871555,DESC maritime_port_equipment 840
S0000209,E001895,maritime_port_equipment,FOB,air,67,L,INV323652,DESC maritime_port_equipment 811
S0000210,E001395,maritime_port_equipment,DAP,road,240,pcs,INV165662,DESC maritime_port_equipment 326
S0000211,E001063,chemicals_precursors,CIF,air,146,L,INV111521,DESC chemicals_precursors 129
S0000212,E001958,energy_equipment,CIF,air,77,L,INV990531,DESC energy_equipment 379
S0000213,E000998,energy_equipment,CIF,sea,344,pcs,INV973818,DESC energy_equipment 541
S0000214,E000414,machine_tools,DAP,air,377,kg,INV507504,DESC machine_tools 698
S0000215,E000608,energy_equipment,FOB,road,396,pcs,INV848916,DESC energy_equipment 296
S0000216,E001842,energy_equipment,FOB,road,238,kg,INV362023,DESC energy_equipment 723
S0000217,E000681,machine_tools,DAP,road,82,pcs,INV444325,DESC machine_tools 450
S0000218,E001258,machine_tools,FOB,air,390,pcs,INV305231,DESC machine_tools 175
S0000219,E001982,maritime_port_equipment,DAP,sea,331,pcs,INV655208,DESC maritime_port_equipment 473
S0000220,E001840,energy_equipment,DAP,road,497,L,INV194824,DESC energy_equipment 158
S0000221,E001413,chemicals_precursors,CIF,road,394,kg,INV425810,DESC chemicals_precursors 803
S0000222,E001503,chemicals_precursors,FOB,air,55,kg,INV362585,DESC chemicals_precursors 705
S0000223,E001089,energy_equipment,CIF,sea,9,pcs,INV214460,DESC energy_equipment 461
S0000224,E000369,luxury_dual_use_consumer,CIF,road,437,kg,INV828952,DESC luxury_dual_use_consumer 539
S0000225,E001669,luxury_dual_use_consumer,FOB,road,20,kg,INV507504,DESC luxury_dual_use_consumer 49
S0000226,E001900,aerospace_uas_avionics,FOB,road,270,kg,INV670283,DESC aerospace_uas_avionics 342
S0000227,E000859,luxury_dual_use_consumer,CIF,road,407,pcs,INV921432,DESC luxury_dual_use_consumer 577
S0000228,E000985,energy_equipment,CIF,air,144,pcs,INV186177,DESC energy_equipment 433
S0000229,E001026,maritime_port_equipment,CIF,sea,66,pcs,INV541014,DESC maritime_port_equipment 269
S0000230,E001983,maritime_port_equipment,FOB,sea,199,kg,INV745227,DESC maritime_port_equipment 734
S0000231,E000931,luxury_dual_use_consumer,FOB,sea,61,L,INV617042,DESC luxury_dual_use_consumer 5
S0000232,E001325,aerospace_uas_avionics,DAP,air,413,L,INV248273,DESC aerospace_uas_avionics 684
S0000233,E001167,aerospace_uas_avionics,FOB,sea,364,L,INV419972,DESC aerospace_uas_avionics 770
S0000234,E000269,medical_bio_lab,DAP,road,372,kg,INV726900,DESC medical_bio_lab 701
S0000235,E000660,energy_equipment,CIF,sea,457,pcs,INV298602,DESC energy_equipment 113
S0000236,E000983,machine_tools,DAP,sea,306,L,INV549068,DESC machine_tools 699
S0000237,E001063,machine_tools,FOB,sea,389,L,INV825751,DESC machine_tools 203
S0000238,E000690,aerospace_uas_avionics,DAP,road,359,pcs,INV518464,DESC aerospace_uas_avionics 5
S0000239,E001600,machine_tools,CIF,sea,399,kg,INV657897,DESC machine_tools 289
S0000240,E000918,medical_bio_lab,CIF,road,273,kg,INV155699,DESC medical_bio_lab 70
S0000241,E000036,aerospace_uas_avionics,DAP,sea,313,pcs,INV296806,DESC aerospace_uas_avionics 544
S0000242,E001038,maritime_port_equipment,DAP,air,87,kg,INV146738,DESC maritime_port_equipment 276
S0000243,E001712,aerospace_uas_avionics,FOB,road,193,pcs,INV177188,DESC aerospace_uas_avionics 866
S0000244,E000346,aerospace_uas_avionics,DAP,sea,177,L,INV419443,DESC aerospace_uas_avionics 788
S0000245,E000235,chemicals_precursors,DAP,sea,338,kg,INV985962,DESC chemicals_precursors 334
S0000246,E001306,maritime_port_equipment,DAP,sea,84,pcs,INV612763,DESC maritime_port_equipment 134
S0000247,E001487,luxury_dual_use_consumer,FOB,sea,118,pcs,INV490462,DESC luxury_dual_use_consumer 367
S0000248,E001770,chemicals_precursors,CIF,air,493,L,INV567250,DESC chemicals_precursors 417
S0000249,E000152,luxury_dual_use_consumer,CIF,air,204,kg,INV194571,DESC luxury_dual_use_consumer 356
S0000250,E001643,luxury_dual_use_consumer,CIF,air,150,pcs,INV824269,DESC luxury_dual_use_consumer 930
S0000251,E001408,energy_equipment,DAP,road,420,kg,INV264713,DESC energy_equipment 178
S0000252,E001685,medical_bio_lab,FOB,road,125,L,INV933373,DESC medical_bio_lab 387
S0000253,E000126,machine_tools,DAP,road,105,pcs,INV302717,DESC machine_tools 394
S0000254,E001413,luxury_dual_use_consumer,FOB,air,392,pcs,INV634295,DESC luxury_dual_use_consumer 590
S0000255,E001699,maritime_port_equipment,DAP,road,166,pcs,INV136182,DESC maritime_port_equipment 66
S0000256,E000622,energy_equipment,CIF,sea,370,L,INV314432,DESC energy_equipment 666
S0000257,E000838,energy_equipment,CIF,sea,102,pcs,INV422121,DESC energy_equipment 42
S0000258,E001282,luxury_dual_use_consumer,FOB,sea,80,kg,INV813677,DESC luxury_dual_use_consumer 513
S0000259,E000157,energy_equipment,DAP,road,43,kg,INV159961,DESC energy_equipment 118
S0000260,E000272,maritime_port_equipment,CIF,sea,107,L,INV154977,DESC maritime_port_equipment 426
S0000261,E000844,machine_tools,FOB,road,355,pcs,INV904850,DESC machine_tools 163
S0000262,E000691,aerospace_uas_avionics,FOB,road,465,pcs,INV542190,DESC aerospace_uas_avionics 844
S0000263,E000158,chemicals_precursors,FOB,sea,311,pcs,INV503917,DESC chemicals_precursors 556
S0000264,E000950,energy_equipment,CIF,air,182,L,INV390419,DESC energy_equipment 483
S0000265,E000247,luxury_dual_use_consumer,CIF,road,325,pcs,INV223143,DESC luxury_dual_use_consumer 664
S0000266,E000424,energy_equipment,DAP,sea,404,pcs,INV583990,DESC energy_equipment 894
S0000267,E000635,medical_bio_lab,CIF,air,279,pcs,INV221304,DESC medical_bio_lab 319
S0000268,E000872,aerospace_uas_avionics,CIF,road,476,kg,INV971065,DESC aerospace_uas_avionics 883
S0000269,E001822,medical_bio_lab,DAP,sea,264,kg,INV373909,DESC medical_bio_lab 727
S0000270,E000944,aerospace_uas_avionics,DAP,air,69,pcs,INV417409,DESC aerospace_uas_avionics 176
S0000271,E000554,chemicals_precursors,DAP,road,382,L,INV928708,DESC chemicals_precursors 855
S0000272,E001506,chemicals_precursors,CIF,sea,130,L,INV388422,DESC chemicals_precursors 323
S0000273,E000871,energy_equipment,FOB,air,216,L,INV660882,DESC energy_equipment 41
S0000274,E001461,aerospace_uas_avionics,CIF,air,30,pcs,INV932175,DESC aerospace_uas_avionics 414
S0000275,E001686,energy_equipment,CIF,sea,285,pcs,INV240002,DESC energy_equipment 853
S0000276,E000967,machine_tools,FOB,air,40,pcs,INV383682,DESC machine_tools 410
S0000277,E000130,chemicals_precursors,FOB,road,344,pcs,INV840966,DESC chemicals_precursors 108
S0000278,E001861,chemicals_precursors,CIF,road,59,pcs,INV969725,DESC chemicals_precursors 872
S0000279,E001404,energy_equipment,DAP,road,180,pcs,INV885596,DESC energy_equipment 266
S0000280,E000504,maritime_port_equipment,FOB,sea,269,pcs,INV262038,DESC maritime_port_equipment 4
S0000281,E000224,machine_tools,DAP,air,347,L,INV289999,DESC machine_tools 311
S0000282,E001009,energy_equipment,DAP,road,146,pcs,INV806643,DESC energy_equipment 425
S0000283,E001325,medical_bio_lab,FOB,air,184,L,INV704108,DESC medical_bio_lab 294
S0000284,E001652,energy_equipment,CIF,air,45,L,INV972299,DESC energy_equipment 174
S0000285,E000924,maritime_port_equipment,FOB,sea,374,kg,INV780745,DESC maritime_port_equipment 230
S0000286,E000354,machine_tools,FOB,road,478,L,INV319865,DESC machine_tools 386
S0000287,E000567,chemicals_precursors,DAP,sea,368,L,INV691250,DESC chemicals_precursors 6
S0000288,E000262,luxury_dual_use_consumer,DAP,road,194,L,INV435076,DESC luxury_dual_use_consumer 476
S0000289,E000999,aerospace_uas_avionics,CIF,air,411,pcs,INV448815,DESC aerospace_uas_avionics 484
S0000290,E000381,aerospace_uas_avionics,FOB,air,13,kg,INV433835,DESC aerospace_uas_avionics 285
S0000291,E001981,energy_equipment,FOB,sea,151,L,INV464662,DESC energy_equipment 543
S0000292,E001847,aerospace_uas_avionics,FOB,air,191,kg,INV994524,DESC aerospace_uas_avionics 310
S0000293,E000271,luxury_dual_use_consumer,FOB,air,23,L,INV520877,DESC luxury_dual_use_consumer 30
S0000294,E001210,chemicals_precursors,FOB,sea,17,pcs,INV897772,DESC chemicals_precursors 342
S0000295,E000391,maritime_port_equipment,DAP,sea,300,L,INV891676,DESC maritime_port_equipment 768
S0000296,E000940,machine_tools,CIF,air,416,kg,INV969692,DESC machine_tools 370
S0000297,E001083,energy_equipment,FOB,road,485,L,INV100910,DESC energy_equipment 465
S0000298,E000468,machine_tools,DAP,sea,159,L,INV893528,DESC machine_tools 480
S0000299,E000924,maritime_port_equipment,CIF,air,239,pcs,INV210148,DESC maritime_port_equipment 774
S0000300,E000768,machine_tools,DAP,road,50,pcs,INV958088,DESC machine_tools 193
S0000301,E001968,medical_bio_lab,CIF,air,22,kg,INV904387,DESC medical_bio_lab 436
S0000302,E001255,energy_equipment,DAP,road,235,kg,INV265223,DESC energy_equipment 618
S0000303,E001814,aerospace_uas_avionics,DAP,sea,304,pcs,INV751385,DESC aerospace_uas_avionics 830
S0000304,E000298,aerospace_uas_avionics,FOB,road,171,pcs,INV280080,DESC aerospace_uas_avionics 237
S0000305,E001649,aerospace_uas_avionics,CIF,sea,140,kg,INV939350,DESC aerospace_uas_avionics 857
S0000306,E000601,maritime_port_equipment,FOB,road,192,pcs,INV333422,DESC maritime_port_equipment 98
S0000307,E001548,chemicals_precursors,FOB,air,330,kg,INV338651,DESC chemicals_precursors 533
S0000308,E000673,medical_bio_lab,CIF,sea,387,kg,INV642050,DESC medical_bio_lab 496
S0000309,E001865,chemicals_precursors,FOB,air,109,L,INV500848,DESC chemicals_precursors 538
S0000310,E000613,machine_tools,CIF,road,491,pcs,INV437373,DESC machine_tools 222
S0000311,E000442,luxury_dual_use_consumer,FOB,sea,440,kg,INV260243,DESC luxury_dual_use_consumer 382
S0000312,E001124,energy_equipment,CIF,air,428,kg,INV378879,DESC energy_equipment 815
S0000313,E001932,machine_tools,FOB,sea,130,L,INV612608,DESC machine_tools 97
S0000314,E000792,machine_tools,DAP,sea,470,L,INV306324,DESC machine_tools 917
S0000315,E001189,maritime_port_equipment,DAP,sea,79,kg,INV284096,DESC maritime_port_equipment 987
S0000316,E001972,energy_equipment,CIF,sea,489,kg,INV921467,DESC energy_equipment 978
S0000317,E001833,energy_equipment,FOB,air,241,L,INV718574,DESC energy_equipment 648
S0000318,E000871,luxury_dual_use_consumer,DAP,sea,149,L,INV242773,DESC luxury_dual_use_consumer 44
S0000319,E001278,maritime_port_equipment,CIF,road,251,kg,INV987999,DESC maritime_port_equipment 540
S0000320,E001993,machine_tools,FOB,air,46,L,INV647356,DESC machine_tools 230
S0000321,E000950,medical_bio_lab,DAP,air,109,L,INV598335,DESC medical_bio_lab 670
S0000322,E000725,luxury_dual_use_consumer,CIF,air,460,L,INV584008,DESC luxury_dual_use_consumer 877
S0000323,E000286,machine_tools,DAP,air,486,pcs,INV301049,DESC machine_tools 639
S0000324,E000584,luxury_dual_use_consumer,DAP,sea,456,kg,INV326677,DESC luxury_dual_use_consumer 579
S0000325,E000595,luxury_dual_use_consumer,FOB,air,245,L,INV301746,DESC luxury_dual_use_consumer 695
S0000326,E000370,machine_tools,CIF,air,325,kg,INV993946,DESC machine_tools 546
S0000327,E001606,luxury_dual_use_consumer,DAP,road,229,kg,INV655007,DESC luxury_dual_use_consumer 805
S0000328,E001306,aerospace_uas_avionics,FOB,road,1,kg,INV570029,DESC aerospace_uas_avionics 853
S0000329,E001456,aerospace_uas_avionics,CIF,air,135,pcs,INV169185,DESC aerospace_uas_avionics 654
S0000330,E001672,maritime_port_equipment,CIF,sea,111,L,INV543352,DESC maritime_port_equipment 193
S0000331,E000392,aerospace_uas_avionics,DAP,sea,28,kg,INV428677,DESC aerospace_uas_avionics 370
S0000332,E000189,energy_equipment,FOB,road,58,pcs,INV745301,DESC energy_equipment 609
S0000333,E000359,machine_tools,FOB,sea,180,pcs,INV676997,DESC machine_tools 455
S0000334,E000661,machine_tools,DAP,sea,399,L,INV425885,DESC machine_tools 995
S0000335,E001260,maritime_port_equipment,FOB,air,280,pcs,INV374041,DESC maritime_port_equipment 364
S0000336,E000491,aerospace_uas_avionics,CIF,air,168,L,INV413495,DESC aerospace_uas_avionics 100
S0000337,E001642,machine_tools,CIF,road,356,pcs,INV294622,DESC machine_tools 7
S0000338,E000588,maritime_port_equipment,CIF,road,468,kg,INV645691,DESC maritime_port_equipment 723
S0000339,E001690,energy_equipment,FOB,road,93,pcs,INV805593,DESC energy_equipment 294
S0000340,E001781,chemicals_precursors,CIF,air,17,L,INV135352,DESC chemicals_precursors 672
S0000341,E000419,maritime_port_equipment,DAP,air,193,kg,INV502777,DESC maritime_port_equipment 885
S0000342,E000581,energy_equipment,CIF,road,95,kg,INV145775,DESC energy_equipment 944
S0000343,E001097,medical_bio_lab,FOB,air,92,kg,INV554586,DESC medical_bio_lab 360
S0000344,E001175,medical_bio_lab,FOB,road,489,pcs,INV783214,DESC medical_bio_lab 231
S0000345,E001607,machine_tools,FOB,sea,275,pcs,INV729745,DESC machine_tools 913
S0000346,E001215,medical_bio_lab,FOB,air,372,L,INV696668,DESC medical_bio_lab 837
S0000347,E000070,aerospace_uas_avionics,FOB,sea,496,L,INV534349,DESC aerospace_uas_avionics 577
S0000348,E000713,maritime_port_equipment,CIF,sea,437,kg,INV971165,DESC maritime_port_equipment 692
S0000349,E001707,energy_equipment,DAP,air,344,pcs,INV204929,DESC energy_equipment 154
S0000350,E000803,chemicals_precursors,FOB,air,51,pcs,INV471764,DESC chemicals_precursors 703
S0000351,E001316,energy_equipment,CIF,road,287,pcs,INV105019,DESC energy_equipment 778
S0000352,E000462,luxury_dual_use_consumer,CIF,road,355,pcs,INV908014,DESC luxury_dual_use_consumer 43
S0000353,E001272,machine_tools,FOB,air,306,L,INV546159,DESC machine_tools 677
S0000354,E001195,energy_equipment,FOB,road,117,L,INV527907,DESC energy_equipment 741
S0000355,E001131,energy_equipment,FOB,air,383,L,INV219949,DESC energy_equipment 157
S0000356,E000468,medical_bio_lab,FOB,air,155,pcs,INV120678,DESC medical_bio_lab 423
S0000357,E000926,chemicals_precursors,DAP,road,7,pcs,INV250416,DESC chemicals_precursors 813
S0000358,E001548,aerospace_uas_avionics,DAP,air,488,L,INV824550,DESC aerospace_uas_avionics 838
S0000359,E000666,machine_tools,CIF,sea,412,kg,INV650031,DESC machine_tools 153
S0000360,E000511,maritime_port_equipment,CIF,sea,446,pcs,INV600602,DESC maritime_port_equipment 561
S0000361,E000207,maritime_port_equipment,FOB,sea,153,pcs,INV644614,DESC maritime_port_equipment 308
S0000362,E001216,medical_bio_lab,CIF,sea,103,L,INV228666,DESC medical_bio_lab 474
S0000363,E001813,medical_bio_lab,FOB,road,281,pcs,INV142533,DESC medical_bio_lab 591
S0000364,E001126,medical_bio_lab,CIF,air,51,pcs,INV748448,DESC medical_bio_lab 887
S0000365,E000756,chemicals_precursors,CIF,sea,76,L,INV184861,DESC chemicals_precursors 998
S0000366,E000069,maritime_port_equipment,DAP,air,335,pcs,INV807391,DESC maritime_port_equipment 67
S0000367,E000421,medical_bio_lab,FOB,road,258,kg,INV719005,DESC medical_bio_lab 60
S0000368,E001651,maritime_port_equipment,CIF,sea,300,kg,INV274979,DESC maritime_port_equipment 370
S0000369,E001956,chemicals_precursors,FOB,air,65,pcs,INV138734,DESC chemicals_precursors 794
S0000370,E001084,aerospace_uas_avionics,DAP,road,467,pcs,INV773753,DESC aerospace_uas_avionics 878
S0000371,E000911,luxury_dual_use_consumer,DAP,sea,186,kg,INV733375,DESC luxury_dual_use_consumer 963
S0000372,E001234,medical_bio_lab,FOB,sea,98,kg,INV408365,DESC medical_bio_lab 73
S0000373,E000160,maritime_port_equipment,FOB,air,471,L,INV628750,DESC maritime_port_equipment 255
S0000374,E000803,maritime_port_equipment,FOB,sea,362,pcs,INV708267,DESC maritime_port_equipment 665
S0000375,E000308,medical_bio_lab,CIF,sea,95,pcs,INV687604,DESC medical_bio_lab 317
S0000376,E001988,machine_tools,FOB,air,423,kg,INV563862,DESC machine_tools 134
S0000377,E001892,luxury_dual_use_consumer,FOB,sea,301,kg,INV363818,DESC luxury_dual_use_consumer 319
S0000378,E000261,aerospace_uas_avionics,FOB,sea,64,pcs,INV112295,DESC aerospace_uas_avionics 664
S0000379,E001252,luxury_dual_use_consumer,DAP,road,223,pcs,INV374640,DESC luxury_dual_use_consumer 732
S0000380,E000918,energy_equipment,CIF,air,11,L,INV743795,DESC energy_equipment 567
S0000381,E000341,aerospace_uas_avionics,DAP,air,34,pcs,INV594728,DESC aerospace_uas_avionics 216
S0000382,E000279,maritime_port_equipment,CIF,road,358,pcs,INV175692,DESC maritime_port_equipment 282
S0000383,E000318,luxury_dual_use_consumer,CIF,air,82,kg,INV395759,DESC luxury_dual_use_consumer 337
S0000384,E001480,energy_equipment,CIF,road,482,L,INV705846,DESC energy_equipment 375
S0000385,E000501,machine_tools,CIF,road,237,kg,INV390042,DESC machine_tools 130
S0000386,E001852,medical_bio_lab,CIF,air,499,L,INV656283,DESC medical_bio_lab 196
S0000387,E001230,maritime_port_equipment,DAP,road,214,kg,INV430652,DESC maritime_port_equipment 251
S0000388,E001594,luxury_dual_use_consumer,DAP,air,187,kg,INV780425,DESC luxury_dual_use_consumer 164
S0000389,E000572,maritime_port_equipment,FOB,road,379,kg,INV166068,DESC maritime_port_equipment 625
S0000390,E000245,maritime_port_equipment,DAP,sea,427,kg,INV591593,DESC maritime_port_equipment 616
S0000391,E000601,medical_bio_lab,DAP,road,83,pcs,INV447823,DESC medical_bio_lab 899
S0000392,E001259,aerospace_uas_avionics,CIF,road,268,kg,INV444142,DESC aerospace_uas_avionics 151
S0000393,E001287,luxury_dual_use_consumer,DAP,sea,102,L,INV891792,DESC luxury_dual_use_consumer 484
S0000394,E001501,luxury_dual_use_consumer,CIF,sea,40,L,INV124196,DESC luxury_dual_use_consumer 665
S0000395,E001162,machine_tools,CIF,road,451,kg,INV520261,DESC machine_tools 319
S0000396,E000879,maritime_port_equipment,DAP,air,302,pcs,INV137958,DESC maritime_port_equipment 612
S0000397,E001143,medical_bio_lab,DAP,sea,9,pcs,INV252386,DESC medical_bio_lab 903
S0000398,E001319,maritime_port_equipment,CIF,road,425,pcs,INV522249,DESC maritime_port_equipment 205
S0000399,E000705,luxury_dual_use_consumer,DAP,road,233,L,INV862139,DESC luxury_dual_use_consumer 581
S0000400,E001371,luxury_dual_use_consumer,FOB,sea,460,pcs,INV590488,DESC luxury_dual_use_consumer 9
S0000401,E001591,energy_equipment,DAP,sea,40,L,INV106420,DESC energy_equipment 885
S0000402,E000171,chemicals_precursors,DAP,road,150,pcs,INV286450,DESC chemicals_precursors 714
S0000403,E001273,machine_tools,FOB,sea,214,pcs,INV616093,DESC machine_tools 921
S0000404,E001547,machine_tools,CIF,road,244,L,INV920128,DESC machine_tools 326
S0000405,E000724,aerospace_uas_avionics,FOB,sea,322,pcs,INV740996,DESC aerospace_uas_avionics 62
S0000406,E001227,chemicals_precursors,DAP,sea,326,pcs,INV147546,DESC chemicals_precursors 803
S0000407,E000115,luxury_dual_use_consumer,FOB,air,32,L,INV423549,DESC luxury_dual_use_consumer 84
S0000408,E001357,maritime_port_equipment,FOB,sea,94,kg,INV343407,DESC maritime_port_equipment 120
S0000409,E001727,luxury_dual_use_consumer,CIF,road,24,pcs,INV211242,DESC luxury_dual_use_consumer 378
S0000410,E001560,luxury_dual_use_consumer,FOB,air,245,pcs,INV949265,DESC luxury_dual_use_consumer 229
S0000411,E001803,energy_equipment,FOB,road,265,kg,INV364744,DESC energy_equipment 95
S0000412,E000937,medical_bio_lab,FOB,road,313,kg,INV191037,DESC medical_bio_lab 584
S0000413,E000141,machine_tools,CIF,air,24,kg,INV969449,DESC machine_tools 508
S0000414,E000680,luxury_dual_use_consumer,CIF,air,198,L,INV338576,DESC luxury_dual_use_consumer 319
S0000415,E000687,chemicals_precursors,CIF,sea,153,kg,INV642415,DESC chemicals_precursors 690
S0000416,E001543,chemicals_precursors,CIF,air,424,L,INV581246,DESC chemicals_precursors 618
S0000417,E001817,aerospace_uas_avionics,DAP,road,275,L,INV101745,DESC aerospace_uas_avionics 432
S0000418,E001419,medical_bio_lab,CIF,sea,355,pcs,INV215635,DESC medical_bio_lab 404
S0000419,E000852,chemicals_precursors,FOB,sea,8,L,INV631616,DESC chemicals_precursors 745
S0000420,E001975,chemicals_precursors,DAP,air,418,pcs,INV407996,DESC chemicals_precursors 106
S0000421,E001637,medical_bio_lab,DAP,sea,173,pcs,INV397442,DESC medical_bio_lab 586
S0000422,E000193,energy_equipment,CIF,air,338,pcs,INV112178,DESC energy_equipment 899
S0000423,E000381,chemicals_precursors,CIF,sea,156,kg,INV472842,DESC chemicals_precursors 285
S0000424,E001888,medical_bio_lab,FOB,air,371,kg,INV692651,DESC medical_bio_lab 625
S0000425,E000570,energy_equipment,DAP,sea,45,kg,INV649406,DESC energy_equipment 119
S0000426,E001023,chemicals_precursors,DAP,road,299,kg,INV873489,DESC chemicals_precursors 467
S0000427,E001791,energy_equipment,CIF,road,37,L,INV198192,DESC energy_equipment 135
S0000428,E000186,aerospace_uas_avionics,FOB,sea,270,L,INV705276,DESC aerospace_uas_avionics 752
S0000429,E001715,machine_tools,FOB,air,241,L,INV251821,DESC machine_tools 961
S0000430,E001636,maritime_port_equipment,CIF,road,415,kg,INV432767,DESC maritime_port_equipment 90
S0000431,E001787,luxury_dual_use_consumer,CIF,road,100,kg,INV183414,DESC luxury_dual_use_consumer 90
S0000432,E000627,aerospace_uas_avionics,FOB,road,389,pcs,INV381761,DESC aerospace_uas_avionics 238
S0000433,E000484,maritime_port_equipment,CIF,road,478,kg,INV660866,DESC maritime_port_equipment 582
S0000434,E001694,maritime_port_equipment,CIF,sea,307,L,INV507880,DESC maritime_port_equipment 113
S0000435,E000458,luxury_dual_use_consumer,CIF,road,305,kg,INV526661,DESC luxury_dual_use_consumer 44
S0000436,E001307,chemicals_precursors,DAP,sea,297,kg,INV927334,DESC chemicals_precursors 234
S0000437,E000902,luxury_dual_use_consumer,CIF,road,334,pcs,INV832182,DESC luxury_dual_use_consumer 661
S0000438,E000992,aerospace_uas_avionics,DAP,road,63,L,INV542757,DESC aerospace_uas_avionics 213
S0000439,E001078,chemicals_precursors,FOB,sea,355,L,INV247351,DESC chemicals_precursors 587
S0000440,E001449,luxury_dual_use_consumer,CIF,road,103,pcs,INV315589,DESC luxury_dual_use_consumer 711
S0000441,E000174,luxury_dual_use_consumer,DAP,road,26,pcs,INV987684,DESC luxury_dual_use_consumer 38
S0000442,E001458,medical_bio_lab,DAP,sea,355,pcs,INV498169,DESC medical_bio_lab 872
S0000443,E000466,energy_equipment,CIF,air,104,pcs,INV866623,DESC energy_equipment 53
S0000444,E000836,machine_tools,CIF,air,425,pcs,INV130839,DESC machine_tools 230
S0000445,E001402,luxury_dual_use_consumer,FOB,air,468,kg,INV699610,DESC luxury_dual_use_consumer 474
S0000446,E001531,maritime_port_equipment,DAP,sea,15,pcs,INV711639,DESC maritime_port_equipment 838
S0000447,E000448,energy_equipment,FOB,road,275,kg,INV550703,DESC energy_equipment 27
S0000448,E000401,energy_equipment,DAP,air,122,L,INV999822,DESC energy_equipment 415
S0000449,E001161,energy_equipment,CIF,air,76,kg,INV910817,DESC energy_equipment 202
S0000450,E001836,machine_tools,DAP,sea,129,L,INV811050,DESC machine_tools 756
S0000451,E001346,maritime_port_equipment,DAP,road,52,pcs,INV288474,DESC maritime_port_equipment 82
S0000452,E000157,chemicals_precursors,DAP,sea,374,pcs,INV546258,DESC chemicals_precursors 933
S0000453,E001016,machine_tools,FOB,air,426,kg,INV135781,DESC machine_tools 781
S0000454,E000341,maritime_port_equipment,DAP,air,324,kg,INV416301,DESC maritime_port_equipment 906
S0000455,E000038,energy_equipment,DAP,air,95,pcs,INV242511,DESC energy_equipment 798
S0000456,E000826,chemicals_precursors,DAP,sea,254,kg,INV538150,DESC chemicals_precursors 218
S0000457,E000834,machine_tools,CIF,road,129,kg,INV620675,DESC machine_tools 164
S0000458,E001031,medical_bio_lab,CIF,sea,149,pcs,INV466027,DESC medical_bio_lab 365
S0000459,E001886,aerospace_uas_avionics,FOB,road,88,pcs,INV751621,DESC aerospace_uas_avionics 909
S0000460,E000192,energy_equipment,CIF,air,102,kg,INV141702,DESC energy_equipment 447
S0000461,E000841,energy_equipment,FOB,sea,24,pcs,INV604522,DESC energy_equipment 430
S0000462,E000215,medical_bio_lab,DAP,road,123,pcs,INV555665,DESC medical_bio_lab 708
S0000463,E001462,chemicals_precursors,DAP,road,105,pcs,INV266490,DESC chemicals_precursors 161
S0000464,E000953,maritime_port_equipment,CIF,sea,352,pcs,INV504754,DESC maritime_port_equipment 729
S0000465,E000923,maritime_port_equipment,CIF,sea,339,pcs,INV782017,DESC maritime_port_equipment 659
S0000466,E001689,maritime_port_equipment,DAP,sea,53,L,INV339167,DESC maritime_port_equipment 585
S0000467,E001261,chemicals_precursors,FOB,sea,486,pcs,INV568923,DESC chemicals_precursors 20
S0000468,E000806,chemicals_precursors,FOB,sea,144,kg,INV678607,DESC chemicals_precursors 14
S0000469,E000808,aerospace_uas_avionics,DAP,sea,154,pcs,INV678203,DESC aerospace_uas_avionics 973
S0000470,E001922,aerospace_uas_avionics,FOB,sea,256,kg,INV661261,DESC aerospace_uas_avionics 265
S0000471,E000349,chemicals_precursors,CIF,sea,305,pcs,INV103426,DESC chemicals_precursors 591
S0000472,E001828,luxury_dual_use_consumer,CIF,sea,241,L,INV791275,DESC luxury_dual_use_consumer 168
S0000473,E001451,energy_equipment,DAP,road,314,kg,INV749084,DESC energy_equipment 861
S0000474,E001970,energy_equipment,CIF,air,29,L,INV850726,DESC energy_equipment 569
S0000475,E001255,machine_tools,FOB,sea,64,L,INV396427,DESC machine_tools 676
S0000476,E000034,luxury_dual_use_consumer,CIF,sea,429,pcs,INV425086,DESC luxury_dual_use_consumer 364
S0000477,E001524,chemicals_precursors,CIF,sea,420,kg,INV767025,DESC chemicals_precursors 603
S0000478,E000879,luxury_dual_use_consumer,FOB,sea,264,pcs,INV932935,DESC luxury_dual_use_consumer 614
S0000479,E001336,machine_tools,DAP,road,150,pcs,INV810028,DESC machine_tools 613
S0000480,E001332,chemicals_precursors,CIF,air,212,pcs,INV159895,DESC chemicals_precursors 342
S0000481,E000368,energy_equipment,FOB,air,102,kg,INV233356,DESC energy_equipment 724
S0000482,E001933,medical_bio_lab,FOB,air,486,pcs,INV292847,DESC medical_bio_lab 660
S0000483,E001669,machine_tools,CIF,sea,441,pcs,INV773615,DESC machine_tools 758
S0000484,E000925,maritime_port_equipment,FOB,sea,44,kg,INV693528,DESC maritime_port_equipment 459
S0000485,E001165,maritime_port_equipment,DAP,air,83,L,INV425630,DESC maritime_port_equipment 299
S0000486,E000531,energy_equipment,FOB,sea,314,kg,INV832215,DESC energy_equipment 818
S0000487,E001692,luxury_dual_use_consumer,FOB,sea,440,kg,INV917025,DESC luxury_dual_use_consumer 983
S0000488,E000023,luxury_dual_use_consumer,DAP,air,338,L,INV268983,DESC luxury_dual_use_consumer 661
S0000489,E000785,maritime_port_equipment,CIF,road,125,kg,INV780942,DESC maritime_port_equipment 533
S0000490,E001873,aerospace_uas_avionics,FOB,air,94,kg,INV754044,DESC aerospace_uas_avionics 936
S0000491,E001635,luxury_dual_use_consumer,CIF,sea,442,kg,INV486166,DESC luxury_dual_use_consumer 362
S0000492,E000083,maritime_port_equipment,DAP,air,401,kg,INV682241,DESC maritime_port_equipment 51
S0000493,E000318,maritime_port_equipment,FOB,air,386,pcs,INV127206,DESC maritime_port_equipment 400
S0000494,E001456,chemicals_precursors,DAP,road,471,pcs,INV214498,DESC chemicals_precursors 398
S0000495,E001274,machine_tools,FOB,road,57,kg,INV173412,DESC machine_tools 18
S0000496,E001697,chemicals_precursors,DAP,sea,219,kg,INV169485,DESC chemicals_precursors 856
S0000497,E001493,chemicals_precursors,FOB,air,281,kg,INV316195,DESC chemicals_precursors 885
S0000498,E000980,medical_bio_lab,FOB,road,255,kg,INV390506,DESC medical_bio_lab 258
S0000499,E000324,maritime_port_equipment,CIF,sea,445,pcs,INV248320,DESC maritime_port_equipment 72
S0000500,E001297,energy_equipment,CIF,sea,374,kg,INV734440,DESC energy_equipment 173
S0000501,E001202,chemicals_precursors,FOB,air,169,pcs,INV807553,DESC chemicals_precursors 211
S0000502,E000612,luxury_dual_use_consumer,FOB,sea,194,pcs,INV514662,DESC luxury_dual_use_consumer 165
S0000503,E001509,aerospace_uas_avionics,DAP,sea,260,L,INV945984,DESC aerospace_uas_avionics 224
S0000504,E000390,medical_bio_lab,DAP,road,340,L,INV279298,DESC medical_bio_lab 511
S0000505,E000355,machine_tools,CIF,sea,303,L,INV518022,DESC machine_tools 39
S0000506,E001767,luxury_dual_use_consumer,CIF,air,472,pcs,INV155564,DESC luxury_dual_use_consumer 503
S0000507,E001176,luxury_dual_use_consumer,FOB,air,425,kg,INV883847,DESC luxury_dual_use_consumer 979
S0000508,E000278,medical_bio_lab,DAP,road,44,kg,INV335005,DESC medical_bio_lab 286
S0000509,E000786,luxury_dual_use_consumer,CIF,air,410,kg,INV428462,DESC luxury_dual_use_consumer 443
S0000510,E001777,medical_bio_lab,DAP,sea,378,pcs,INV421342,DESC medical_bio_lab 400
S0000511,E001995,medical_bio_lab,CIF,air,119,L,INV819101,DESC medical_bio_lab 923
S0000512,E001441,luxury_dual_use_consumer,CIF,air,165,kg,INV596041,DESC luxury_dual_use_consumer 131
S0000513,E001024,aerospace_uas_avionics,DAP,air,330,kg,INV242722,DESC aerospace_uas_avionics 839
S0000514,E000739,medical_bio_lab,CIF,sea,180,L,INV649535,DESC medical_bio_lab 467
S0000515,E000581,chemicals_precursors,CIF,road,112,kg,INV522386,DESC chemicals_precursors 582
S0000516,E001310,luxury_dual_use_consumer,FOB,air,345,L,INV693212,DESC luxury_dual_use_consumer 556
S0000517,E000688,luxury_dual_use_consumer,CIF,air,177,L,INV963320,DESC luxury_dual_use_consumer 371
S0000518,E001270,machine_tools,DAP,air,477,kg,INV656494,DESC machine_tools 552
S0000519,E000071,medical_bio_lab,DAP,air,461,pcs,INV916273,DESC medical_bio_lab 410
S0000520,E000588,energy_equipment,CIF,air,133,pcs,INV525947,DESC energy_equipment 461
S0000521,E001384,aerospace_uas_avionics,CIF,air,406,L,INV974643,DESC aerospace_uas_avionics 517
S0000522,E001326,luxury_dual_use_consumer,DAP,road,311,pcs,INV536013,DESC luxury_dual_use_consumer 812
S0000523,E001475,aerospace_uas_avionics,FOB,sea,360,pcs,INV666963,DESC aerospace_uas_avionics 653
S0000524,E000616,machine_tools,CIF,sea,88,pcs,INV120231,DESC machine_tools 120
S0000525,E000999,aerospace_uas_avionics,CIF,sea,93,kg,INV156948,DESC aerospace_uas_avionics 722
S0000526,E001452,machine_tools,DAP,sea,386,kg,INV652798,DESC machine_tools 554
S0000527,E000955,maritime_port_equipment,FOB,air,302,L,INV581820,DESC maritime_port_equipment 971
S0000528,E001558,energy_equipment,DAP,sea,460,L,INV601698,DESC energy_equipment 783
S0000529,E000797,chemicals_precursors,FOB,air,389,kg,INV702862,DESC chemicals_precursors 180
S0000530,E000205,medical_bio_lab,FOB,road,288,kg,INV963660,DESC medical_bio_lab 588
S0000531,E000366,maritime_port_equipment,CIF,road,229,kg,INV373571,DESC maritime_port_equipment 90
S0000532,E001518,medical_bio_lab,DAP,air,271,L,INV659503,DESC medical_bio_lab 433
S0000533,E001128,chemicals_precursors,CIF,sea,111,L,INV793532,DESC chemicals_precursors 404
S0000534,E001242,medical_bio_lab,FOB,road,363,L,INV772452,DESC medical_bio_lab 85
S0000535,E000849,aerospace_uas_avionics,DAP,sea,236,kg,INV928119,DESC aerospace_uas_avionics 769
S0000536,E001759,aerospace_uas_avionics,DAP,air,108,L,INV451142,DESC aerospace_uas_avionics 642
S0000537,E001055,chemicals_precursors,CIF,air,29,kg,INV102357,DESC chemicals_precursors 629
S0000538,E000129,medical_bio_lab,FOB,air,178,kg,INV481458,DESC medical_bio_lab 266
S0000539,E000187,luxury_dual_use_consumer,CIF,sea,411,pcs,INV234408,DESC luxury_dual_use_consumer 692
S0000540,E000380,machine_tools,DAP,sea,458,kg,INV465383,DESC machine_tools 964
S0000541,E001616,machine_tools,FOB,air,245,kg,INV613229,DESC machine_tools 515
S0000542,E000729,maritime_port_equipment,FOB,road,195,L,INV682354,DESC maritime_port_equipment 33
S0000543,E000099,luxury_dual_use_consumer,FOB,sea,77,L,INV609373,DESC luxury_dual_use_consumer 75
S0000544,E000521,energy_equipment,FOB,sea,196,kg,INV371566,DESC energy_equipment 468
S0000545,E001388,luxury_dual_use_consumer,CIF,sea,430,L,INV125993,DESC luxury_dual_use_consumer 282
S0000546,E000586,medical_bio_lab,FOB,road,117,L,INV616639,DESC medical_bio_lab 196
S0000547,E001208,energy_equipment,FOB,sea,201,kg,INV454165,DESC energy_equipment 554
S0000548,E000700,luxury_dual_use_consumer,CIF,sea,303,pcs,INV628003,DESC luxury_dual_use_consumer 587
S0000549,E000770,maritime_port_equipment,DAP,sea,312,L,INV232696,DESC maritime_port_equipment 249
S0000550,E000557,medical_bio_lab,CIF,air,486,pcs,INV523096,DESC medical_bio_lab 864
S0000551,E001631,luxury_dual_use_consumer,FOB,sea,368,pcs,INV973081,DESC luxury_dual_use_consumer 833
S0000552,E000349,luxury_dual_use_consumer,DAP,sea,114,pcs,INV559300,DESC luxury_dual_use_consumer 90
S0000553,E001891,chemicals_precursors,CIF,road,152,kg,INV384851,DESC chemicals_precursors 246
S0000554,E001024,aerospace_uas_avionics,DAP,sea,136,L,INV291708,DESC aerospace_uas_avionics 871
S0000555,E001025,machine_tools,DAP,sea,196,L,INV222493,DESC machine_tools 677
S0000556,E001259,maritime_port_equipment,CIF,air,310,L,INV463260,DESC maritime_port_equipment 295
S0000557,E001975,luxury_dual_use_consumer,FOB,road,130,kg,INV782139,DESC luxury_dual_use_consumer 711
S0000558,E001656,energy_equipment,FOB,air,284,kg,INV405051,DESC energy_equipment 566
S0000559,E001537,machine_tools,FOB,air,241,L,INV311847,DESC machine_tools 657
S0000560,E001797,luxury_dual_use_consumer,FOB,road,110,pcs,INV425640,DESC luxury_dual_use_consumer 516
S0000561,E000179,maritime_port_equipment,DAP,sea,479,kg,INV214858,DESC maritime_port_equipment 371
S0000562,E000719,chemicals_precursors,CIF,sea,307,L,INV516366,DESC chemicals_precursors 485
S0000563,E001109,maritime_port_equipment,CIF,air,96,pcs,INV794966,DESC maritime_port_equipment 316
S0000564,E000468,maritime_port_equipment,FOB,sea,442,pcs,INV355431,DESC maritime_port_equipment 54
S0000565,E001626,energy_equipment,CIF,sea,430,kg,INV172369,DESC energy_equipment 696
S0000566,E001502,medical_bio_lab,DAP,road,30,kg,INV492649,DESC medical_bio_lab 588
S0000567,E001824,medical_bio_lab,CIF,road,95,kg,INV182279,DESC medical_bio_lab 497
S0000568,E000562,aerospace_uas_avionics,DAP,air,161,L,INV110556,DESC aerospace_uas_avionics 962
S0000569,E001572,energy_equipment,CIF,sea,85,pcs,INV436025,DESC energy_equipment 201
S0000570,E000950,luxury_dual_use_consumer,FOB,road,110,kg,INV163419,DESC luxury_dual_use_consumer 304
S0000571,E001271,machine_tools,FOB,road,326,pcs,INV183195,DESC machine_tools 941
S0000572,E000036,chemicals_precursors,CIF,road,176,kg,INV377381,DESC chemicals_precursors 482
S0000573,E000683,chemicals_precursors,FOB,air,247,pcs,INV730088,DESC chemicals_precursors 469
S0000574,E001569,maritime_port_equipment,FOB,air,304,pcs,INV946908,DESC maritime_port_equipment 931
S0000575,E001100,machine_tools,FOB,sea,229,kg,INV844303,DESC machine_tools 986
S0000576,E001179,machine_tools,DAP,sea,376,L,INV795005,DESC machine_tools 451
S0000577,E001492,machine_tools,FOB,road,105,pcs,INV200234,DESC machine_tools 932
S0000578,E000570,medical_bio_lab,DAP,sea,254,kg,INV458069,DESC medical_bio_lab 782
S0000579,E000394,aerospace_uas_avionics,DAP,sea,280,kg,INV897700,DESC aerospace_uas_avionics 588
S0000580,E001128,machine_tools,FOB,air,190,L,INV382263,DESC machine_tools 33
S0000581,E000484,chemicals_precursors,DAP,sea,158,L,INV681179,DESC chemicals_precursors 691
S0000582,E000879,maritime_port_equipment,CIF,sea,457,L,INV652254,DESC maritime_port_equipment 846
S0000583,E000329,chemicals_precursors,FOB,road,208,L,INV846622,DESC chemicals_precursors 690
S0000584,E001563,aerospace_uas_avionics,DAP,sea,409,L,INV897173,DESC aerospace_uas_avionics 562
S0000585,E001775,machine_tools,FOB,air,380,pcs,INV229549,DESC machine_tools 414
S0000586,E001354,medical_bio_lab,DAP,sea,316,pcs,INV123183,DESC medical_bio_lab 987
S0000587,E001641,chemicals_precursors,DAP,road,318,L,INV716438,DESC chemicals_precursors 783
S0000588,E001685,aerospace_uas_avionics,FOB,road,168,pcs,INV223283,DESC aerospace_uas_avionics 829
S0000589,E001483,medical_bio_lab,FOB,air,117,pcs,INV388462,DESC medical_bio_lab 860
S0000590,E001847,luxury_dual_use_consumer,DAP,road,15,L,INV917733,DESC luxury_dual_use_consumer 51
S0000591,E000547,energy_equipment,FOB,road,281,L,INV334496,DESC energy_equipment 415
S0000592,E000428,chemicals_precursors,FOB,sea,190,pcs,INV134901,DESC chemicals_precursors 709
S0000593,E001222,medical_bio_lab,CIF,sea,76,pcs,INV763179,DESC medical_bio_lab 341
S0000594,E000726,aerospace_uas_avionics,CIF,road,271,L,INV651651,DESC aerospace_uas_avionics 691
S0000595,E000926,chemicals_precursors,DAP,road,127,kg,INV454336,DESC chemicals_precursors 997
S0000596,E001905,luxury_dual_use_consumer,DAP,air,162,pcs,INV335138,DESC luxury_dual_use_consumer 476
S0000597,E000493,maritime_port_equipment,CIF,road,481,kg,INV730042,DESC maritime_port_equipment 473
S0000598,E001194,medical_bio_lab,CIF,road,212,kg,INV744989,DESC medical_bio_lab 917
S0000599,E001153,energy_equipment,DAP,road,168,L,INV656533,DESC energy_equipment 93
S0000600,E001167,luxury_dual_use_consumer,DAP,road,25,kg,INV107732,DESC luxury_dual_use_consumer 236
S0000601,E001686,medical_bio_lab,FOB,air,254,L,INV718268,DESC medical_bio_lab 940
S0000602,E001643,aerospace_uas_avionics,CIF,air,398,pcs,INV943129,DESC aerospace_uas_avionics 757
S0000603,E001970,energy_equipment,DAP,road,142,kg,INV977545,DESC energy_equipment 595
S0000604,E000582,luxury_dual_use_consumer,FOB,sea,392,kg,INV925598,DESC luxury_dual_use_consumer 273
S0000605,E000745,medical_bio_lab,CIF,road,83,pcs,INV969533,DESC medical_bio_lab 761
S0000606,E001934,luxury_dual_use_consumer,CIF,sea,14,pcs,INV924328,DESC luxury_dual_use_consumer 77
S0000607,E001992,maritime_port_equipment,DAP,air,145,L,INV487301,DESC maritime_port_equipment 256
S0000608,E001879,chemicals_precursors,DAP,road,275,kg,INV614737,DESC chemicals_precursors 357
S0000609,E000766,luxury_dual_use_consumer,CIF,road,479,L,INV838878,DESC luxury_dual_use_consumer 621
S0000610,E001560,chemicals_precursors,CIF,air,80,pcs,INV662004,DESC chemicals_precursors 441
S0000611,E001733,machine_tools,CIF,air,466,pcs,INV305998,DESC machine_tools 163
S0000612,E001135,chemicals_precursors,CIF,air,360,L,INV277744,DESC chemicals_precursors 955
S0000613,E000199,energy_equipment,DAP,sea,25,kg,INV725917,DESC energy_equipment 474
S0000614,E000334,chemicals_precursors,CIF,air,288,L,INV143330,DESC chemicals_precursors 552
S0000615,E000265,energy_equipment,FOB,sea,359,L,INV923698,DESC energy_equipment 791
S0000616,E001202,energy_equipment,FOB,road,84,L,INV952070,DESC energy_equipment 568
S0000617,E000443,luxury_dual_use_consumer,DAP,road,331,kg,INV614562,DESC luxury_dual_use_consumer 198
S0000618,E000679,aerospace_uas_avionics,DAP,road,148,pcs,INV163172,DESC aerospace_uas_avionics 859
S0000619,E001933,maritime_port_equipment,DAP,sea,412,kg,INV551741,DESC maritime_port_equipment 344
S0000620,E000988,luxury_dual_use_consumer,DAP,road,62,pcs,INV350072,DESC luxury_dual_use_consumer 985
S0000621,E000547,machine_tools,FOB,road,398,pcs,INV776755,DESC machine_tools 197
S0000622,E001831,chemicals_precursors,DAP,road,134,pcs,INV882012,DESC chemicals_precursors 743
S0000623,E000553,medical_bio_lab,CIF,air,475,pcs,INV214854,DESC medical_bio_lab 644
S0000624,E001532,machine_tools,FOB,sea,480,pcs,INV337771,DESC machine_tools 622
S0000625,E001983,energy_equipment,FOB,air,229,L,INV104689,DESC energy_equipment 67
S0000626,E000632,maritime_port_equipment,CIF,air,363,L,INV587798,DESC maritime_port_equipment 51
S0000627,E001973,luxury_dual_use_consumer,CIF,air,61,kg,INV756250,DESC luxury_dual_use_consumer 667
S0000628,E001121,maritime_port_equipment,CIF,road,78,L,INV785098,DESC maritime_port_equipment 136
S0000629,E000843,luxury_dual_use_consumer,DAP,sea,426,pcs,INV382476,DESC luxury_dual_use_consumer 126
S0000630,E000854,luxury_dual_use_consumer,CIF,air,372,pcs,INV958265,DESC luxury_dual_use_consumer 589
S0000631,E000594,medical_bio_lab,CIF,road,130,pcs,INV737092,DESC medical_bio_lab 410
S0000632,E001465,aerospace_uas_avionics,DAP,air,363,kg,INV475591,DESC aerospace_uas_avionics 919
S0000633,E001168,maritime_port_equipment,FOB,sea,252,pcs,INV840093,DESC maritime_port_equipment 793
S0000634,E000683,energy_equipment,DAP,sea,384,kg,INV682208,DESC energy_equipment 672
S0000635,E000799,maritime_port_equipment,FOB,road,60,L,INV696084,DESC maritime_port_equipment 756
S0000636,E000902,chemicals_precursors,DAP,road,128,L,INV365857,DESC chemicals_precursors 657
S0000637,E000249,maritime_port_equipment,CIF,sea,447,kg,INV306824,DESC maritime_port_equipment 613
S0000638,E000377,medical_bio_lab,DAP,air,33,pcs,INV612875,DESC medical_bio_lab 95
S0000639,E001444,luxury_dual_use_consumer,CIF,road,239,L,INV450964,DESC luxury_dual_use_consumer 335
S0000640,E000286,maritime_port_equipment,DAP,road,140,kg,INV554195,DESC maritime_port_equipment 132
S0000641,E001204,machine_tools,CIF,sea,421,kg,INV828207,DESC machine_tools 339
S0000642,E000546,machine_tools,FOB,sea,224,L,INV222803,DESC machine_tools 887
S0000643,E000042,maritime_port_equipment,DAP,air,255,pcs,INV616141,DESC maritime_port_equipment 665
S0000644,E000322,chemicals_precursors,DAP,road,260,L,INV480983,DESC chemicals_precursors 532
S0000645,E000247,energy_equipment,CIF,road,445,L,INV188345,DESC energy_equipment 703
S0000646,E000713,chemicals_precursors,FOB,air,486,L,INV120400,DESC chemicals_precursors 970
S0000647,E001394,energy_equipment,FOB,road,236,pcs,INV945809,DESC energy_equipment 194
S0000648,E001664,luxury_dual_use_consumer,FOB,road,67,kg,INV725030,DESC luxury_dual_use_consumer 769
S0000649,E000220,luxury_dual_use_consumer,CIF,air,373,kg,INV420934,DESC luxury_dual_use_consumer 763
S0000650,E000859,machine_tools,FOB,sea,425,pcs,INV247802,DESC machine_tools 781
S0000651,E001898,energy_equipment,CIF,road,93,kg,INV352134,DESC energy_equipment 913
S0000652,E000110,luxury_dual_use_consumer,DAP,sea,51,kg,INV294354,DESC luxury_dual_use_consumer 216
S0000653,E001391,energy_equipment,DAP,road,400,L,INV510301,DESC energy_equipment 177
S0000654,E000249,luxury_dual_use_consumer,CIF,air,203,kg,INV817469,DESC luxury_dual_use_consumer 390
S0000655,E000895,aerospace_uas_avionics,DAP,sea,471,L,INV389452,DESC aerospace_uas_avionics 935
S0000656,E001744,energy_equipment,FOB,sea,94,kg,INV829888,DESC energy_equipment 240
S0000657,E001541,aerospace_uas_avionics,CIF,road,234,pcs,INV304307,DESC aerospace_uas_avionics 605
S0000658,E000530,energy_equipment,DAP,sea,484,kg,INV722236,DESC energy_equipment 823
S0000659,E001590,medical_bio_lab,FOB,air,288,kg,INV957757,DESC medical_bio_lab 502
S0000660,E001330,energy_equipment,FOB,air,229,L,INV421967,DESC energy_equipment 272
S0000661,E001482,machine_tools,DAP,sea,282,kg,INV397225,DESC machine_tools 716
S0000662,E001387,energy_equipment,CIF,road,500,L,INV406649,DESC energy_equipment 714
S0000663,E000863,medical_bio_lab,DAP,air,479,pcs,INV392910,DESC medical_bio_lab 652
S0000664,E000140,energy_equipment,DAP,sea,417,L,INV509251,DESC energy_equipment 847
S0000665,E000398,maritime_port_equipment,CIF,air,450,L,INV334931,DESC maritime_port_equipment 334
S0000666,E001089,chemicals_precursors,CIF,air,256,L,INV665072,DESC chemicals_precursors 836
S0000667,E001571,energy_equipment,DAP,road,407,pcs,INV255737,DESC energy_equipment 572
S0000668,E000499,medical_bio_lab,FOB,air,249,pcs,INV833050,DESC medical_bio_lab 558
S0000669,E001279,energy_equipment,FOB,sea,281,pcs,INV736726,DESC energy_equipment 254
S0000670,E001336,machine_tools,CIF,sea,119,L,INV430327,DESC machine_tools 778
S0000671,E000316,chemicals_precursors,FOB,sea,454,pcs,INV639162,DESC chemicals_precursors 205
S0000672,E001038,maritime_port_equipment,DAP,sea,211,pcs,INV223356,DESC maritime_port_equipment 605
S0000673,E001237,aerospace_uas_avionics,DAP,road,312,L,INV866677,DESC aerospace_uas_avionics 193
S0000674,E000617,maritime_port_equipment,DAP,sea,447,L,INV610182,DESC maritime_port_equipment 311
S0000675,E000908,medical_bio_lab,CIF,road,55,kg,INV335743,DESC medical_bio_lab 233
S0000676,E000811,machine_tools,CIF,sea,438,L,INV549681,DESC machine_tools 782
S0000677,E000856,aerospace_uas_avionics,DAP,sea,232,pcs,INV982065,DESC aerospace_uas_avionics 110
S0000678,E001569,medical_bio_lab,CIF,road,242,kg,INV173561,DESC medical_bio_lab 872
S0000679,E000730,maritime_port_equipment,FOB,sea,265,kg,INV578470,DESC maritime_port_equipment 391
S0000680,E000649,maritime_port_equipment,FOB,sea,357,L,INV935322,DESC maritime_port_equipment 383
S0000681,E000015,chemicals_precursors,DAP,air,167,kg,INV703043,DESC chemicals_precursors 124
S0000682,E000722,medical_bio_lab,FOB,sea,442,L,INV528582,DESC medical_bio_lab 332
S0000683,E001738,maritime_port_equipment,DAP,sea,75,pcs,INV454200,DESC maritime_port_equipment 588
S0000684,E000311,maritime_port_equipment,CIF,sea,310,L,INV626087,DESC maritime_port_equipment 648
S0000685,E000170,energy_equipment,DAP,air,318,pcs,INV656758,DESC energy_equipment 642
S0000686,E001778,energy_equipment,CIF,air,377,L,INV616048,DESC energy_equipment 765
S0000687,E000906,medical_bio_lab,DAP,sea,492,pcs,INV814975,DESC medical_bio_lab 551
S0000688,E001379,machine_tools,FOB,air,112,pcs,INV739179,DESC machine_tools 173
S0000689,E000272,medical_bio_lab,CIF,air,287,pcs,INV803842,DESC medical_bio_lab 194
S0000690,E001283,maritime_port_equipment,FOB,road,239,kg,INV729066,DESC maritime_port_equipment 781
S0000691,E001187,luxury_dual_use_consumer,FOB,air,290,kg,INV904529,DESC luxury_dual_use_consumer 815
S0000692,E001671,machine_tools,DAP,sea,66,pcs,INV704089,DESC machine_tools 827
S0000693,E000032,medical_bio_lab,CIF,road,309,L,INV651487,DESC medical_bio_lab 814
S0000694,E000002,chemicals_precursors,DAP,road,329,L,INV497125,DESC chemicals_precursors 483
S0000695,E000159,medical_bio_lab,FOB,sea,84,L,INV936474,DESC medical_bio_lab 943
S0000696,E000608,medical_bio_lab,FOB,sea,214,kg,INV319695,DESC medical_bio_lab 549
S0000697,E001169,machine_tools,DAP,air,110,L,INV835723,DESC machine_tools 166
S0000698,E001355,machine_tools,DAP,road,479,kg,INV862014,DESC machine_tools 257
S0000699,E001893,aerospace_uas_avionics,FOB,road,52,kg,INV232002,DESC aerospace_uas_avionics 607
S0000700,E000719,machine_tools,DAP,sea,467,pcs,INV165277,DESC machine_tools 188
S0000701,E001352,machine_tools,FOB,air,82,L,INV737122,DESC machine_tools 924
S0000702,E000727,chemicals_precursors,CIF,air,46,pcs,INV939583,DESC chemicals_precursors 164
S0000703,E000063,energy_equipment,FOB,air,162,pcs,INV129751,DESC energy_equipment 235
S0000704,E001558,medical_bio_lab,CIF,road,275,pcs,INV978453,DESC medical_bio_lab 939
S0000705,E001516,aerospace_uas_avionics,CIF,road,499,pcs,INV490798,DESC aerospace_uas_avionics 110
S0000706,E000048,aerospace_uas_avionics,DAP,air,9,kg,INV143216,DESC aerospace_uas_avionics 530
S0000707,E001053,medical_bio_lab,CIF,road,168,L,INV745516,DESC medical_bio_lab 863
S0000708,E000598,chemicals_precursors,CIF,air,130,kg,INV163391,DESC chemicals_precursors 620
S0000709,E000229,machine_tools,FOB,road,433,pcs,INV417644,DESC machine_tools 195
S0000710,E000948,luxury_dual_use_consumer,DAP,road,4,L,INV346637,DESC luxury_dual_use_consumer 506
S0000711,E000221,chemicals_precursors,DAP,air,2,kg,INV492861,DESC chemicals_precursors 837
S0000712,E000134,aerospace_uas_avionics,DAP,road,313,kg,INV647283,DESC aerospace_uas_avionics 356
S0000713,E000827,aerospace_uas_avionics,CIF,road,478,pcs,INV748021,DESC aerospace_uas_avionics 713
S0000714,E000397,luxury_dual_use_consumer,FOB,road,68,pcs,INV814664,DESC luxury_dual_use_consumer 379
S0000715,E000642,maritime_port_equipment,FOB,sea,174,L,INV450649,DESC maritime_port_equipment 404
S0000716,E000531,chemicals_precursors,FOB,sea,241,L,INV240856,DESC chemicals_precursors 541
S0000717,E000460,maritime_port_equipment,CIF,air,469,pcs,INV387579,DESC maritime_port_equipment 640
S0000718,E000778,energy_equipment,DAP,air,363,kg,INV213587,DESC energy_equipment 41
S0000719,E000194,luxury_dual_use_consumer,FOB,sea,46,pcs,INV679827,DESC luxury_dual_use_consumer 191
S0000720,E001049,luxury_dual_use_consumer,DAP,air,345,kg,INV798365,DESC luxury_dual_use_consumer 444
S0000721,E000221,machine_tools,DAP,sea,451,pcs,INV994619,DESC machine_tools 34
S0000722,E001521,chemicals_precursors,CIF,road,172,pcs,INV212090,DESC chemicals_precursors 316
S0000723,E000555,maritime_port_equipment,FOB,sea,31,L,INV767159,DESC maritime_port_equipment 608
S0000724,E001845,chemicals_precursors,FOB,air,481,pcs,INV404202,DESC chemicals_precursors 310
S0000725,E001404,luxury_dual_use_consumer,CIF,air,268,kg,INV670505,DESC luxury_dual_use_consumer 287
S0000726,E001997,chemicals_precursors,FOB,air,338,L,INV856083,DESC chemicals_precursors 612
S0000727,E000617,medical_bio_lab,DAP,air,451,L,INV175176,DESC medical_bio_lab 303
S0000728,E000832,aerospace_uas_avionics,DAP,sea,221,L,INV679904,DESC aerospace_uas_avionics 955
S0000729,E000832,aerospace_uas_avionics,CIF,air,194,pcs,INV999173,DESC aerospace_uas_avionics 303
S0000730,E001872,medical_bio_lab,DAP,air,124,pcs,INV148239,DESC medical_bio_lab 157
S0000731,E000998,machine_tools,FOB,sea,381,kg,INV191831,DESC machine_tools 893
S0000732,E001219,machine_tools,FOB,road,130,pcs,INV649276,DESC machine_tools 987
S0000733,E000610,luxury_dual_use_consumer,FOB,road,30,pcs,INV789622,DESC luxury_dual_use_consumer 922
S0000734,E001744,medical_bio_lab,FOB,sea,84,pcs,INV778043,DESC medical_bio_lab 880
S0000735,E000595,aerospace_uas_avionics,DAP,road,466,L,INV456029,DESC aerospace_uas_avionics 967
S0000736,E001057,machine_tools,CIF,sea,178,L,INV765175,DESC machine_tools 991
S0000737,E001891,machine_tools,FOB,sea,418,pcs,INV245179,DESC machine_tools 452
S0000738,E000916,energy_equipment,FOB,sea,205,pcs,INV131227,DESC energy_equipment 959
S0000739,E000712,maritime_port_equipment,DAP,air,483,kg,INV411452,DESC maritime_port_equipment 734
S0000740,E001990,energy_equipment,CIF,air,160,kg,INV278425,DESC energy_equipment 178
S0000741,E000083,chemicals_precursors,CIF,sea,288,L,INV484633,DESC chemicals_precursors 284
S0000742,E001933,maritime_port_equipment,DAP,road,213,kg,INV379886,DESC maritime_port_equipment 869
S0000743,E001936,medical_bio_lab,CIF,road,352,kg,INV210334,DESC medical_bio_lab 510
S0000744,E000591,chemicals_precursors,DAP,sea,315,pcs,INV440620,DESC chemicals_precursors 234
S0000745,E001753,chemicals_precursors,CIF,air,48,pcs,INV362685,DESC chemicals_precursors 40
S0000746,E000286,medical_bio_lab,CIF,sea,298,kg,INV776220,DESC medical_bio_lab 968
S0000747,E001460,luxury_dual_use_consumer,DAP,air,106,kg,INV713955,DESC luxury_dual_use_consumer 84
S0000748,E001444,maritime_port_equipment,DAP,road,334,L,INV253124,DESC maritime_port_equipment 466
S0000749,E000588,energy_equipment,DAP,sea,341,L,INV245942,DESC energy_equipment 391
S0000750,E001628,machine_tools,CIF,sea,222,L,INV228519,DESC machine_tools 889
S0000751,E001075,luxury_dual_use_consumer,CIF,road,305,kg,INV133949,DESC luxury_dual_use_consumer 850
S0000752,E000768,energy_equipment,CIF,road,397,pcs,INV479184,DESC energy_equipment 31
S0000753,E001092,energy_equipment,FOB,road,437,pcs,INV415972,DESC energy_equipment 744
S0000754,E000054,medical_bio_lab,DAP,sea,6,kg,INV122472,DESC medical_bio_lab 51
S0000755,E000616,energy_equipment,DAP,sea,206,kg,INV125889,DESC energy_equipment 545
S0000756,E001307,machine_tools,CIF,sea,206,L,INV499160,DESC machine_tools 112
S0000757,E001598,machine_tools,DAP,road,101,pcs,INV871136,DESC machine_tools 255
S0000758,E001645,machine_tools,FOB,sea,50,pcs,INV482285,DESC machine_tools 806
S0000759,E001653,luxury_dual_use_consumer,FOB,air,393,pcs,INV270879,DESC luxury_dual_use_consumer 773
S0000760,E000538,energy_equipment,CIF,sea,87,L,INV336728,DESC energy_equipment 522
S0000761,E001431,chemicals_precursors,DAP,road,309,L,INV633409,DESC chemicals_precursors 304
S0000762,E001563,energy_equipment,CIF,road,94,pcs,INV564056,DESC energy_equipment 954
S0000763,E000418,energy_equipment,CIF,road,456,L,INV729070,DESC energy_equipment 768
S0000764,E000062,aerospace_uas_avionics,FOB,road,496,L,INV411103,DESC aerospace_uas_avionics 863
S0000765,E001635,energy_equipment,FOB,air,303,kg,INV858152,DESC energy_equipment 237
S0000766,E001751,machine_tools,DAP,road,59,kg,INV212698,DESC machine_tools 752
S0000767,E000976,chemicals_precursors,CIF,road,496,L,INV909967,DESC chemicals_precursors 406
S0000768,E000266,maritime_port_equipment,FOB,road,225,L,INV156852,DESC maritime_port_equipment 595
S0000769,E001085,medical_bio_lab,CIF,air,447,pcs,INV472867,DESC medical_bio_lab 528
S0000770,E000088,machine_tools,FOB,road,189,pcs,INV316534,DESC machine_tools 41
S0000771,E001179,energy_equipment,FOB,road,413,kg,INV184332,DESC energy_equipment 917
S0000772,E001533,aerospace_uas_avionics,CIF,air,269,pcs,INV634056,DESC aerospace_uas_avionics 413
S0000773,E000067,machine_tools,DAP,sea,310,L,INV965434,DESC machine_tools 573
S0000774,E001720,chemicals_precursors,DAP,sea,319,kg,INV296057,DESC chemicals_precursors 562
S0000775,E001509,maritime_port_equipment,CIF,air,312,kg,INV780985,DESC maritime_port_equipment 871
S0000776,E001390,luxury_dual_use_consumer,FOB,road,500,kg,INV625403,DESC luxury_dual_use_consumer 688
S0000777,E000742,chemicals_precursors,CIF,air,31,L,INV607877,DESC chemicals_precursors 946
S0000778,E001047,aerospace_uas_avionics,DAP,sea,119,kg,INV109287,DESC aerospace_uas_avionics 963
S0000779,E000775,chemicals_precursors,DAP,air,107,pcs,INV966129,DESC chemicals_precursors 870
S0000780,E001518,medical_bio_lab,CIF,road,294,kg,INV919224,DESC medical_bio_lab 287
S0000781,E001056,chemicals_precursors,FOB,sea,92,L,INV202263,DESC chemicals_precursors 623
S0000782,E001521,machine_tools,FOB,air,123,pcs,INV150168,DESC machine_tools 801
S0000783,E000410,aerospace_uas_avionics,DAP,air,264,pcs,INV791903,DESC aerospace_uas_avionics 376
S0000784,E000272,luxury_dual_use_consumer,FOB,road,183,pcs,INV549286,DESC luxury_dual_use_consumer 879
S0000785,E001234,chemicals_precursors,FOB,air,258,pcs,INV553438,DESC chemicals_precursors 659
S0000786,E001380,chemicals_precursors,CIF,air,51,L,INV544788,DESC chemicals_precursors 61
S0000787,E000921,maritime_port_equipment,DAP,road,117,L,INV626783,DESC maritime_port_equipment 273
S0000788,E001769,chemicals_precursors,FOB,road,101,pcs,INV562743,DESC chemicals_precursors 779
S0000789,E001897,maritime_port_equipment,DAP,sea,218,kg,INV876765,DESC maritime_port_equipment 580
S0000790,E000635,luxury_dual_use_consumer,FOB,sea,284,L,INV239425,DESC luxury_dual_use_consumer 709
S0000791,E001835,energy_equipment,CIF,sea,184,pcs,INV228075,DESC energy_equipment 271
S0000792,E000665,luxury_dual_use_consumer,CIF,air,351,L,INV590091,DESC luxury_dual_use_consumer 146
S0000793,E000479,maritime_port_equipment,DAP,air,389,pcs,INV948379,DESC maritime_port_equipment 11
S0000794,E000308,luxury_dual_use_consumer,FOB,air,407,L,INV245856,DESC luxury_dual_use_consumer 157
S0000795,E001042,medical_bio_lab,CIF,sea,74,L,INV571091,DESC medical_bio_lab 196
S0000796,E000229,maritime_port_equipment,DAP,air,294,L,INV741975,DESC maritime_port_equipment 817
S0000797,E000323,maritime_port_equipment,DAP,road,119,L,INV578188,DESC maritime_port_equipment 176
S0000798,E001029,chemicals_precursors,DAP,air,423,L,INV787108,DESC chemicals_precursors 89
S0000799,E001496,machine_tools,FOB,sea,363,kg,INV773549,DESC machine_tools 185
S0000800,E000642,maritime_port_equipment,CIF,road,470,L,INV131741,DESC maritime_port_equipment 479
S0000801,E000724,aerospace_uas_avionics,CIF,road,451,L,INV212771,DESC aerospace_uas_avionics 543
S0000802,E000907,machine_tools,CIF,road,125,kg,INV150132,DESC machine_tools 706
S0000803,E000503,energy_equipment,FOB,air,118,kg,INV358906,DESC energy_equipment 890
S0000804,E001524,aerospace_uas_avionics,DAP,road,238,pcs,INV543431,DESC aerospace_uas_avionics 210
S0000805,E001178,maritime_port_equipment,CIF,air,483,L,INV121107,DESC maritime_port_equipment 103
S0000806,E000667,maritime_port_equipment,DAP,air,291,L,INV532582,DESC maritime_port_equipment 843
S0000807,E000072,medical_bio_lab,DAP,sea,379,L,INV506841,DESC medical_bio_lab 26
S0000808,E000459,aerospace_uas_avionics,FOB,air,13,kg,INV441169,DESC aerospace_uas_avionics 937
S0000809,E001950,luxury_dual_use_consumer,CIF,sea,275,pcs,INV784016,DESC luxury_dual_use_consumer 508
S0000810,E000147,aerospace_uas_avionics,FOB,air,99,pcs,INV973959,DESC aerospace_uas_avionics 451
S0000811,E001877,energy_equipment,CIF,air,337,pcs,INV853110,DESC energy_equipment 350
S0000812,E001240,luxury_dual_use_consumer,FOB,sea,341,L,INV724512,DESC luxury_dual_use_consumer 783
S0000813,E000651,aerospace_uas_avionics,FOB,road,273,kg,INV617529,DESC aerospace_uas_avionics 1
S0000814,E001790,chemicals_precursors,FOB,air,48,L,INV693046,DESC chemicals_precursors 837
S0000815,E000835,chemicals_precursors,CIF,sea,71,pcs,INV858508,DESC chemicals_precursors 229
S0000816,E000921,luxury_dual_use_consumer,CIF,road,119,pcs,INV119249,DESC luxury_dual_use_consumer 137
S0000817,E000927,aerospace_uas_avionics,CIF,air,431,pcs,INV746052,DESC aerospace_uas_avionics 893
S0000818,E001681,chemicals_precursors,FOB,air,355,kg,INV263009,DESC chemicals_precursors 372
S0000819,E001950,medical_bio_lab,CIF,sea,224,kg,INV510176,DESC medical_bio_lab 114
S0000820,E001919,luxury_dual_use_consumer,CIF,sea,307,kg,INV418029,DESC luxury_dual_use_consumer 287
S0000821,E001178,machine_tools,DAP,air,320,L,INV586023,DESC machine_tools 626
S0000822,E001523,medical_bio_lab,CIF,road,75,kg,INV133634,DESC medical_bio_lab 796
S0000823,E001542,chemicals_precursors,FOB,road,7,L,INV646462,DESC chemicals_precursors 572
S0000824,E000001,energy_equipment,FOB,road,308,L,INV192497,DESC energy_equipment 196
S0000825,E000979,medical_bio_lab,CIF,sea,115,L,INV321155,DESC medical_bio_lab 106
S0000826,E001264,energy_equipment,CIF,road,370,kg,INV484966,DESC energy_equipment 617
S0000827,E001139,luxury_dual_use_consumer,FOB,sea,89,L,INV879787,DESC luxury_dual_use_consumer 530
S0000828,E001802,machine_tools,DAP,road,145,L,INV446471,DESC machine_tools 690
S0000829,E001122,aerospace_uas_avionics,DAP,air,169,L,INV719412,DESC aerospace_uas_avionics 142
S0000830,E000296,aerospace_uas_avionics,CIF,road,276,L,INV282514,DESC aerospace_uas_avionics 864
S0000831,E001927,luxury_dual_use_consumer,DAP,road,202,pcs,INV860432,DESC luxury_dual_use_consumer 540
S0000832,E000720,energy_equipment,DAP,air,72,L,INV202208,DESC energy_equipment 278
S0000833,E000518,aerospace_uas_avionics,DAP,sea,171,kg,INV523901,DESC aerospace_uas_avionics 105
S0000834,E001226,aerospace_uas_avionics,FOB,air,42,kg,INV804794,DESC aerospace_uas_avionics 288
S0000835,E000136,maritime_port_equipment,DAP,air,354,pcs,INV240738,DESC maritime_port_equipment 688
S0000836,E001179,luxury_dual_use_consumer,CIF,road,272,pcs,INV634646,DESC luxury_dual_use_consumer 762
S0000837,E001191,chemicals_precursors,CIF,road,8,L,INV263370,DESC chemicals_precursors 703
S0000838,E001653,medical_bio_lab,FOB,road,10,pcs,INV918090,DESC medical_bio_lab 432
S0000839,E000164,aerospace_uas_avionics,DAP,sea,92,pcs,INV224064,DESC aerospace_uas_avionics 908
S0000840,E000218,energy_equipment,FOB,air,443,kg,INV136084,DESC energy_equipment 518
S0000841,E000529,aerospace_uas_avionics,CIF,road,170,L,INV841514,DESC aerospace_uas_avionics 595
S0000842,E000509,luxury_dual_use_consumer,FOB,air,390,kg,INV228612,DESC luxury_dual_use_consumer 884
S0000843,E000584,luxury_dual_use_consumer,DAP,sea,496,kg,INV684336,DESC luxury_dual_use_consumer 306
S0000844,E001129,energy_equipment,CIF,air,471,L,INV941269,DESC energy_equipment 192
S0000845,E001048,chemicals_precursors,FOB,air,83,L,INV613333,DESC chemicals_precursors 651
S0000846,E001899,maritime_port_equipment,CIF,air,14,kg,INV140148,DESC maritime_port_equipment 939
S0000847,E000192,chemicals_precursors,CIF,air,33,pcs,INV209615,DESC chemicals_precursors 368
S0000848,E000673,machine_tools,CIF,road,430,L,INV566450,DESC machine_tools 414
S0000849,E000805,aerospace_uas_avionics,CIF,sea,487,L,INV773220,DESC aerospace_uas_avionics 893
S0000850,E000343,maritime_port_equipment,FOB,sea,459,pcs,INV719829,DESC maritime_port_equipment 122
S0000851,E001203,medical_bio_lab,DAP,air,106,pcs,INV599354,DESC medical_bio_lab 361
S0000852,E001451,aerospace_uas_avionics,CIF,air,266,pcs,INV437360,DESC aerospace_uas_avionics 501
S0000853,E001596,luxury_dual_use_consumer,DAP,road,164,kg,INV979402,DESC luxury_dual_use_consumer 349
S0000854,E001814,machine_tools,DAP,road,464,L,INV213766,DESC machine_tools 685
S0000855,E000814,chemicals_precursors,DAP,road,418,pcs,INV206571,DESC chemicals_precursors 470
S0000856,E000667,medical_bio_lab,DAP,sea,107,pcs,INV774548,DESC medical_bio_lab 80
S0000857,E001064,machine_tools,DAP,air,30,L,INV494783,DESC machine_tools 90
S0000858,E000654,maritime_port_equipment,DAP,air,146,pcs,INV467221,DESC maritime_port_equipment 570
S0000859,E001164,chemicals_precursors,CIF,road,44,kg,INV962407,DESC chemicals_precursors 482
S0000860,E000435,maritime_port_equipment,CIF,road,329,pcs,INV488993,DESC maritime_port_equipment 407
S0000861,E001400,machine_tools,CIF,road,241,kg,INV369743,DESC machine_tools 88
S0000862,E001956,medical_bio_lab,DAP,road,146,kg,INV142551,DESC medical_bio_lab 63
S0000863,E000366,machine_tools,DAP,sea,141,pcs,INV215357,DESC machine_tools 532
S0000864,E000358,medical_bio_lab,CIF,air,159,pcs,INV586052,DESC medical_bio_lab 307
S0000865,E001675,medical_bio_lab,CIF,road,366,kg,INV809973,DESC medical_bio_lab 47
S0000866,E001649,machine_tools,FOB,sea,238,kg,INV500554,DESC machine_tools 834
S0000867,E000218,machine_tools,CIF,air,299,kg,INV383869,DESC machine_tools 471
S0000868,E000214,chemicals_precursors,DAP,air,231,kg,INV699566,DESC chemicals_precursors 436
S0000869,E000718,chemicals_precursors,FOB,road,420,pcs,INV366173,DESC chemicals_precursors 286
S0000870,E001564,medical_bio_lab,DAP,air,301,L,INV978169,DESC medical_bio_lab 319
S0000871,E001924,energy_equipment,CIF,air,339,kg,INV932993,DESC energy_equipment 513
S0000872,E001045,luxury_dual_use_consumer,CIF,sea,108,pcs,INV271344,DESC luxury_dual_use_consumer 664
S0000873,E001603,aerospace_uas_avionics,FOB,sea,224,L,INV730423,DESC aerospace_uas_avionics 725
S0000874,E001121,medical_bio_lab,FOB,air,16,pcs,INV469443,DESC medical_bio_lab 233
S0000875,E000591,aerospace_uas_avionics,FOB,road,264,L,INV505720,DESC aerospace_uas_avionics 781
S0000876,E000226,maritime_port_equipment,DAP,air,270,kg,INV556746,DESC maritime_port_equipment 7
S0000877,E000295,energy_equipment,CIF,air,432,pcs,INV649714,DESC energy_equipment 446
S0000878,E000582,maritime_port_equipment,FOB,road,189,pcs,INV997754,DESC maritime_port_equipment 827
S0000879,E001576,aerospace_uas_avionics,DAP,sea,288,L,INV943401,DESC aerospace_uas_avionics 213
S0000880,E000825,medical_bio_lab,FOB,air,256,kg,INV466518,DESC medical_bio_lab 437
S0000881,E000339,luxury_dual_use_consumer,FOB,air,186,L,INV355890,DESC luxury_dual_use_consumer 171
S0000882,E000846,maritime_port_equipment,FOB,air,316,kg,INV669999,DESC maritime_port_equipment 791
S0000883,E000902,aerospace_uas_avionics,DAP,sea,466,L,INV152317,DESC aerospace_uas_avionics 857
S0000884,E001108,maritime_port_equipment,CIF,sea,433,L,INV329115,DESC maritime_port_equipment 364
S0000885,E000764,luxury_dual_use_consumer,DAP,sea,315,kg,INV725735,DESC luxury_dual_use_consumer 422
S0000886,E000214,energy_equipment,CIF,road,239,pcs,INV503755,DESC energy_equipment 682
S0000887,E001337,energy_equipment,CIF,sea,362,pcs,INV521618,DESC energy_equipment 139
S0000888,E000010,aerospace_uas_avionics,CIF,air,373,L,INV633350,DESC aerospace_uas_avionics 752
S0000889,E001210,aerospace_uas_avionics,FOB,sea,20,L,INV280394,DESC aerospace_uas_avionics 591
S0000890,E001865,luxury_dual_use_consumer,DAP,road,259,L,INV413643,DESC luxury_dual_use_consumer 412
S0000891,E001749,chemicals_precursors,DAP,air,90,pcs,INV205120,DESC chemicals_precursors 77
S0000892,E001510,chemicals_precursors,FOB,sea,7,L,INV113502,DESC chemicals_precursors 971
S0000893,E000191,energy_equipment,CIF,air,472,L,INV952196,DESC energy_equipment 139
S0000894,E001516,chemicals_precursors,FOB,sea,128,pcs,INV319423,DESC chemicals_precursors 674
S0000895,E001928,aerospace_uas_avionics,DAP,air,325,L,INV732203,DESC aerospace_uas_avionics 313
S0000896,E001918,aerospace_uas_avionics,DAP,road,269,kg,INV944089,DESC aerospace_uas_avionics 613
S0000897,E001025,maritime_port_equipment,DAP,air,477,kg,INV349373,DESC maritime_port_equipment 490
S0000898,E001878,medical_bio_lab,DAP,road,430,L,INV262781,DESC medical_bio_lab 105
S0000899,E000631,luxury_dual_use_consumer,CIF,air,308,L,INV664997,DESC luxury_dual_use_consumer 74
S0000900,E001126,luxury_dual_use_consumer,DAP,sea,237,pcs,INV997073,DESC luxury_dual_use_consumer 980
S0000901,E001289,chemicals_precursors,CIF,road,310,pcs,INV281112,DESC chemicals_precursors 876
S0000902,E001276,machine_tools,DAP,air,96,kg,INV281929,DESC machine_tools 676
S0000903,E001738,luxury_dual_use_consumer,CIF,road,433,L,INV871910,DESC luxury_dual_use_consumer 598
S0000904,E001235,aerospace_uas_avionics,FOB,air,170,kg,INV895013,DESC aerospace_uas_avionics 751
S0000905,E001493,luxury_dual_use_consumer,CIF,road,387,pcs,INV197818,DESC luxury_dual_use_consumer 885
S0000906,E000684,machine_tools,FOB,road,323,L,INV746212,DESC machine_tools 886
S0000907,E000585,luxury_dual_use_consumer,CIF,road,21,pcs,INV148117,DESC luxury_dual_use_consumer 849
S0000908,E001855,machine_tools,FOB,sea,434,L,INV444906,DESC machine_tools 663
S0000909,E001484,machine_tools,DAP,sea,446,kg,INV303248,DESC machine_tools 892
S0000910,E000333,maritime_port_equipment,CIF,sea,423,kg,INV985940,DESC maritime_port_equipment 236
S0000911,E001721,luxury_dual_use_consumer,FOB,road,420,pcs,INV306114,DESC luxury_dual_use_consumer 523
S0000912,E001571,medical_bio_lab,FOB,sea,148,kg,INV546325,DESC medical_bio_lab 224
S0000913,E000004,maritime_port_equipment,FOB,sea,141,pcs,INV860902,DESC maritime_port_equipment 269
S0000914,E000471,chemicals_precursors,FOB,sea,239,kg,INV691111,DESC chemicals_precursors 730
S0000915,E001268,machine_tools,CIF,sea,334,kg,INV103012,DESC machine_tools 925
S0000916,E000614,maritime_port_equipment,DAP,air,293,L,INV890267,DESC maritime_port_equipment 376
S0000917,E000197,chemicals_precursors,DAP,air,220,kg,INV805682,DESC chemicals_precursors 637
S0000918,E000028,chemicals_precursors,DAP,sea,33,L,INV197711,DESC chemicals_precursors 940
S0000919,E000546,machine_tools,CIF,air,323,kg,INV447157,DESC machine_tools 551
S0000920,E000008,chemicals_precursors,FOB,sea,253,L,INV184007,DESC chemicals_precursors 139
S0000921,E001444,luxury_dual_use_consumer,DAP,road,290,kg,INV160258,DESC luxury_dual_use_consumer 24
S0000922,E001727,chemicals_precursors,DAP,road,336,pcs,INV621680,DESC chemicals_precursors 720
S0000923,E001156,medical_bio_lab,DAP,air,326,L,INV673398,DESC medical_bio_lab 231
S0000924,E000392,luxury_dual_use_consumer,CIF,air,347,L,INV577836,DESC luxury_dual_use_consumer 240
S0000925,E001399,energy_equipment,CIF,air,256,L,INV658541,DESC energy_equipment 309
S0000926,E001898,medical_bio_lab,DAP,sea,233,L,INV171168,DESC medical_bio_lab 120
S0000927,E001291,aerospace_uas_avionics,DAP,air,329,pcs,INV197750,DESC aerospace_uas_avionics 520
S0000928,E000926,luxury_dual_use_consumer,FOB,air,282,pcs,INV127878,DESC luxury_dual_use_consumer 383
S0000929,E000782,aerospace_uas_avionics,FOB,road,239,pcs,INV612870,DESC aerospace_uas_avionics 856
S0000930,E000928,medical_bio_lab,DAP,road,66,kg,INV690758,DESC medical_bio_lab 253
S0000931,E000007,chemicals_precursors,FOB,road,348,kg,INV174049,DESC chemicals_precursors 15
S0000932,E000487,machine_tools,FOB,air,326,kg,INV898089,DESC machine_tools 828
S0000933,E000389,aerospace_uas_avionics,CIF,road,135,L,INV224881,DESC aerospace_uas_avionics 797
S0000934,E001517,aerospace_uas_avionics,DAP,road,425,kg,INV206868,DESC aerospace_uas_avionics 439
S0000935,E001361,chemicals_precursors,FOB,road,398,pcs,INV367822,DESC chemicals_precursors 444
S0000936,E001584,aerospace_uas_avionics,FOB,road,293,pcs,INV767178,DESC aerospace_uas_avionics 930
S0000937,E001487,chemicals_precursors,FOB,air,176,pcs,INV920854,DESC chemicals_precursors 455
S0000938,E000101,medical_bio_lab,CIF,sea,42,L,INV974322,DESC medical_bio_lab 617
S0000939,E001927,energy_equipment,CIF,air,500,kg,INV171987,DESC energy_equipment 653
S0000940,E001985,aerospace_uas_avionics,FOB,sea,483,kg,INV273356,DESC aerospace_uas_avionics 298
S0000941,E000132,aerospace_uas_avionics,DAP,road,264,L,INV713374,DESC aerospace_uas_avionics 751
S0000942,E001324,energy_equipment,FOB,road,18,pcs,INV566808,DESC energy_equipment 134
S0000943,E000450,luxury_dual_use_consumer,DAP,road,465,L,INV973675,DESC luxury_dual_use_consumer 760
S0000944,E001308,chemicals_precursors,FOB,sea,249,pcs,INV421865,DESC chemicals_precursors 100
S0000945,E001008,luxury_dual_use_consumer,FOB,air,153,pcs,INV433076,DESC luxury_dual_use_consumer 780
S0000946,E001561,chemicals_precursors,FOB,road,499,pcs,INV954595,DESC chemicals_precursors 796
S0000947,E000618,aerospace_uas_avionics,FOB,road,492,kg,INV845296,DESC aerospace_uas_avionics 755
S0000948,E000415,luxury_dual_use_consumer,CIF,air,147,kg,INV360769,DESC luxury_dual_use_consumer 332
S0000949,E001074,chemicals_precursors,DAP,sea,490,L,INV713449,DESC chemicals_precursors 598
S0000950,E000957,luxury_dual_use_consumer,DAP,sea,450,kg,INV104778,DESC luxury_dual_use_consumer 554
S0000951,E001136,maritime_port_equipment,CIF,sea,255,L,INV749839,DESC maritime_port_equipment 203
S0000952,E000661,medical_bio_lab,DAP,sea,133,pcs,INV295278,DESC medical_bio_lab 893
S0000953,E000831,aerospace_uas_avionics,FOB,air,462,L,INV958099,DESC aerospace_uas_avionics 609
S0000954,E001866,machine_tools,CIF,road,376,pcs,INV785662,DESC machine_tools 690
S0000955,E001062,energy_equipment,FOB,road,53,pcs,INV803247,DESC energy_equipment 27
S0000956,E001296,luxury_dual_use_consumer,CIF,road,179,kg,INV987083,DESC luxury_dual_use_consumer 319
S0000957,E001931,maritime_port_equipment,FOB,air,95,L,INV556778,DESC maritime_port_equipment 747
S0000958,E000243,luxury_dual_use_consumer,FOB,air,414,kg,INV975332,DESC luxury_dual_use_consumer 251
S0000959,E001596,medical_bio_lab,FOB,road,153,kg,INV792846,DESC medical_bio_lab 351
S0000960,E000758,luxury_dual_use_consumer,DAP,road,233,kg,INV419715,DESC luxury_dual_use_consumer 479
S0000961,E000113,medical_bio_lab,FOB,road,139,kg,INV453654,DESC medical_bio_lab 132
S0000962,E001890,medical_bio_lab,FOB,sea,91,L,INV136561,DESC medical_bio_lab 395
S0000963,E000427,energy_equipment,CIF,road,402,pcs,INV924851,DESC energy_equipment 196
S0000964,E001815,luxury_dual_use_consumer,FOB,sea,252,pcs,INV873890,DESC luxury_dual_use_consumer 72
S0000965,E001145,medical_bio_lab,DAP,road,485,L,INV460882,DESC medical_bio_lab 462
S0000966,E000308,medical_bio_lab,DAP,road,443,L,INV983903,DESC medical_bio_lab 999
S0000967,E001261,luxury_dual_use_consumer,DAP,sea,282,L,INV982339,DESC luxury_dual_use_consumer 487
S0000968,E001241,luxury_dual_use_consumer,FOB,sea,304,kg,INV427754,DESC luxury_dual_use_consumer 970
S0000969,E001362,aerospace_uas_avionics,DAP,sea,254,L,INV786724,DESC aerospace_uas_avionics 642
S0000970,E000165,maritime_port_equipment,FOB,air,370,pcs,INV335613,DESC maritime_port_equipment 431
S0000971,E001610,aerospace_uas_avionics,CIF,air,471,kg,INV876028,DESC aerospace_uas_avionics 615
S0000972,E001545,chemicals_precursors,DAP,road,267,L,INV532782,DESC chemicals_precursors 928
S0000973,E001877,aerospace_uas_avionics,FOB,sea,128,L,INV641456,DESC aerospace_uas_avionics 202
S0000974,E001321,energy_equipment,CIF,air,488,kg,INV107003,DESC energy_equipment 965
S0000975,E000200,medical_bio_lab,DAP,road,380,kg,INV868860,DESC medical_bio_lab 632
S0000976,E001193,luxury_dual_use_consumer,DAP,sea,28,kg,INV756011,DESC luxury_dual_use_consumer 704
S0000977,E000934,chemicals_precursors,DAP,sea,407,kg,INV248192,DESC chemicals_precursors 542
S0000978,E001968,machine_tools,DAP,sea,382,kg,INV686329,DESC machine_tools 35
S0000979,E001531,chemicals_precursors,CIF,air,298,pcs,INV334336,DESC chemicals_precursors 394
S0000980,E001184,luxury_dual_use_consumer,FOB,sea,384,L,INV589908,DESC luxury_dual_use_consumer 465
S0000981,E000832,luxury_dual_use_consumer,CIF,sea,229,kg,INV705725,DESC luxury_dual_use_consumer 653
S0000982,E001581,chemicals_precursors,DAP,air,82,L,INV276663,DESC chemicals_precursors 827
S0000983,E000180,luxury_dual_use_consumer,DAP,road,62,L,INV536916,DESC luxury_dual_use_consumer 971
S0000984,E001691,chemicals_precursors,DAP,sea,487,kg,INV112986,DESC chemicals_precursors 275
S0000985,E000726,luxury_dual_use_consumer,CIF,sea,385,kg,INV663136,DESC luxury_dual_use_consumer 180
S0000986,E000886,chemicals_precursors,DAP,sea,175,pcs,INV836685,DESC chemicals_precursors 812
S0000987,E001089,aerospace_uas_avionics,FOB,road,223,kg,INV379647,DESC aerospace_uas_avionics 160
S0000988,E000799,maritime_port_equipment,FOB,road,167,L,INV211687,DESC maritime_port_equipment 675
S0000989,E000522,medical_bio_lab,DAP,sea,305,pcs,INV526911,DESC medical_bio_lab 778
S0000990,E001137,luxury_dual_use_consumer,DAP,sea,322,pcs,INV731778,DESC luxury_dual_use_consumer 560
S0000991,E000888,luxury_dual_use_consumer,DAP,sea,333,L,INV542546,DESC luxury_dual_use_consumer 164
S0000992,E001561,medical_bio_lab,DAP,sea,124,L,INV888112,DESC medical_bio_lab 418
S0000993,E000990,chemicals_precursors,CIF,air,491,kg,INV547792,DESC chemicals_precursors 94
S0000994,E001639,aerospace_uas_avionics,CIF,air,348,L,INV206295,DESC aerospace_uas_avionics 973
S0000995,E001239,maritime_port_equipment,FOB,air,252,pcs,INV830982,DESC maritime_port_equipment 828
S0000996,E000900,maritime_port_equipment,CIF,sea,304,kg,INV935418,DESC maritime_port_equipment 132
S0000997,E001620,energy_equipment,CIF,air,230,pcs,INV959779,DESC energy_equipment 573
S0000998,E001617,medical_bio_lab,CIF,road,338,kg,INV889486,DESC medical_bio_lab 287
S0000999,E001424,chemicals_precursors,DAP,air,284,kg,INV943782,DESC chemicals_precursors 472
S0001000,E000521,maritime_port_equipment,FOB,air,124,kg,INV151029,DESC maritime_port_equipment 366
S0001001,E001199,medical_bio_lab,FOB,road,335,pcs,INV133124,DESC medical_bio_lab 665
S0001002,E000213,medical_bio_lab,FOB,air,322,pcs,INV636564,DESC medical_bio_lab 272
S0001003,E001425,medical_bio_lab,DAP,air,288,pcs,INV988698,DESC medical_bio_lab 328
S0001004,E001936,chemicals_precursors,DAP,road,457,L,INV710224,DESC chemicals_precursors 890
S0001005,E000324,chemicals_precursors,DAP,air,120,kg,INV263193,DESC chemicals_precursors 360
S0001006,E001934,chemicals_precursors,FOB,air,46,L,INV190787,DESC chemicals_precursors 674
S0001007,E000058,chemicals_precursors,DAP,sea,480,kg,INV662742,DESC chemicals_precursors 844
S0001008,E001203,chemicals_precursors,FOB,road,27,pcs,INV886934,DESC chemicals_precursors 790
S0001009,E001432,energy_equipment,CIF,air,377,kg,INV234342,DESC energy_equipment 623
S0001010,E000819,energy_equipment,CIF,air,159,kg,INV824897,DESC energy_equipment 717
S0001011,E000065,chemicals_precursors,DAP,sea,385,L,INV477249,DESC chemicals_precursors 87
S0001012,E001708,machine_tools,FOB,sea,476,L,INV738628,DESC machine_tools 534
S0001013,E001349,luxury_dual_use_consumer,DAP,sea,285,L,INV873393,DESC luxury_dual_use_consumer 592
S0001014,E000678,luxury_dual_use_consumer,DAP,air,60,L,INV540703,DESC luxury_dual_use_consumer 654
S0001015,E001553,medical_bio_lab,FOB,road,231,pcs,INV731099,DESC medical_bio_lab 682
S0001016,E000191,luxury_dual_use_consumer,CIF,road,266,L,INV576361,DESC luxury_dual_use_consumer 361
S0001017,E001198,chemicals_precursors,FOB,road,447,L,INV402109,DESC chemicals_precursors 241
S0001018,E001904,aerospace_uas_avionics,CIF,air,39,kg,INV843843,DESC aerospace_uas_avionics 207
S0001019,E001505,machine_tools,CIF,sea,181,L,INV462266,DESC machine_tools 788
S0001020,E000152,energy_equipment,FOB,road,417,pcs,INV641694,DESC energy_equipment 83
S0001021,E000011,chemicals_precursors,CIF,air,312,L,INV492781,DESC chemicals_precursors 516
S0001022,E001533,aerospace_uas_avionics,CIF,air,394,pcs,INV641034,DESC aerospace_uas_avionics 117
S0001023,E000375,luxury_dual_use_consumer,DAP,road,399,pcs,INV531330,DESC luxury_dual_use_consumer 400
S0001024,E001007,machine_tools,CIF,road,202,kg,INV194512,DESC machine_tools 228
S0001025,E001346,energy_equipment,DAP,air,412,pcs,INV830735,DESC energy_equipment 584
S0001026,E000172,luxury_dual_use_consumer,DAP,air,188,kg,INV711214,DESC luxury_dual_use_consumer 292
S0001027,E001346,machine_tools,FOB,sea,129,kg,INV973424,DESC machine_tools 331
S0001028,E001334,maritime_port_equipment,FOB,air,225,pcs,INV100560,DESC maritime_port_equipment 880
S0001029,E001938,maritime_port_equipment,DAP,sea,363,L,INV975586,DESC maritime_port_equipment 904
S0001030,E001549,luxury_dual_use_consumer,FOB,sea,351,pcs,INV313931,DESC luxury_dual_use_consumer 280
S0001031,E000015,medical_bio_lab,FOB,sea,103,pcs,INV759954,DESC medical_bio_lab 945
S0001032,E000040,luxury_dual_use_consumer,DAP,sea,5,kg,INV703262,DESC luxury_dual_use_consumer 925
S0001033,E001601,luxury_dual_use_consumer,DAP,air,14,pcs,INV850956,DESC luxury_dual_use_consumer 622
S0001034,E001444,aerospace_uas_avionics,DAP,sea,350,L,INV545636,DESC aerospace_uas_avionics 104
S0001035,E000682,chemicals_precursors,DAP,road,134,kg,INV766255,DESC chemicals_precursors 202
S0001036,E001744,chemicals_precursors,CIF,road,438,pcs,INV909314,DESC chemicals_precursors 715
S0001037,E001282,aerospace_uas_avionics,DAP,sea,112,kg,INV916853,DESC aerospace_uas_avionics 388
S0001038,E000457,chemicals_precursors,FOB,road,246,L,INV458621,DESC chemicals_precursors 672
S0001039,E000651,machine_tools,CIF,sea,10,pcs,INV938422,DESC machine_tools 952
S0001040,E001136,luxury_dual_use_consumer,FOB,road,83,L,INV169525,DESC luxury_dual_use_consumer 824
S0001041,E001953,machine_tools,CIF,sea,294,L,INV953603,DESC machine_tools 924
S0001042,E000587,machine_tools,DAP,sea,214,kg,INV552305,DESC machine_tools 559
S0001043,E001217,medical_bio_lab,FOB,sea,317,pcs,INV234272,DESC medical_bio_lab 966
S0001044,E001944,maritime_port_equipment,CIF,sea,315,kg,INV566733,DESC maritime_port_equipment 637
S0001045,E000764,maritime_port_equipment,FOB,air,19,kg,INV860049,DESC maritime_port_equipment 968
S0001046,E001277,maritime_port_equipment,FOB,road,39,L,INV138300,DESC maritime_port_equipment 355
S0001047,E000272,medical_bio_lab,DAP,road,305,L,INV989309,DESC medical_bio_lab 404
S0001048,E000397,chemicals_precursors,FOB,road,142,kg,INV240783,DESC chemicals_precursors 173
S0001049,E000535,machine_tools,FOB,air,288,kg,INV323002,DESC machine_tools 692
S0001050,E000350,luxury_dual_use_consumer,DAP,road,172,L,INV372264,DESC luxury_dual_use_consumer 103
S0001051,E001358,aerospace_uas_avionics,FOB,air,108,L,INV687820,DESC aerospace_uas_avionics 865
S0001052,E001769,machine_tools,DAP,sea,169,kg,INV246979,DESC machine_tools 994
S0001053,E001689,maritime_port_equipment,CIF,road,35,pcs,INV881335,DESC maritime_port_equipment 584
S0001054,E001591,energy_equipment,CIF,road,345,L,INV961480,DESC energy_equipment 29
S0001055,E001676,medical_bio_lab,CIF,sea,314,L,INV778551,DESC medical_bio_lab 528
S0001056,E001097,energy_equipment,FOB,air,432,L,INV393269,DESC energy_equipment 262
S0001057,E000753,chemicals_precursors,DAP,road,110,kg,INV888497,DESC chemicals_precursors 975
S0001058,E000437,luxury_dual_use_consumer,DAP,sea,36,kg,INV443110,DESC luxury_dual_use_consumer 218
S0001059,E000846,aerospace_uas_avionics,CIF,road,255,kg,INV823767,DESC aerospace_uas_avionics 103
S0001060,E000864,medical_bio_lab,FOB,sea,443,kg,INV705724,DESC medical_bio_lab 104
S0001061,E000344,medical_bio_lab,DAP,road,320,L,INV590085,DESC medical_bio_lab 653
S0001062,E001565,machine_tools,DAP,road,416,pcs,INV758203,DESC machine_tools 513
S0001063,E001544,machine_tools,DAP,sea,43,kg,INV514171,DESC machine_tools 39
S0001064,E000635,chemicals_precursors,CIF,road,71,pcs,INV619148,DESC chemicals_precursors 481
S0001065,E001371,luxury_dual_use_consumer,CIF,road,163,kg,INV887227,DESC luxury_dual_use_consumer 564
S0001066,E000053,aerospace_uas_avionics,FOB,sea,96,L,INV647249,DESC aerospace_uas_avionics 493
S0001067,E001540,luxury_dual_use_consumer,FOB,sea,21,kg,INV768300,DESC luxury_dual_use_consumer 332
S0001068,E000254,aerospace_uas_avionics,DAP,road,283,pcs,INV937357,DESC aerospace_uas_avionics 471
S0001069,E001645,aerospace_uas_avionics,CIF,air,105,pcs,INV140303,DESC aerospace_uas_avionics 37
S0001070,E001972,aerospace_uas_avionics,CIF,road,421,pcs,INV827199,DESC aerospace_uas_avionics 324
S0001071,E001548,maritime_port_equipment,CIF,sea,365,L,INV443935,DESC maritime_port_equipment 535
S0001072,E000917,medical_bio_lab,CIF,road,472,pcs,INV157830,DESC medical_bio_lab 937
S0001073,E000023,aerospace_uas_avionics,DAP,road,107,pcs,INV974024,DESC aerospace_uas_avionics 384
S0001074,E000117,aerospace_uas_avionics,DAP,air,324,pcs,INV510781,DESC aerospace_uas_avionics 20
S0001075,E001821,luxury_dual_use_consumer,FOB,road,318,pcs,INV245877,DESC luxury_dual_use_consumer 748
S0001076,E001086,aerospace_uas_avionics,DAP,air,374,L,INV711968,DESC aerospace_uas_avionics 836
S0001077,E001581,maritime_port_equipment,DAP,air,70,pcs,INV704582,DESC maritime_port_equipment 466
S0001078,E001114,aerospace_uas_avionics,CIF,road,190,kg,INV781890,DESC aerospace_uas_avionics 540
S0001079,E001595,chemicals_precursors,FOB,air,203,L,INV283579,DESC chemicals_precursors 367
S0001080,E001812,luxury_dual_use_consumer,DAP,sea,97,pcs,INV152847,DESC luxury_dual_use_consumer 892
S0001081,E001998,luxury_dual_use_consumer,FOB,sea,459,kg,INV157981,DESC luxury_dual_use_consumer 527
S0001082,E000749,aerospace_uas_avionics,FOB,road,404,L,INV942092,DESC aerospace_uas_avionics 960
S0001083,E000862,machine_tools,FOB,sea,257,pcs,INV897118,DESC machine_tools 142
S0001084,E000120,chemicals_precursors,CIF,sea,103,kg,INV546681,DESC chemicals_precursors 592
S0001085,E001180,machine_tools,CIF,road,468,L,INV614763,DESC machine_tools 164
S0001086,E001423,chemicals_precursors,DAP,sea,450,L,INV788411,DESC chemicals_precursors 514
S0001087,E000448,maritime_port_equipment,FOB,sea,26,pcs,INV429051,DESC maritime_port_equipment 635
S0001088,E000441,aerospace_uas_avionics,DAP,air,465,pcs,INV572227,DESC aerospace_uas_avionics 311
S0001089,E001510,machine_tools,DAP,sea,233,L,INV509062,DESC machine_tools 150
S0001090,E001264,energy_equipment,FOB,air,495,L,INV932484,DESC energy_equipment 514
S0001091,E000075,maritime_port_equipment,CIF,air,190,kg,INV296215,DESC maritime_port_equipment 219
S0001092,E001487,chemicals_precursors,DAP,road,212,kg,INV406775,DESC chemicals_precursors 688
S0001093,E000959,aerospace_uas_avionics,CIF,air,479,L,INV653785,DESC aerospace_uas_avionics 675
S0001094,E001974,energy_equipment,FOB,road,229,L,INV528769,DESC energy_equipment 771
S0001095,E001042,aerospace_uas_avionics,CIF,air,74,L,INV853865,DESC aerospace_uas_avionics 396
S0001096,E001350,aerospace_uas_avionics,DAP,air,145,L,INV459367,DESC aerospace_uas_avionics 688
S0001097,E000765,machine_tools,DAP,sea,499,kg,INV354063,DESC machine_tools 248
S0001098,E001734,chemicals_precursors,CIF,air,457,pcs,INV893027,DESC chemicals_precursors 353
S0001099,E001040,luxury_dual_use_consumer,FOB,sea,85,L,INV480983,DESC luxury_dual_use_consumer 557
S0001100,E000378,energy_equipment,DAP,road,135,pcs,INV580277,DESC energy_equipment 929
S0001101,E001232,maritime_port_equipment,DAP,road,67,kg,INV842056,DESC maritime_port_equipment 398
S0001102,E001321,machine_tools,DAP,road,382,kg,INV118926,DESC machine_tools 169
S0001103,E000606,aerospace_uas_avionics,DAP,road,255,kg,INV246206,DESC aerospace_uas_avionics 731
S0001104,E001471,aerospace_uas_avionics,CIF,air,168,kg,INV670371,DESC aerospace_uas_avionics 439
S0001105,E000096,maritime_port_equipment,FOB,sea,90,L,INV600673,DESC maritime_port_equipment 692
S0001106,E001698,luxury_dual_use_consumer,FOB,road,356,L,INV372105,DESC luxury_dual_use_consumer 723
S0001107,E000831,chemicals_precursors,DAP,sea,101,pcs,INV663605,DESC chemicals_precursors 426
S0001108,E000061,machine_tools,CIF,road,372,L,INV908499,DESC machine_tools 979
S0001109,E000948,medical_bio_lab,FOB,air,93,pcs,INV420836,DESC medical_bio_lab 558
S0001110,E000865,machine_tools,DAP,sea,267,kg,INV869294,DESC machine_tools 611
S0001111,E001143,chemicals_precursors,DAP,air,15,kg,INV249815,DESC chemicals_precursors 550
S0001112,E001791,energy_equipment,DAP,air,351,L,INV365567,DESC energy_equipment 305
S0001113,E001305,machine_tools,CIF,sea,255,kg,INV797560,DESC machine_tools 770
S0001114,E000820,medical_bio_lab,CIF,road,101,pcs,INV681651,DESC medical_bio_lab 405
S0001115,E000788,energy_equipment,DAP,air,250,kg,INV964493,DESC energy_equipment 72
S0001116,E000627,aerospace_uas_avionics,DAP,air,190,pcs,INV261967,DESC aerospace_uas_avionics 671
S0001117,E000294,medical_bio_lab,FOB,air,192,pcs,INV481120,DESC medical_bio_lab 910
S0001118,E000926,aerospace_uas_avionics,CIF,road,423,L,INV377033,DESC aerospace_uas_avionics 259
S0001119,E000230,luxury_dual_use_consumer,FOB,air,108,pcs,INV633358,DESC luxury_dual_use_consumer 919
S0001120,E001768,chemicals_precursors,FOB,road,33,kg,INV919724,DESC chemicals_precursors 39
S0001121,E000436,energy_equipment,CIF,air,449,pcs,INV228436,DESC energy_equipment 937
S0001122,E001943,aerospace_uas_avionics,DAP,air,8,L,INV555274,DESC aerospace_uas_avionics 388
S0001123,E001565,aerospace_uas_avionics,CIF,air,43,pcs,INV858427,DESC aerospace_uas_avionics 966
S0001124,E000637,maritime_port_equipment,FOB,sea,218,kg,INV147871,DESC maritime_port_equipment 625
S0001125,E001716,luxury_dual_use_consumer,DAP,road,212,kg,INV410665,DESC luxury_dual_use_consumer 241
S0001126,E001510,luxury_dual_use_consumer,DAP,sea,455,L,INV407565,DESC luxury_dual_use_consumer 651
S0001127,E001757,maritime_port_equipment,CIF,air,23,L,INV174629,DESC maritime_port_equipment 243
S0001128,E000268,medical_bio_lab,FOB,air,323,L,INV893009,DESC medical_bio_lab 778
S0001129,E001467,energy_equipment,CIF,road,358,pcs,INV453751,DESC energy_equipment 866
S0001130,E001608,medical_bio_lab,CIF,air,3,L,INV621158,DESC medical_bio_lab 71
S0001131,E001888,maritime_port_equipment,CIF,air,245,L,INV863308,DESC maritime_port_equipment 528
S0001132,E001718,aerospace_uas_avionics,FOB,road,80,kg,INV636753,DESC aerospace_uas_avionics 984
S0001133,E001332,chemicals_precursors,DAP,air,162,L,INV597551,DESC chemicals_precursors 662
S0001134,E001383,aerospace_uas_avionics,FOB,road,291,kg,INV795803,DESC aerospace_uas_avionics 16
S0001135,E000186,chemicals_precursors,FOB,air,345,kg,INV420514,DESC chemicals_precursors 454
S0001136,E000167,maritime_port_equipment,DAP,road,39,L,INV316911,DESC maritime_port_equipment 345
S0001137,E001284,machine_tools,DAP,road,14,L,INV429118,DESC machine_tools 699
S0001138,E001745,aerospace_uas_avionics,FOB,road,326,L,INV913773,DESC aerospace_uas_avionics 572
S0001139,E001937,maritime_port_equipment,CIF,road,96,L,INV968487,DESC maritime_port_equipment 173
S0001140,E000413,maritime_port_equipment,FOB,sea,106,kg,INV802431,DESC maritime_port_equipment 964
S0001141,E000283,machine_tools,DAP,air,132,L,INV274174,DESC machine_tools 300
S0001142,E001756,medical_bio_lab,CIF,road,286,kg,INV718247,DESC medical_bio_lab 39
S0001143,E001167,aerospace_uas_avionics,FOB,road,485,kg,INV864701,DESC aerospace_uas_avionics 2
S0001144,E001823,medical_bio_lab,FOB,air,1,L,INV283617,DESC medical_bio_lab 423
S0001145,E000969,aerospace_uas_avionics,FOB,air,189,kg,INV281081,DESC aerospace_uas_avionics 939
S0001146,E000294,machine_tools,FOB,sea,411,pcs,INV276500,DESC machine_tools 66
S0001147,E000958,maritime_port_equipment,CIF,sea,67,kg,INV393257,DESC maritime_port_equipment 45
S0001148,E001119,maritime_port_equipment,CIF,air,279,L,INV643377,DESC maritime_port_equipment 383
S0001149,E000391,chemicals_precursors,DAP,sea,212,pcs,INV713711,DESC chemicals_precursors 425
S0001150,E000406,machine_tools,DAP,sea,463,pcs,INV833950,DESC machine_tools 392
S0001151,E001152,maritime_port_equipment,DAP,sea,497,pcs,INV789129,DESC maritime_port_equipment 147
S0001152,E000818,medical_bio_lab,DAP,air,265,kg,INV671104,DESC medical_bio_lab 548
S0001153,E001557,machine_tools,CIF,road,403,pcs,INV813987,DESC machine_tools 692
S0001154,E000442,machine_tools,CIF,air,253,kg,INV978519,DESC machine_tools 413
S0001155,E000703,aerospace_uas_avionics,DAP,air,70,L,INV512611,DESC aerospace_uas_avionics 7
S0001156,E001663,aerospace_uas_avionics,DAP,sea,312,kg,INV460965,DESC aerospace_uas_avionics 402
S0001157,E001270,luxury_dual_use_consumer,CIF,road,270,pcs,INV929075,DESC luxury_dual_use_consumer 736
S0001158,E000475,maritime_port_equipment,CIF,air,395,pcs,INV192743,DESC maritime_port_equipment 393
S0001159,E001526,luxury_dual_use_consumer,CIF,road,85,kg,INV123931,DESC luxury_dual_use_consumer 952
S0001160,E000223,maritime_port_equipment,FOB,air,315,L,INV901898,DESC maritime_port_equipment 243
S0001161,E001857,chemicals_precursors,DAP,sea,31,L,INV692093,DESC chemicals_precursors 267
S0001162,E000313,maritime_port_equipment,FOB,air,416,kg,INV876907,DESC maritime_port_equipment 95
S0001163,E001936,aerospace_uas_avionics,DAP,sea,487,kg,INV758976,DESC aerospace_uas_avionics 918
S0001164,E001935,chemicals_precursors,FOB,air,498,kg,INV237535,DESC chemicals_precursors 389
S0001165,E000556,maritime_port_equipment,CIF,air,452,L,INV422639,DESC maritime_port_equipment 724
S0001166,E000871,aerospace_uas_avionics,CIF,air,486,pcs,INV636630,DESC aerospace_uas_avionics 397
S0001167,E000436,aerospace_uas_avionics,CIF,sea,481,kg,INV552456,DESC aerospace_uas_avionics 75
S0001168,E001140,maritime_port_equipment,DAP,air,108,pcs,INV261682,DESC maritime_port_equipment 259
S0001169,E001494,maritime_port_equipment,DAP,air,15,pcs,INV370322,DESC maritime_port_equipment 613
S0001170,E000429,machine_tools,FOB,road,162,pcs,INV941958,DESC machine_tools 559
S0001171,E000458,medical_bio_lab,FOB,sea,424,pcs,INV866092,DESC medical_bio_lab 685
S0001172,E001625,luxury_dual_use_consumer,DAP,road,27,kg,INV849390,DESC luxury_dual_use_consumer 331
S0001173,E000001,chemicals_precursors,DAP,sea,24,L,INV468865,DESC chemicals_precursors 947
S0001174,E001849,medical_bio_lab,FOB,road,15,L,INV699647,DESC medical_bio_lab 835
S0001175,E000041,machine_tools,CIF,sea,359,pcs,INV277427,DESC machine_tools 451
S0001176,E000474,medical_bio_lab,DAP,air,404,kg,INV829597,DESC medical_bio_lab 443
S0001177,E000981,chemicals_precursors,FOB,sea,46,L,INV895724,DESC chemicals_precursors 768
S0001178,E001081,medical_bio_lab,DAP,sea,398,pcs,INV693955,DESC medical_bio_lab 830
S0001179,E001181,chemicals_precursors,DAP,air,166,pcs,INV884334,DESC chemicals_precursors 720
S0001180,E001848,aerospace_uas_avionics,DAP,sea,392,kg,INV842930,DESC aerospace_uas_avionics 483
S0001181,E000654,luxury_dual_use_consumer,FOB,air,299,L,INV482198,DESC luxury_dual_use_consumer 577
S0001182,E001644,medical_bio_lab,CIF,air,304,pcs,INV472924,DESC medical_bio_lab 969
S0001183,E001955,chemicals_precursors,CIF,road,115,kg,INV385023,DESC chemicals_precursors 78
S0001184,E001731,energy_equipment,DAP,air,273,pcs,INV901899,DESC energy_equipment 670
S0001185,E001042,energy_equipment,CIF,air,249,pcs,INV599707,DESC energy_equipment 585
S0001186,E001509,chemicals_precursors,FOB,air,29,kg,INV466948,DESC chemicals_precursors 251
S0001187,E000789,medical_bio_lab,FOB,road,6,L,INV424817,DESC medical_bio_lab 755
S0001188,E001215,luxury_dual_use_consumer,DAP,road,210,pcs,INV590867,DESC luxury_dual_use_consumer 333
S0001189,E001562,aerospace_uas_avionics,CIF,road,494,kg,INV373003,DESC aerospace_uas_avionics 829
S0001190,E001365,machine_tools,FOB,sea,332,L,INV120821,DESC machine_tools 745
S0001191,E000526,chemicals_precursors,DAP,sea,150,kg,INV360790,DESC chemicals_precursors 417
S0001192,E001905,energy_equipment,FOB,sea,343,L,INV151429,DESC energy_equipment 216
S0001193,E000369,energy_equipment,FOB,air,362,pcs,INV757491,DESC energy_equipment 610
S0001194,E000908,luxury_dual_use_consumer,FOB,sea,37,pcs,INV814774,DESC luxury_dual_use_consumer 788
S0001195,E000121,aerospace_uas_avionics,DAP,sea,303,L,INV436332,DESC aerospace_uas_avionics 356
S0001196,E001172,maritime_port_equipment,CIF,air,120,L,INV321947,DESC maritime_port_equipment 596
S0001197,E000760,machine_tools,DAP,air,42,L,INV635768,DESC machine_tools 585
S0001198,E000531,machine_tools,CIF,air,399,kg,INV747129,DESC machine_tools 976
S0001199,E000687,energy_equipment,DAP,road,194,pcs,INV744733,DESC energy_equipment 111
S0001200,E000375,energy_equipment,DAP,road,338,L,INV671551,DESC energy_equipment 305
S0001201,E001759,chemicals_precursors,FOB,sea,139,L,INV869994,DESC chemicals_precursors 359
S0001202,E001867,luxury_dual_use_consumer,FOB,road,172,pcs,INV396941,DESC luxury_dual_use_consumer 926
S0001203,E000103,medical_bio_lab,FOB,road,484,L,INV466315,DESC medical_bio_lab 767
S0001204,E000687,energy_equipment,DAP,road,489,kg,INV484450,DESC energy_equipment 860
S0001205,E001958,machine_tools,FOB,road,28,kg,INV126138,DESC machine_tools 526
S0001206,E001159,medical_bio_lab,CIF,air,117,kg,INV340129,DESC medical_bio_lab 616
S0001207,E001027,machine_tools,DAP,air,288,L,INV877973,DESC machine_tools 796
S0001208,E001697,luxury_dual_use_consumer,DAP,sea,423,kg,INV664332,DESC luxury_dual_use_consumer 421
S0001209,E001899,aerospace_uas_avionics,DAP,road,297,kg,INV865237,DESC aerospace_uas_avionics 363
S0001210,E001756,chemicals_precursors,FOB,air,285,pcs,INV988870,DESC chemicals_precursors 367
S0001211,E001728,aerospace_uas_avionics,FOB,road,133,kg,INV361227,DESC aerospace_uas_avionics 897
S0001212,E001750,luxury_dual_use_consumer,CIF,sea,273,kg,INV376304,DESC luxury_dual_use_consumer 757
S0001213,E001706,luxury_dual_use_consumer,FOB,road,112,L,INV629651,DESC luxury_dual_use_consumer 139
S0001214,E000749,luxury_dual_use_consumer,FOB,road,53,pcs,INV871989,DESC luxury_dual_use_consumer 744
S0001215,E000864,medical_bio_lab,FOB,sea,258,L,INV164310,DESC medical_bio_lab 572
S0001216,E000121,aerospace_uas_avionics,CIF,road,421,pcs,INV163989,DESC aerospace_uas_avionics 245
S0001217,E001028,chemicals_precursors,DAP,road,455,L,INV377514,DESC chemicals_precursors 904
S0001218,E001693,chemicals_precursors,CIF,sea,28,L,INV661216,DESC chemicals_precursors 313
S0001219,E000258,medical_bio_lab,CIF,road,274,kg,INV248457,DESC medical_bio_lab 454
S0001220,E001196,medical_bio_lab,CIF,sea,355,kg,INV831198,DESC medical_bio_lab 622
S0001221,E000862,medical_bio_lab,CIF,air,438,pcs,INV298804,DESC medical_bio_lab 479
S0001222,E000485,maritime_port_equipment,DAP,sea,165,kg,INV686590,DESC maritime_port_equipment 297
S0001223,E001258,machine_tools,DAP,air,205,pcs,INV169911,DESC machine_tools 550
S0001224,E001301,maritime_port_equipment,FOB,air,185,pcs,INV221592,DESC maritime_port_equipment 297
S0001225,E000663,medical_bio_lab,DAP,sea,365,L,INV400591,DESC medical_bio_lab 257
S0001226,E001012,aerospace_uas_avionics,CIF,air,72,kg,INV551388,DESC aerospace_uas_avionics 786
S0001227,E001431,aerospace_uas_avionics,CIF,road,388,L,INV298048,DESC aerospace_uas_avionics 514
S0001228,E001365,chemicals_precursors,FOB,air,481,kg,INV479388,DESC chemicals_precursors 330
S0001229,E000550,maritime_port_equipment,DAP,air,388,L,INV861036,DESC maritime_port_equipment 561
S0001230,E000973,chemicals_precursors,FOB,air,58,L,INV357542,DESC chemicals_precursors 930
S0001231,E000738,medical_bio_lab,DAP,air,441,L,INV445113,DESC medical_bio_lab 250
S0001232,E000508,aerospace_uas_avionics,CIF,sea,19,pcs,INV716381,DESC aerospace_uas_avionics 681
S0001233,E000950,machine_tools,CIF,sea,146,pcs,INV616611,DESC machine_tools 683
S0001234,E000984,machine_tools,DAP,road,89,pcs,INV590535,DESC machine_tools 738
S0001235,E000683,chemicals_precursors,FOB,air,70,kg,INV763037,DESC chemicals_precursors 693
S0001236,E001404,luxury_dual_use_consumer,CIF,air,77,kg,INV187197,DESC luxury_dual_use_consumer 50
S0001237,E000974,maritime_port_equipment,CIF,sea,376,L,INV159425,DESC maritime_port_equipment 207
S0001238,E000456,energy_equipment,DAP,sea,288,pcs,INV596204,DESC energy_equipment 653
S0001239,E000752,energy_equipment,DAP,air,361,kg,INV931958,DESC energy_equipment 72
S0001240,E000145,chemicals_precursors,FOB,air,305,pcs,INV206747,DESC chemicals_precursors 770
S0001241,E000293,luxury_dual_use_consumer,DAP,air,109,pcs,INV232903,DESC luxury_dual_use_consumer 289
S0001242,E000381,machine_tools,FOB,road,257,pcs,INV639519,DESC machine_tools 914
S0001243,E000298,chemicals_precursors,FOB,sea,347,pcs,INV753560,DESC chemicals_precursors 909
S0001244,E001473,machine_tools,DAP,air,279,kg,INV160398,DESC machine_tools 989
S0001245,E000353,chemicals_precursors,CIF,sea,147,kg,INV233257,DESC chemicals_precursors 889
S0001246,E000403,medical_bio_lab,CIF,sea,221,pcs,INV230073,DESC medical_bio_lab 830
S0001247,E000099,machine_tools,FOB,air,249,pcs,INV403871,DESC machine_tools 703
S0001248,E001945,machine_tools,FOB,road,111,kg,INV328232,DESC machine_tools 60
S0001249,E001574,maritime_port_equipment,DAP,air,450,L,INV322495,DESC maritime_port_equipment 18
S0001250,E000964,energy_equipment,DAP,road,78,L,INV683550,DESC energy_equipment 677
S0001251,E000539,maritime_port_equipment,CIF,air,189,kg,INV204781,DESC maritime_port_equipment 342
S0001252,E000194,energy_equipment,DAP,sea,419,L,INV383235,DESC energy_equipment 274
S0001253,E000610,chemicals_precursors,FOB,sea,436,kg,INV879050,DESC chemicals_precursors 46
S0001254,E000582,machine_tools,CIF,sea,158,pcs,INV848708,DESC machine_tools 379
S0001255,E001437,medical_bio_lab,DAP,air,274,pcs,INV399010,DESC medical_bio_lab 615
S0001256,E000680,medical_bio_lab,DAP,sea,68,L,INV814030,DESC medical_bio_lab 497
S0001257,E000066,chemicals_precursors,FOB,road,124,pcs,INV873429,DESC chemicals_precursors 264
S0001258,E001299,luxury_dual_use_consumer,FOB,sea,375,L,INV628782,DESC luxury_dual_use_consumer 723
S0001259,E000625,aerospace_uas_avionics,DAP,sea,252,kg,INV298895,DESC aerospace_uas_avionics 836
S0001260,E001359,luxury_dual_use_consumer,FOB,sea,414,kg,INV855258,DESC luxury_dual_use_consumer 790
S0001261,E000571,energy_equipment,DAP,road,399,pcs,INV136244,DESC energy_equipment 870
S0001262,E000656,luxury_dual_use_consumer,FOB,road,390,L,INV384991,DESC luxury_dual_use_consumer 864
S0001263,E000820,chemicals_precursors,DAP,road,82,L,INV246663,DESC chemicals_precursors 183
S0001264,E001576,energy_equipment,CIF,sea,126,pcs,INV294474,DESC energy_equipment 343
S0001265,E000020,maritime_port_equipment,FOB,road,89,kg,INV889857,DESC maritime_port_equipment 570
S0001266,E000908,energy_equipment,DAP,road,209,L,INV293839,DESC energy_equipment 485
S0001267,E000281,machine_tools,CIF,air,434,kg,INV542723,DESC machine_tools 554
S0001268,E001063,chemicals_precursors,FOB,sea,302,kg,INV647573,DESC chemicals_precursors 802
S0001269,E001242,machine_tools,DAP,air,480,L,INV444478,DESC machine_tools 280
S0001270,E001533,chemicals_precursors,FOB,road,338,L,INV239481,DESC chemicals_precursors 805
S0001271,E001058,maritime_port_equipment,FOB,sea,12,kg,INV328222,DESC maritime_port_equipment 350
S0001272,E001048,maritime_port_equipment,DAP,road,280,kg,INV548361,DESC maritime_port_equipment 309
S0001273,E001135,chemicals_precursors,FOB,road,412,kg,INV861973,DESC chemicals_precursors 626
S0001274,E000650,luxury_dual_use_consumer,FOB,sea,448,L,INV452338,DESC luxury_dual_use_consumer 4
S0001275,E001136,medical_bio_lab,CIF,air,23,pcs,INV363786,DESC medical_bio_lab 65
S0001276,E000354,energy_equipment,FOB,sea,191,L,INV202952,DESC energy_equipment 496
S0001277,E000076,chemicals_precursors,CIF,sea,58,L,INV727353,DESC chemicals_precursors 429
S0001278,E000872,machine_tools,DAP,sea,387,kg,INV183251,DESC machine_tools 675
S0001279,E001889,maritime_port_equipment,DAP,road,224,L,INV170497,DESC maritime_port_equipment 114
S0001280,E000079,luxury_dual_use_consumer,FOB,road,451,L,INV829086,DESC luxury_dual_use_consumer 232
S0001281,E001772,energy_equipment,CIF,sea,424,pcs,INV586826,DESC energy_equipment 122
S0001282,E000120,chemicals_precursors,CIF,road,281,L,INV694790,DESC chemicals_precursors 788
S0001283,E000672,aerospace_uas_avionics,FOB,air,130,L,INV760235,DESC aerospace_uas_avionics 525
S0001284,E000996,luxury_dual_use_consumer,FOB,sea,160,kg,INV460937,DESC luxury_dual_use_consumer 811
S0001285,E000634,energy_equipment,FOB,sea,415,kg,INV413155,DESC energy_equipment 711
S0001286,E001936,luxury_dual_use_consumer,CIF,road,10,kg,INV961751,DESC luxury_dual_use_consumer 166
S0001287,E000029,luxury_dual_use_consumer,DAP,air,103,pcs,INV982700,DESC luxury_dual_use_consumer 3
S0001288,E001352,aerospace_uas_avionics,FOB,road,4,kg,INV380158,DESC aerospace_uas_avionics 153
S0001289,E001683,maritime_port_equipment,FOB,sea,134,kg,INV116790,DESC maritime_port_equipment 610
S0001290,E000785,maritime_port_equipment,FOB,sea,283,kg,INV366712,DESC maritime_port_equipment 64
S0001291,E001885,energy_equipment,CIF,sea,204,kg,INV455673,DESC energy_equipment 295
S0001292,E001490,machine_tools,FOB,sea,69,kg,INV225233,DESC machine_tools 848
S0001293,E001807,machine_tools,CIF,road,498,kg,INV817566,DESC machine_tools 742
S0001294,E001077,energy_equipment,FOB,sea,114,pcs,INV994180,DESC energy_equipment 446
S0001295,E000893,chemicals_precursors,DAP,sea,470,L,INV445375,DESC chemicals_precursors 514
S0001296,E001914,maritime_port_equipment,FOB,air,297,kg,INV642293,DESC maritime_port_equipment 912
S0001297,E001966,maritime_port_equipment,CIF,road,365,pcs,INV194709,DESC maritime_port_equipment 367
S0001298,E001147,maritime_port_equipment,DAP,sea,229,pcs,INV302853,DESC maritime_port_equipment 57
S0001299,E000831,aerospace_uas_avionics,DAP,sea,16,L,INV642508,DESC aerospace_uas_avionics 406
S0001300,E001037,machine_tools,FOB,air,117,kg,INV502279,DESC machine_tools 373
S0001301,E001389,chemicals_precursors,FOB,air,166,kg,INV682181,DESC chemicals_precursors 298
S0001302,E000813,medical_bio_lab,DAP,road,242,L,INV673107,DESC medical_bio_lab 660
S0001303,E001106,maritime_port_equipment,CIF,road,132,kg,INV890709,DESC maritime_port_equipment 327
S0001304,E000938,machine_tools,DAP,air,461,pcs,INV124902,DESC machine_tools 717
S0001305,E000248,chemicals_precursors,CIF,air,234,L,INV971286,DESC chemicals_precursors 158
S0001306,E001034,chemicals_precursors,FOB,road,71,kg,INV668746,DESC chemicals_precursors 515
S0001307,E001590,energy_equipment,DAP,road,365,kg,INV971722,DESC energy_equipment 687
S0001308,E000131,machine_tools,CIF,road,366,kg,INV121222,DESC machine_tools 864
S0001309,E001508,energy_equipment,FOB,sea,37,kg,INV477180,DESC energy_equipment 694
S0001310,E000037,maritime_port_equipment,DAP,road,293,L,INV727494,DESC maritime_port_equipment 998
S0001311,E001323,energy_equipment,DAP,road,412,L,INV460990,DESC energy_equipment 525
S0001312,E000765,machine_tools,CIF,road,152,L,INV157103,DESC machine_tools 909
S0001313,E000908,maritime_port_equipment,DAP,sea,254,kg,INV597678,DESC maritime_port_equipment 609
S0001314,E000204,medical_bio_lab,CIF,road,425,L,INV330885,DESC medical_bio_lab 678
S0001315,E000482,aerospace_uas_avionics,FOB,road,179,pcs,INV887456,DESC aerospace_uas_avionics 282
S0001316,E000475,energy_equipment,FOB,road,141,pcs,INV615449,DESC energy_equipment 942
S0001317,E001297,machine_tools,DAP,sea,368,kg,INV396536,DESC machine_tools 496
S0001318,E001806,chemicals_precursors,FOB,air,276,pcs,INV238635,DESC chemicals_precursors 761
S0001319,E000736,maritime_port_equipment,CIF,road,86,pcs,INV463196,DESC maritime_port_equipment 975
S0001320,E000485,energy_equipment,DAP,air,206,L,INV926211,DESC energy_equipment 367
S0001321,E000810,machine_tools,DAP,sea,191,L,INV451325,DESC machine_tools 899
S0001322,E000204,medical_bio_lab,DAP,air,486,kg,INV913816,DESC medical_bio_lab 150
S0001323,E001965,aerospace_uas_avionics,CIF,air,413,pcs,INV764118,DESC aerospace_uas_avionics 692
S0001324,E000503,energy_equipment,CIF,air,176,L,INV822248,DESC energy_equipment 234
S0001325,E001551,luxury_dual_use_consumer,FOB,air,20,L,INV620457,DESC luxury_dual_use_consumer 91
S0001326,E001570,maritime_port_equipment,DAP,sea,448,kg,INV797236,DESC maritime_port_equipment 971
S0001327,E001927,maritime_port_equipment,DAP,road,93,pcs,INV368923,DESC maritime_port_equipment 79
S0001328,E000378,luxury_dual_use_consumer,CIF,road,451,kg,INV898394,DESC luxury_dual_use_consumer 263
S0001329,E000555,maritime_port_equipment,DAP,road,306,pcs,INV506717,DESC maritime_port_equipment 493
S0001330,E000835,medical_bio_lab,DAP,air,77,kg,INV173918,DESC medical_bio_lab 84
S0001331,E000947,energy_equipment,FOB,air,116,pcs,INV168676,DESC energy_equipment 806
S0001332,E001760,medical_bio_lab,FOB,sea,403,kg,INV409893,DESC medical_bio_lab 54
S0001333,E001991,machine_tools,FOB,air,178,kg,INV114482,DESC machine_tools 543
S0001334,E000814,chemicals_precursors,FOB,road,119,pcs,INV214938,DESC chemicals_precursors 937
S0001335,E001366,aerospace_uas_avionics,DAP,road,85,kg,INV197623,DESC aerospace_uas_avionics 500
S0001336,E000479,medical_bio_lab,DAP,air,116,L,INV568863,DESC medical_bio_lab 534
S0001337,E001731,energy_equipment,FOB,air,294,kg,INV535306,DESC energy_equipment 388
S0001338,E001893,maritime_port_equipment,FOB,road,195,kg,INV593229,DESC maritime_port_equipment 555
S0001339,E000104,chemicals_precursors,FOB,sea,373,kg,INV769453,DESC chemicals_precursors 215
S0001340,E000067,medical_bio_lab,CIF,sea,199,pcs,INV193194,DESC medical_bio_lab 742
S0001341,E001946,machine_tools,CIF,air,484,L,INV528148,DESC machine_tools 515
S0001342,E001978,maritime_port_equipment,FOB,road,223,kg,INV447247,DESC maritime_port_equipment 325
S0001343,E000355,maritime_port_equipment,CIF,sea,169,pcs,INV619296,DESC maritime_port_equipment 819
S0001344,E001328,maritime_port_equipment,FOB,air,67,pcs,INV822184,DESC maritime_port_equipment 950
S0001345,E001010,luxury_dual_use_consumer,DAP,sea,381,L,INV875257,DESC luxury_dual_use_consumer 656
S0001346,E001455,machine_tools,DAP,road,229,pcs,INV349863,DESC machine_tools 443
S0001347,E001212,aerospace_uas_avionics,CIF,air,493,pcs,INV459155,DESC aerospace_uas_avionics 620
S0001348,E001743,luxury_dual_use_consumer,DAP,sea,497,kg,INV124271,DESC luxury_dual_use_consumer 968
S0001349,E000055,aerospace_uas_avionics,CIF,road,408,kg,INV658232,DESC aerospace_uas_avionics 750
S0001350,E001861,chemicals_precursors,CIF,sea,143,kg,INV352488,DESC chemicals_precursors 898
S0001351,E001183,machine_tools,FOB,road,249,L,INV827995,DESC machine_tools 841
S0001352,E000740,energy_equipment,DAP,sea,260,kg,INV981582,DESC energy_equipment 687
S0001353,E001596,machine_tools,CIF,sea,254,L,INV963474,DESC machine_tools 446
S0001354,E000783,luxury_dual_use_consumer,FOB,sea,413,L,INV314975,DESC luxury_dual_use_consumer 802
S0001355,E000207,maritime_port_equipment,DAP,road,207,L,INV992978,DESC maritime_port_equipment 955
S0001356,E001758,aerospace_uas_avionics,CIF,road,471,pcs,INV707877,DESC aerospace_uas_avionics 19
S0001357,E001633,luxury_dual_use_consumer,DAP,sea,374,L,INV768592,DESC luxury_dual_use_consumer 480
S0001358,E001543,energy_equipment,DAP,road,307,kg,INV698215,DESC energy_equipment 72
S0001359,E000142,medical_bio_lab,DAP,air,111,kg,INV797238,DESC medical_bio_lab 67
S0001360,E000545,luxury_dual_use_consumer,CIF,road,226,pcs,INV762222,DESC luxury_dual_use_consumer 40
S0001361,E000931,luxury_dual_use_consumer,CIF,sea,340,L,INV139814,DESC luxury_dual_use_consumer 360
S0001362,E000912,luxury_dual_use_consumer,FOB,sea,275,L,INV910352,DESC luxury_dual_use_consumer 692
S0001363,E001094,maritime_port_equipment,CIF,sea,171,kg,INV982506,DESC maritime_port_equipment 539
S0001364,E000749,maritime_port_equipment,FOB,road,384,kg,INV735793,DESC maritime_port_equipment 303
S0001365,E000809,luxury_dual_use_consumer,DAP,road,327,pcs,INV672936,DESC luxury_dual_use_consumer 420
S0001366,E000315,maritime_port_equipment,DAP,road,400,kg,INV586149,DESC maritime_port_equipment 451
S0001367,E001688,luxury_dual_use_consumer,DAP,road,420,kg,INV952529,DESC luxury_dual_use_consumer 809
S0001368,E000927,energy_equipment,CIF,road,421,pcs,INV626898,DESC energy_equipment 624
S0001369,E001504,aerospace_uas_avionics,CIF,sea,234,kg,INV241225,DESC aerospace_uas_avionics 40
S0001370,E000911,maritime_port_equipment,CIF,road,76,pcs,INV174191,DESC maritime_port_equipment 704
S0001371,E001745,energy_equipment,DAP,sea,278,kg,INV848730,DESC energy_equipment 830
S0001372,E001438,maritime_port_equipment,DAP,air,16,pcs,INV406241,DESC maritime_port_equipment 524
S0001373,E000432,energy_equipment,CIF,road,113,pcs,INV996246,DESC energy_equipment 180
S0001374,E000336,medical_bio_lab,FOB,road,491,kg,INV577525,DESC medical_bio_lab 950
S0001375,E000406,energy_equipment,DAP,sea,179,pcs,INV577578,DESC energy_equipment 650
S0001376,E000713,maritime_port_equipment,CIF,sea,185,pcs,INV877665,DESC maritime_port_equipment 70
S0001377,E001357,maritime_port_equipment,DAP,road,21,kg,INV787940,DESC maritime_port_equipment 577
S0001378,E001003,luxury_dual_use_consumer,FOB,road,177,L,INV831974,DESC luxury_dual_use_consumer 870
S0001379,E000154,chemicals_precursors,FOB,road,369,L,INV623541,DESC chemicals_precursors 714
S0001380,E001944,medical_bio_lab,FOB,road,466,L,INV229465,DESC medical_bio_lab 414
S0001381,E000176,machine_tools,DAP,air,66,kg,INV353875,DESC machine_tools 548
S0001382,E001710,medical_bio_lab,FOB,sea,425,L,INV392589,DESC medical_bio_lab 800
S0001383,E000434,aerospace_uas_avionics,CIF,air,372,L,INV941177,DESC aerospace_uas_avionics 631
S0001384,E000221,energy_equipment,FOB,road,100,L,INV193475,DESC energy_equipment 576
S0001385,E000182,medical_bio_lab,FOB,road,229,pcs,INV934879,DESC medical_bio_lab 672
S0001386,E001036,luxury_dual_use_consumer,CIF,air,320,L,INV111479,DESC luxury_dual_use_consumer 947
S0001387,E001385,chemicals_precursors,DAP,sea,241,L,INV414603,DESC chemicals_precursors 228
S0001388,E000217,aerospace_uas_avionics,DAP,air,191,pcs,INV785824,DESC aerospace_uas_avionics 371
S0001389,E000698,medical_bio_lab,FOB,air,318,pcs,INV286431,DESC medical_bio_lab 756
S0001390,E001544,medical_bio_lab,CIF,sea,355,kg,INV470042,DESC medical_bio_lab 174
S0001391,E000168,maritime_port_equipment,FOB,road,220,pcs,INV700994,DESC maritime_port_equipment 37
S0001392,E000304,medical_bio_lab,FOB,sea,122,kg,INV911131,DESC medical_bio_lab 429
S0001393,E000712,aerospace_uas_avionics,FOB,air,96,L,INV768138,DESC aerospace_uas_avionics 458
S0001394,E000578,medical_bio_lab,DAP,air,164,L,INV403037,DESC medical_bio_lab 488
S0001395,E001683,maritime_port_equipment,FOB,sea,202,pcs,INV186924,DESC maritime_port_equipment 460
S0001396,E000144,aerospace_uas_avionics,FOB,road,73,pcs,INV827733,DESC aerospace_uas_avionics 607
S0001397,E000712,energy_equipment,FOB,road,286,kg,INV526645,DESC energy_equipment 278
S0001398,E001120,chemicals_precursors,CIF,air,429,pcs,INV857259,DESC chemicals_precursors 568
S0001399,E000591,energy_equipment,DAP,sea,77,L,INV267421,DESC energy_equipment 590
S0001400,E000065,energy_equipment,DAP,road,363,pcs,INV148792,DESC energy_equipment 64
S0001401,E001629,machine_tools,CIF,road,13,L,INV736640,DESC machine_tools 723
S0001402,E001350,chemicals_precursors,FOB,sea,336,L,INV925790,DESC chemicals_precursors 925
S0001403,E000368,medical_bio_lab,FOB,road,163,pcs,INV309049,DESC medical_bio_lab 943
S0001404,E000269,machine_tools,DAP,air,271,kg,INV289117,DESC machine_tools 626
S0001405,E001350,maritime_port_equipment,FOB,road,488,pcs,INV837296,DESC maritime_port_equipment 504
S0001406,E001891,aerospace_uas_avionics,DAP,sea,54,L,INV702199,DESC aerospace_uas_avionics 135
S0001407,E001788,medical_bio_lab,DAP,road,21,L,INV888267,DESC medical_bio_lab 414
S0001408,E000355,chemicals_precursors,DAP,road,342,pcs,INV715217,DESC chemicals_precursors 651
S0001409,E001326,energy_equipment,FOB,road,199,L,INV679705,DESC energy_equipment 998
S0001410,E000608,chemicals_precursors,DAP,air,241,kg,INV230758,DESC chemicals_precursors 678
S0001411,E001861,energy_equipment,CIF,sea,58,pcs,INV177855,DESC energy_equipment 575
S0001412,E000454,medical_bio_lab,DAP,air,6,L,INV238343,DESC medical_bio_lab 326
S0001413,E000710,maritime_port_equipment,DAP,air,201,pcs,INV968638,DESC maritime_port_equipment 483
S0001414,E000629,luxury_dual_use_consumer,DAP,air,292,pcs,INV985313,DESC luxury_dual_use_consumer 188
S0001415,E000156,maritime_port_equipment,CIF,air,18,L,INV468504,DESC maritime_port_equipment 194
S0001416,E000530,machine_tools,CIF,road,413,kg,INV351332,DESC machine_tools 614
S0001417,E000492,aerospace_uas_avionics,DAP,sea,255,pcs,INV394218,DESC aerospace_uas_avionics 112
S0001418,E001344,chemicals_precursors,CIF,air,432,pcs,INV600428,DESC chemicals_precursors 632
S0001419,E001637,energy_equipment,DAP,road,37,pcs,INV293498,DESC energy_equipment 723
S0001420,E001327,machine_tools,CIF,sea,43,kg,INV285842,DESC machine_tools 806
S0001421,E000230,machine_tools,FOB,sea,326,L,INV427622,DESC machine_tools 79
S0001422,E000743,machine_tools,FOB,air,463,kg,INV707498,DESC machine_tools 382
S0001423,E001420,aerospace_uas_avionics,CIF,sea,254,kg,INV697230,DESC aerospace_uas_avionics 538
S0001424,E000270,energy_equipment,FOB,air,264,kg,INV316219,DESC energy_equipment 118
S0001425,E001876,chemicals_precursors,CIF,air,415,L,INV306374,DESC chemicals_precursors 494
S0001426,E000278,aerospace_uas_avionics,CIF,air,345,pcs,INV628606,DESC aerospace_uas_avionics 686
S0001427,E001473,energy_equipment,DAP,road,14,kg,INV225253,DESC energy_equipment 267
S0001428,E000557,machine_tools,FOB,air,476,kg,INV826002,DESC machine_tools 977
S0001429,E000498,luxury_dual_use_consumer,FOB,sea,318,kg,INV110957,DESC luxury_dual_use_consumer 237
S0001430,E000242,chemicals_precursors,DAP,air,321,kg,INV868457,DESC chemicals_precursors 419
S0001431,E000585,medical_bio_lab,CIF,sea,57,kg,INV834719,DESC medical_bio_lab 755
S0001432,E001696,energy_equipment,DAP,road,58,L,INV527359,DESC energy_equipment 455
S0001433,E001526,maritime_port_equipment,FOB,road,407,kg,INV167881,DESC maritime_port_equipment 305
S0001434,E001570,aerospace_uas_avionics,CIF,sea,376,pcs,INV909314,DESC aerospace_uas_avionics 4
S0001435,E001302,aerospace_uas_avionics,CIF,sea,223,pcs,INV445916,DESC aerospace_uas_avionics 757
S0001436,E000603,machine_tools,DAP,air,311,pcs,INV457879,DESC machine_tools 110
S0001437,E001848,aerospace_uas_avionics,DAP,air,471,kg,INV437218,DESC aerospace_uas_avionics 246
S0001438,E000751,medical_bio_lab,FOB,sea,120,kg,INV137573,DESC medical_bio_lab 534
S0001439,E001182,medical_bio_lab,FOB,air,63,kg,INV660342,DESC medical_bio_lab 84
S0001440,E000309,maritime_port_equipment,FOB,sea,358,L,INV451172,DESC maritime_port_equipment 539
S0001441,E000211,luxury_dual_use_consumer,FOB,air,394,kg,INV878925,DESC luxury_dual_use_consumer 526
S0001442,E001300,aerospace_uas_avionics,CIF,road,428,kg,INV327633,DESC aerospace_uas_avionics 941
S0001443,E001184,energy_equipment,FOB,road,335,L,INV154596,DESC energy_equipment 589
S0001444,E001380,maritime_port_equipment,DAP,sea,136,pcs,INV172078,DESC maritime_port_equipment 311
S0001445,E001976,luxury_dual_use_consumer,FOB,road,224,kg,INV944247,DESC luxury_dual_use_consumer 813
S0001446,E000940,medical_bio_lab,FOB,road,359,pcs,INV653756,DESC medical_bio_lab 81
S0001447,E001138,machine_tools,DAP,sea,374,pcs,INV434051,DESC machine_tools 985
S0001448,E001707,chemicals_precursors,FOB,road,213,L,INV612183,DESC chemicals_precursors 133
S0001449,E000442,machine_tools,CIF,air,387,kg,INV530070,DESC machine_tools 912
S0001450,E001039,maritime_port_equipment,DAP,sea,162,kg,INV972598,DESC maritime_port_equipment 683
S0001451,E001762,maritime_port_equipment,DAP,air,339,pcs,INV566082,DESC maritime_port_equipment 293
S0001452,E001939,energy_equipment,CIF,road,39,pcs,INV204584,DESC energy_equipment 750
S0001453,E000293,aerospace_uas_avionics,DAP,road,451,L,INV272590,DESC aerospace_uas_avionics 411
S0001454,E000346,chemicals_precursors,CIF,sea,353,L,INV405953,DESC chemicals_precursors 20
S0001455,E001514,machine_tools,CIF,sea,132,L,INV412871,DESC machine_tools 463
S0001456,E001451,machine_tools,DAP,air,245,pcs,INV266666,DESC machine_tools 238
S0001457,E001730,machine_tools,CIF,road,73,L,INV559712,DESC machine_tools 33
S0001458,E001182,energy_equipment,FOB,air,462,pcs,INV314156,DESC energy_equipment 38
S0001459,E000782,aerospace_uas_avionics,CIF,air,256,pcs,INV570168,DESC aerospace_uas_avionics 961
S0001460,E000875,luxury_dual_use_consumer,CIF,sea,268,kg,INV719198,DESC luxury_dual_use_consumer 802
S0001461,E000308,luxury_dual_use_consumer,FOB,air,41,pcs,INV744664,DESC luxury_dual_use_consumer 958
S0001462,E000104,machine_tools,FOB,air,168,pcs,INV877197,DESC machine_tools 412
S0001463,E001798,medical_bio_lab,DAP,air,485,L,INV540180,DESC medical_bio_lab 661
S0001464,E001548,maritime_port_equipment,CIF,air,220,L,INV183041,DESC maritime_port_equipment 144
S0001465,E001294,machine_tools,DAP,air,8,pcs,INV145902,DESC machine_tools 794
S0001466,E001822,medical_bio_lab,CIF,air,205,kg,INV785362,DESC medical_bio_lab 768
S0001467,E000485,machine_tools,FOB,air,293,pcs,INV837121,DESC machine_tools 155
S0001468,E001784,medical_bio_lab,CIF,sea,177,L,INV418269,DESC medical_bio_lab 486
S0001469,E001386,luxury_dual_use_consumer,FOB,sea,23,L,INV759424,DESC luxury_dual_use_consumer 253
S0001470,E001378,energy_equipment,DAP,road,124,pcs,INV907965,DESC energy_equipment 470
S0001471,E001567,machine_tools,CIF,road,424,kg,INV953420,DESC machine_tools 395
S0001472,E000558,aerospace_uas_avionics,DAP,air,199,pcs,INV600566,DESC aerospace_uas_avionics 876
S0001473,E001998,aerospace_uas_avionics,CIF,road,383,L,INV427820,DESC aerospace_uas_avionics 764
S0001474,E000020,machine_tools,CIF,air,363,L,INV336937,DESC machine_tools 412
S0001475,E001821,luxury_dual_use_consumer,DAP,sea,481,pcs,INV568737,DESC luxury_dual_use_consumer 632
S0001476,E001329,maritime_port_equipment,DAP,road,392,kg,INV473347,DESC maritime_port_equipment 714
S0001477,E001891,medical_bio_lab,DAP,road,478,kg,INV169329,DESC medical_bio_lab 205
S0001478,E000284,medical_bio_lab,CIF,road,439,kg,INV260493,DESC medical_bio_lab 778
S0001479,E000079,maritime_port_equipment,CIF,road,367,pcs,INV712041,DESC maritime_port_equipment 54
S0001480,E001164,luxury_dual_use_consumer,FOB,road,329,pcs,INV308943,DESC luxury_dual_use_consumer 633
S0001481,E001160,energy_equipment,DAP,road,138,kg,INV158641,DESC energy_equipment 751
S0001482,E001674,machine_tools,DAP,road,428,pcs,INV459694,DESC machine_tools 233
S0001483,E000024,maritime_port_equipment,FOB,sea,135,L,INV831512,DESC maritime_port_equipment 964
S0001484,E000930,chemicals_precursors,CIF,sea,169,kg,INV473001,DESC chemicals_precursors 109
S0001485,E001158,machine_tools,CIF,air,11,pcs,INV516530,DESC machine_tools 245
S0001486,E000013,chemicals_precursors,CIF,road,340,pcs,INV475314,DESC chemicals_precursors 583
S0001487,E001088,medical_bio_lab,FOB,air,279,kg,INV996611,DESC medical_bio_lab 585
S0001488,E001525,aerospace_uas_avionics,CIF,sea,163,kg,INV244372,DESC aerospace_uas_avionics 308
S0001489,E001362,luxury_dual_use_consumer,DAP,road,267,pcs,INV403564,DESC luxury_dual_use_consumer 888
S0001490,E001395,energy_equipment,CIF,sea,104,pcs,INV455225,DESC energy_equipment 545
S0001491,E000822,luxury_dual_use_consumer,DAP,road,221,kg,INV124112,DESC luxury_dual_use_consumer 888
S0001492,E001255,luxury_dual_use_consumer,FOB,road,373,kg,INV701906,DESC luxury_dual_use_consumer 906
S0001493,E001478,medical_bio_lab,DAP,road,481,L,INV545106,DESC medical_bio_lab 668
S0001494,E000195,machine_tools,FOB,road,213,pcs,INV320773,DESC machine_tools 208
S0001495,E000032,energy_equipment,CIF,road,161,pcs,INV168910,DESC energy_equipment 947
S0001496,E001283,energy_equipment,FOB,road,146,L,INV751218,DESC energy_equipment 550
S0001497,E000811,machine_tools,DAP,road,218,pcs,INV729094,DESC machine_tools 67
S0001498,E000927,luxury_dual_use_consumer,CIF,sea,189,L,INV130128,DESC luxury_dual_use_consumer 911
S0001499,E000013,chemicals_precursors,DAP,sea,480,L,INV767787,DESC chemicals_precursors 755
S0001500,E001941,chemicals_precursors,FOB,air,397,kg,INV333028,DESC chemicals_precursors 695
S0001501,E001069,aerospace_uas_avionics,DAP,sea,27,L,INV344457,DESC aerospace_uas_avionics 262
S0001502,E001886,maritime_port_equipment,FOB,sea,249,L,INV775001,DESC maritime_port_equipment 796
S0001503,E000469,chemicals_precursors,DAP,air,14,L,INV488811,DESC chemicals_precursors 632
S0001504,E001052,medical_bio_lab,DAP,air,148,kg,INV906092,DESC medical_bio_lab 566
S0001505,E001347,maritime_port_equipment,FOB,sea,356,L,INV653177,DESC maritime_port_equipment 742
S0001506,E000275,energy_equipment,FOB,road,383,pcs,INV769380,DESC energy_equipment 293
S0001507,E000149,machine_tools,DAP,sea,306,kg,INV836032,DESC machine_tools 669
S0001508,E001494,medical_bio_lab,DAP,road,474,L,INV609427,DESC medical_bio_lab 113
S0001509,E001106,energy_equipment,FOB,sea,329,kg,INV427670,DESC energy_equipment 933
S0001510,E000562,luxury_dual_use_consumer,DAP,road,485,L,INV916074,DESC luxury_dual_use_consumer 433
S0001511,E001581,machine_tools,CIF,sea,481,pcs,INV706332,DESC machine_tools 537
S0001512,E000258,machine_tools,FOB,air,452,pcs,INV294451,DESC machine_tools 287
S0001513,E001555,maritime_port_equipment,CIF,road,318,kg,INV715811,DESC maritime_port_equipment 895
S0001514,E001605,maritime_port_equipment,DAP,sea,485,kg,INV560515,DESC maritime_port_equipment 502
S0001515,E000125,medical_bio_lab,DAP,air,468,kg,INV941350,DESC medical_bio_lab 995
S0001516,E001314,medical_bio_lab,DAP,air,282,pcs,INV814050,DESC medical_bio_lab 50
S0001517,E000060,chemicals_precursors,DAP,air,113,pcs,INV504327,DESC chemicals_precursors 673
S0001518,E001470,machine_tools,FOB,air,92,L,INV792548,DESC machine_tools 211
S0001519,E001905,medical_bio_lab,DAP,sea,294,kg,INV468201,DESC medical_bio_lab 351
S0001520,E000271,machine_tools,FOB,road,424,L,INV674751,DESC machine_tools 728
S0001521,E000206,chemicals_precursors,FOB,air,419,pcs,INV938699,DESC chemicals_precursors 310
S0001522,E000750,aerospace_uas_avionics,DAP,sea,280,L,INV939912,DESC aerospace_uas_avionics 24
S0001523,E001849,maritime_port_equipment,CIF,air,272,kg,INV915010,DESC maritime_port_equipment 541
S0001524,E001874,aerospace_uas_avionics,DAP,road,484,L,INV733168,DESC aerospace_uas_avionics 8
S0001525,E001338,medical_bio_lab,CIF,road,63,kg,INV624258,DESC medical_bio_lab 92
S0001526,E001870,medical_bio_lab,DAP,sea,286,kg,INV142080,DESC medical_bio_lab 529
S0001527,E001674,medical_bio_lab,CIF,sea,221,L,INV604061,DESC medical_bio_lab 550
S0001528,E001254,medical_bio_lab,FOB,sea,268,kg,INV224918,DESC medical_bio_lab 589
S0001529,E001560,maritime_port_equipment,FOB,air,457,L,INV653321,DESC maritime_port_equipment 931
S0001530,E000438,medical_bio_lab,DAP,air,379,kg,INV780186,DESC medical_bio_lab 258
S0001531,E001129,aerospace_uas_avionics,CIF,sea,278,pcs,INV650572,DESC aerospace_uas_avionics 219
S0001532,E000335,luxury_dual_use_consumer,CIF,sea,245,L,INV585186,DESC luxury_dual_use_consumer 577
S0001533,E001289,energy_equipment,DAP,sea,71,kg,INV520910,DESC energy_equipment 713
S0001534,E001891,energy_equipment,CIF,sea,252,kg,INV756039,DESC energy_equipment 995
S0001535,E000088,maritime_port_equipment,DAP,air,443,kg,INV831040,DESC maritime_port_equipment 362
S0001536,E000095,aerospace_uas_avionics,FOB,air,95,pcs,INV385468,DESC aerospace_uas_avionics 387
S0001537,E001774,luxury_dual_use_consumer,FOB,road,496,pcs,INV642746,DESC luxury_dual_use_consumer 890
S0001538,E000929,medical_bio_lab,FOB,sea,158,pcs,INV968538,DESC medical_bio_lab 679
S0001539,E000552,energy_equipment,DAP,air,33,pcs,INV106111,DESC energy_equipment 593
S0001540,E001204,medical_bio_lab,FOB,road,463,L,INV728968,DESC medical_bio_lab 319
S0001541,E000911,luxury_dual_use_consumer,CIF,sea,301,pcs,INV345769,DESC luxury_dual_use_consumer 960
S0001542,E001722,machine_tools,FOB,air,440,L,INV285823,DESC machine_tools 141
S0001543,E000461,maritime_port_equipment,CIF,sea,222,pcs,INV412047,DESC maritime_port_equipment 993
S0001544,E001390,maritime_port_equipment,FOB,sea,430,pcs,INV514469,DESC maritime_port_equipment 247
S0001545,E001980,aerospace_uas_avionics,DAP,road,63,L,INV766827,DESC aerospace_uas_avionics 781
S0001546,E000711,machine_tools,FOB,sea,480,L,INV136873,DESC machine_tools 22
S0001547,E000620,medical_bio_lab,DAP,road,314,pcs,INV642836,DESC medical_bio_lab 491
S0001548,E000323,maritime_port_equipment,CIF,air,54,L,INV234833,DESC maritime_port_equipment 52
S0001549,E000589,machine_tools,FOB,sea,163,L,INV911296,DESC machine_tools 166
S0001550,E001620,machine_tools,CIF,air,318,L,INV685413,DESC machine_tools 45
S0001551,E000374,machine_tools,CIF,sea,29,kg,INV315637,DESC machine_tools 836
S0001552,E001899,chemicals_precursors,DAP,road,468,L,INV558820,DESC chemicals_precursors 321
S0001553,E000315,chemicals_precursors,FOB,air,220,pcs,INV712828,DESC chemicals_precursors 299
S0001554,E001440,machine_tools,DAP,road,152,L,INV540251,DESC machine_tools 483
S0001555,E000577,aerospace_uas_avionics,CIF,air,37,kg,INV357152,DESC aerospace_uas_avionics 720
S0001556,E001553,medical_bio_lab,CIF,road,473,L,INV408134,DESC medical_bio_lab 487
S0001557,E001960,machine_tools,DAP,air,389,L,INV286096,DESC machine_tools 317
S0001558,E000430,chemicals_precursors,CIF,sea,367,kg,INV549756,DESC chemicals_precursors 520
S0001559,E001330,luxury_dual_use_consumer,FOB,sea,417,L,INV182524,DESC luxury_dual_use_consumer 878
S0001560,E001070,maritime_port_equipment,DAP,sea,94,pcs,INV625380,DESC maritime_port_equipment 695
S0001561,E000458,aerospace_uas_avionics,DAP,air,335,L,INV794012,DESC aerospace_uas_avionics 816
S0001562,E000405,chemicals_precursors,CIF,road,246,pcs,INV530338,DESC chemicals_precursors 787
S0001563,E001198,medical_bio_lab,DAP,road,432,kg,INV164689,DESC medical_bio_lab 341
S0001564,E001407,aerospace_uas_avionics,DAP,sea,215,pcs,INV467670,DESC aerospace_uas_avionics 136
S0001565,E000974,maritime_port_equipment,CIF,sea,258,L,INV688236,DESC maritime_port_equipment 865
S0001566,E001465,maritime_port_equipment,CIF,air,210,pcs,INV419760,DESC maritime_port_equipment 159
S0001567,E001515,chemicals_precursors,DAP,sea,171,L,INV501598,DESC chemicals_precursors 761
S0001568,E000896,chemicals_precursors,DAP,sea,189,kg,INV176097,DESC chemicals_precursors 105
S0001569,E001272,maritime_port_equipment,FOB,air,484,kg,INV613622,DESC maritime_port_equipment 36
S0001570,E001373,maritime_port_equipment,FOB,sea,236,pcs,INV962144,DESC maritime_port_equipment 49
S0001571,E001610,machine_tools,DAP,air,117,L,INV667477,DESC machine_tools 785
S0001572,E001945,chemicals_precursors,DAP,road,65,kg,INV464876,DESC chemicals_precursors 806
S0001573,E001509,chemicals_precursors,DAP,road,134,L,INV112532,DESC chemicals_precursors 99
S0001574,E000092,medical_bio_lab,DAP,sea,111,L,INV597973,DESC medical_bio_lab 627
S0001575,E001706,energy_equipment,CIF,sea,238,pcs,INV972988,DESC energy_equipment 146
S0001576,E001193,chemicals_precursors,FOB,air,205,kg,INV342487,DESC chemicals_precursors 593
S0001577,E000659,medical_bio_lab,CIF,sea,90,L,INV159224,DESC medical_bio_lab 14
S0001578,E001583,maritime_port_equipment,CIF,road,9,kg,INV982861,DESC maritime_port_equipment 937
S0001579,E001707,energy_equipment,DAP,road,419,pcs,INV668529,DESC energy_equipment 126
S0001580,E000011,chemicals_precursors,FOB,road,29,kg,INV100060,DESC chemicals_precursors 915
S0001581,E001098,luxury_dual_use_consumer,CIF,air,91,pcs,INV793608,DESC luxury_dual_use_consumer 878
S0001582,E000400,maritime_port_equipment,DAP,road,160,pcs,INV335426,DESC maritime_port_equipment 401
S0001583,E000113,machine_tools,FOB,road,327,pcs,INV848822,DESC machine_tools 890
S0001584,E001372,machine_tools,CIF,road,351,L,INV718337,DESC machine_tools 841
S0001585,E000665,energy_equipment,CIF,air,200,pcs,INV291715,DESC energy_equipment 863
S0001586,E001744,maritime_port_equipment,CIF,road,477,pcs,INV932164,DESC maritime_port_equipment 341
S0001587,E000056,maritime_port_equipment,CIF,sea,168,kg,INV498900,DESC maritime_port_equipment 191
S0001588,E001584,aerospace_uas_avionics,CIF,road,68,pcs,INV718861,DESC aerospace_uas_avionics 56
S0001589,E000756,maritime_port_equipment,DAP,road,239,L,INV473209,DESC maritime_port_equipment 405
S0001590,E000524,chemicals_precursors,DAP,sea,100,L,INV435918,DESC chemicals_precursors 482
S0001591,E001985,machine_tools,FOB,sea,462,L,INV905316,DESC machine_tools 320
S0001592,E000161,luxury_dual_use_consumer,FOB,road,197,kg,INV719730,DESC luxury_dual_use_consumer 933
S0001593,E000683,medical_bio_lab,FOB,air,265,L,INV547995,DESC medical_bio_lab 776
S0001594,E000347,energy_equipment,FOB,road,360,L,INV530039,DESC energy_equipment 727
S0001595,E000905,machine_tools,DAP,sea,61,kg,INV241517,DESC machine_tools 821
S0001596,E000950,medical_bio_lab,FOB,sea,194,L,INV653784,DESC medical_bio_lab 498
S0001597,E001012,machine_tools,DAP,road,389,L,INV889399,DESC machine_tools 451
S0001598,E000428,luxury_dual_use_consumer,FOB,air,67,pcs,INV226332,DESC luxury_dual_use_consumer 293
S0001599,E000750,maritime_port_equipment,DAP,sea,159,kg,INV597163,DESC maritime_port_equipment 417
S0001600,E000899,machine_tools,DAP,road,60,kg,INV969416,DESC machine_tools 5
S0001601,E000134,chemicals_precursors,FOB,sea,6,pcs,INV264773,DESC chemicals_precursors 489
S0001602,E000729,machine_tools,FOB,sea,375,pcs,INV404490,DESC machine_tools 374
S0001603,E001588,energy_equipment,DAP,air,31,kg,INV536098,DESC energy_equipment 630
S0001604,E000154,aerospace_uas_avionics,DAP,air,35,kg,INV291220,DESC aerospace_uas_avionics 556
S0001605,E000315,machine_tools,FOB,air,3,pcs,INV950486,DESC machine_tools 674
S0001606,E001294,luxury_dual_use_consumer,DAP,sea,353,kg,INV535152,DESC luxury_dual_use_consumer 863
S0001607,E000328,machine_tools,FOB,sea,271,kg,INV991739,DESC machine_tools 846
S0001608,E001937,luxury_dual_use_consumer,DAP,air,469,kg,INV477539,DESC luxury_dual_use_consumer 181
S0001609,E000333,medical_bio_lab,FOB,road,1,kg,INV482321,DESC medical_bio_lab 125
S0001610,E001927,machine_tools,DAP,road,320,pcs,INV173849,DESC machine_tools 625
S0001611,E000772,machine_tools,FOB,road,419,pcs,INV494101,DESC machine_tools 835
S0001612,E001077,energy_equipment,CIF,road,326,L,INV614467,DESC energy_equipment 68
S0001613,E000082,maritime_port_equipment,FOB,road,86,L,INV167421,DESC maritime_port_equipment 184
S0001614,E000085,chemicals_precursors,DAP,road,475,L,INV223574,DESC chemicals_precursors 741
S0001615,E001648,aerospace_uas_avionics,DAP,sea,59,kg,INV859758,DESC aerospace_uas_avionics 91
S0001616,E000698,machine_tools,CIF,sea,366,L,INV680612,DESC machine_tools 731
S0001617,E001954,maritime_port_equipment,DAP,sea,13,kg,INV706021,DESC maritime_port_equipment 343
S0001618,E000987,chemicals_precursors,CIF,air,271,pcs,INV962932,DESC chemicals_precursors 911
S0001619,E001858,machine_tools,FOB,air,15,kg,INV534871,DESC machine_tools 780
S0001620,E000836,aerospace_uas_avionics,DAP,sea,361,pcs,INV688599,DESC aerospace_uas_avionics 480
S0001621,E000971,aerospace_uas_avionics,CIF,road,86,L,INV831358,DESC aerospace_uas_avionics 214
S0001622,E001293,energy_equipment,FOB,sea,343,kg,INV586622,DESC energy_equipment 497
S0001623,E000359,medical_bio_lab,DAP,air,192,pcs,INV696809,DESC medical_bio_lab 114
S0001624,E001863,energy_equipment,CIF,air,201,kg,INV181011,DESC energy_equipment 192
S0001625,E000606,energy_equipment,FOB,air,172,L,INV514198,DESC energy_equipment 420
S0001626,E001424,chemicals_precursors,FOB,road,360,pcs,INV307244,DESC chemicals_precursors 511
S0001627,E001055,medical_bio_lab,FOB,sea,79,kg,INV828658,DESC medical_bio_lab 522
S0001628,E000050,energy_equipment,FOB,road,330,kg,INV451592,DESC energy_equipment 913
S0001629,E001313,medical_bio_lab,DAP,sea,422,kg,INV512479,DESC medical_bio_lab 441
S0001630,E001187,luxury_dual_use_consumer,FOB,air,79,kg,INV751165,DESC luxury_dual_use_consumer 838
S0001631,E001713,medical_bio_lab,DAP,air,448,pcs,INV369328,DESC medical_bio_lab 23
S0001632,E001261,luxury_dual_use_consumer,CIF,air,163,pcs,INV905747,DESC luxury_dual_use_consumer 855
S0001633,E001818,luxury_dual_use_consumer,DAP,air,358,pcs,INV625782,DESC luxury_dual_use_consumer 351
S0001634,E001475,chemicals_precursors,CIF,air,16,kg,INV752490,DESC chemicals_precursors 301
S0001635,E001485,aerospace_uas_avionics,CIF,road,15,pcs,INV988140,DESC aerospace_uas_avionics 817
S0001636,E001293,luxury_dual_use_consumer,DAP,air,190,kg,INV725770,DESC luxury_dual_use_consumer 425
S0001637,E001081,maritime_port_equipment,CIF,sea,431,pcs,INV775753,DESC maritime_port_equipment 469
S0001638,E000175,energy_equipment,CIF,sea,484,L,INV868642,DESC energy_equipment 287
S0001639,E000500,maritime_port_equipment,CIF,air,176,pcs,INV758714,DESC maritime_port_equipment 930
S0001640,E001325,medical_bio_lab,FOB,sea,100,pcs,INV698290,DESC medical_bio_lab 578
S0001641,E000110,chemicals_precursors,DAP,road,490,pcs,INV523205,DESC chemicals_precursors 439
S0001642,E001828,luxury_dual_use_consumer,DAP,road,273,pcs,INV242653,DESC luxury_dual_use_consumer 772
S0001643,E000875,luxury_dual_use_consumer,DAP,road,41,pcs,INV130389,DESC luxury_dual_use_consumer 879
S0001644,E001125,maritime_port_equipment,DAP,road,39,kg,INV242978,DESC maritime_port_equipment 855
S0001645,E000360,energy_equipment,DAP,air,12,L,INV623951,DESC energy_equipment 711
S0001646,E000193,luxury_dual_use_consumer,CIF,air,259,pcs,INV234465,DESC luxury_dual_use_consumer 98
S0001647,E000823,aerospace_uas_avionics,FOB,sea,324,kg,INV101487,DESC aerospace_uas_avionics 156
S0001648,E000435,chemicals_precursors,FOB,sea,71,kg,INV334057,DESC chemicals_precursors 638
S0001649,E001331,machine_tools,CIF,sea,332,pcs,INV242500,DESC machine_tools 88
S0001650,E001479,chemicals_precursors,CIF,road,275,pcs,INV218691,DESC chemicals_precursors 526
S0001651,E001096,medical_bio_lab,FOB,air,259,kg,INV825269,DESC medical_bio_lab 930
S0001652,E000670,medical_bio_lab,FOB,road,210,L,INV513600,DESC medical_bio_lab 823
S0001653,E001098,maritime_port_equipment,CIF,road,230,kg,INV131285,DESC maritime_port_equipment 526
S0001654,E001125,luxury_dual_use_consumer,CIF,sea,373,L,INV593204,DESC luxury_dual_use_consumer 182
S0001655,E000379,medical_bio_lab,DAP,sea,112,kg,INV394549,DESC medical_bio_lab 928
S0001656,E001629,luxury_dual_use_consumer,FOB,air,169,pcs,INV477814,DESC luxury_dual_use_consumer 571
S0001657,E000131,medical_bio_lab,DAP,road,108,L,INV854639,DESC medical_bio_lab 300
S0001658,E000959,medical_bio_lab,CIF,road,363,kg,INV817000,DESC medical_bio_lab 520
S0001659,E001639,maritime_port_equipment,DAP,sea,140,pcs,INV576702,DESC maritime_port_equipment 381
S0001660,E001315,machine_tools,CIF,road,239,kg,INV761272,DESC machine_tools 599
S0001661,E001696,luxury_dual_use_consumer,CIF,air,4,kg,INV137302,DESC luxury_dual_use_consumer 677
S0001662,E000808,aerospace_uas_avionics,DAP,road,390,pcs,INV642273,DESC aerospace_uas_avionics 916
S0001663,E000897,medical_bio_lab,CIF,air,304,L,INV864614,DESC medical_bio_lab 749
S0001664,E000790,maritime_port_equipment,FOB,air,142,kg,INV295422,DESC maritime_port_equipment 82
S0001665,E001118,chemicals_precursors,DAP,air,6,pcs,INV716585,DESC chemicals_precursors 290
S0001666,E001317,luxury_dual_use_consumer,FOB,air,7,pcs,INV785569,DESC luxury_dual_use_consumer 111
S0001667,E000844,machine_tools,CIF,sea,363,kg,INV468704,DESC machine_tools 368
S0001668,E000121,energy_equipment,FOB,air,378,kg,INV386125,DESC energy_equipment 30
S0001669,E000231,chemicals_precursors,DAP,sea,290,pcs,INV754556,DESC chemicals_precursors 168
S0001670,E001206,energy_equipment,CIF,air,478,pcs,INV291463,DESC energy_equipment 603
S0001671,E001282,medical_bio_lab,DAP,sea,246,L,INV361131,DESC medical_bio_lab 861
S0001672,E000126,maritime_port_equipment,DAP,air,323,pcs,INV667514,DESC maritime_port_equipment 62
S0001673,E000893,energy_equipment,FOB,air,257,kg,INV563909,DESC energy_equipment 978
S0001674,E000307,machine_tools,DAP,road,368,kg,INV678831,DESC machine_tools 126
S0001675,E000929,machine_tools,DAP,sea,7,L,INV635581,DESC machine_tools 622
S0001676,E001733,energy_equipment,FOB,sea,51,pcs,INV566992,DESC energy_equipment 422
S0001677,E000839,medical_bio_lab,DAP,sea,79,kg,INV686293,DESC medical_bio_lab 183
S0001678,E000234,maritime_port_equipment,CIF,air,438,L,INV179897,DESC maritime_port_equipment 197
S0001679,E001867,chemicals_precursors,FOB,air,45,pcs,INV300937,DESC chemicals_precursors 533
S0001680,E001697,machine_tools,FOB,air,204,pcs,INV114356,DESC machine_tools 727
S0001681,E001538,machine_tools,CIF,road,333,kg,INV937178,DESC machine_tools 960
S0001682,E000880,maritime_port_equipment,CIF,road,266,kg,INV635512,DESC maritime_port_equipment 39
S0001683,E001170,luxury_dual_use_consumer,FOB,air,73,kg,INV689143,DESC luxury_dual_use_consumer 798
S0001684,E001553,medical_bio_lab,FOB,air,487,kg,INV946042,DESC medical_bio_lab 770
S0001685,E001164,chemicals_precursors,FOB,air,271,kg,INV872638,DESC chemicals_precursors 914
S0001686,E001787,chemicals_precursors,FOB,road,50,L,INV927571,DESC chemicals_precursors 83
S0001687,E001164,machine_tools,CIF,air,379,kg,INV343156,DESC machine_tools 436
S0001688,E000244,medical_bio_lab,FOB,air,324,L,INV483520,DESC medical_bio_lab 282
S0001689,E001936,energy_equipment,DAP,sea,258,kg,INV112952,DESC energy_equipment 649
S0001690,E000216,aerospace_uas_avionics,FOB,sea,2,L,INV522356,DESC aerospace_uas_avionics 260
S0001691,E000890,machine_tools,DAP,air,315,kg,INV272396,DESC machine_tools 794
S0001692,E001768,maritime_port_equipment,DAP,road,30,kg,INV929649,DESC maritime_port_equipment 460
S0001693,E001806,maritime_port_equipment,CIF,sea,465,L,INV615015,DESC maritime_port_equipment 468
S0001694,E000628,medical_bio_lab,DAP,road,433,pcs,INV318419,DESC medical_bio_lab 544
S0001695,E001564,chemicals_precursors,FOB,sea,459,L,INV319222,DESC chemicals_precursors 510
S0001696,E000119,luxury_dual_use_consumer,CIF,sea,98,kg,INV358724,DESC luxury_dual_use_consumer 815
S0001697,E000612,energy_equipment,CIF,sea,426,L,INV749703,DESC energy_equipment 991
S0001698,E001009,machine_tools,CIF,road,343,L,INV992040,DESC machine_tools 162
S0001699,E000202,energy_equipment,CIF,road,172,L,INV241763,DESC energy_equipment 26
S0001700,E000395,chemicals_precursors,CIF,sea,468,pcs,INV552669,DESC chemicals_precursors 598
S0001701,E001140,medical_bio_lab,DAP,road,181,kg,INV291975,DESC medical_bio_lab 765
S0001702,E000680,maritime_port_equipment,FOB,sea,255,kg,INV803844,DESC maritime_port_equipment 294
S0001703,E000417,aerospace_uas_avionics,DAP,road,362,L,INV735361,DESC aerospace_uas_avionics 2
S0001704,E000359,luxury_dual_use_consumer,FOB,air,353,L,INV295509,DESC luxury_dual_use_consumer 68
S0001705,E001434,medical_bio_lab,CIF,sea,456,pcs,INV953767,DESC medical_bio_lab 854
S0001706,E001442,maritime_port_equipment,FOB,air,434,kg,INV875068,DESC maritime_port_equipment 458
S0001707,E000175,luxury_dual_use_consumer,DAP,air,190,L,INV561207,DESC luxury_dual_use_consumer 115
S0001708,E001464,machine_tools,FOB,sea,305,pcs,INV766571,DESC machine_tools 399
S0001709,E000579,maritime_port_equipment,CIF,air,416,L,INV204499,DESC maritime_port_equipment 334
S0001710,E000446,maritime_port_equipment,DAP,air,187,pcs,INV485151,DESC maritime_port_equipment 78
S0001711,E000836,energy_equipment,CIF,road,126,kg,INV867667,DESC energy_equipment 815
S0001712,E000815,maritime_port_equipment,CIF,sea,466,L,INV102341,DESC maritime_port_equipment 898
S0001713,E000064,energy_equipment,CIF,air,198,L,INV252331,DESC energy_equipment 183
S0001714,E001278,maritime_port_equipment,CIF,sea,406,L,INV489036,DESC maritime_port_equipment 715
S0001715,E000529,aerospace_uas_avionics,CIF,road,413,L,INV281962,DESC aerospace_uas_avionics 226
S0001716,E001646,luxury_dual_use_consumer,FOB,air,63,pcs,INV326835,DESC luxury_dual_use_consumer 782
S0001717,E000201,luxury_dual_use_consumer,DAP,road,138,kg,INV509431,DESC luxury_dual_use_consumer 377
S0001718,E000718,medical_bio_lab,CIF,road,426,L,INV388895,DESC medical_bio_lab 235
S0001719,E000665,luxury_dual_use_consumer,DAP,road,213,kg,INV463545,DESC luxury_dual_use_consumer 524
S0001720,E000481,medical_bio_lab,CIF,sea,375,L,INV651227,DESC medical_bio_lab 954
S0001721,E001832,energy_equipment,FOB,air,373,L,INV413703,DESC energy_equipment 236
S0001722,E001927,luxury_dual_use_consumer,FOB,sea,364,kg,INV363238,DESC luxury_dual_use_consumer 675
S0001723,E001339,maritime_port_equipment,CIF,road,111,L,INV494078,DESC maritime_port_equipment 550
S0001724,E001775,luxury_dual_use_consumer,DAP,sea,167,kg,INV409331,DESC luxury_dual_use_consumer 996
S0001725,E001368,luxury_dual_use_consumer,DAP,sea,46,kg,INV714002,DESC luxury_dual_use_consumer 609
S0001726,E001644,chemicals_precursors,FOB,road,436,L,INV755470,DESC chemicals_precursors 901
S0001727,E001777,medical_bio_lab,DAP,air,284,L,INV878668,DESC medical_bio_lab 307
S0001728,E001687,medical_bio_lab,FOB,sea,332,L,INV325957,DESC medical_bio_lab 968
S0001729,E000431,medical_bio_lab,CIF,road,298,kg,INV713440,DESC medical_bio_lab 319
S0001730,E000168,machine_tools,DAP,sea,144,pcs,INV286969,DESC machine_tools 203
S0001731,E001289,machine_tools,CIF,sea,468,pcs,INV532937,DESC machine_tools 112
S0001732,E001072,chemicals_precursors,DAP,road,219,L,INV544115,DESC chemicals_precursors 164
S0001733,E001710,luxury_dual_use_consumer,DAP,air,215,L,INV429443,DESC luxury_dual_use_consumer 39
S0001734,E000713,luxury_dual_use_consumer,DAP,road,413,L,INV668778,DESC luxury_dual_use_consumer 614
S0001735,E001873,maritime_port_equipment,DAP,sea,67,pcs,INV731361,DESC maritime_port_equipment 862
S0001736,E000243,medical_bio_lab,CIF,road,24,L,INV516631,DESC medical_bio_lab 326
S0001737,E001054,energy_equipment,FOB,sea,314,kg,INV720710,DESC energy_equipment 899
S0001738,E000362,aerospace_uas_avionics,CIF,sea,369,pcs,INV754317,DESC aerospace_uas_avionics 907
S0001739,E001705,luxury_dual_use_consumer,CIF,sea,435,pcs,INV171213,DESC luxury_dual_use_consumer 133
S0001740,E001751,medical_bio_lab,FOB,road,366,pcs,INV717052,DESC medical_bio_lab 251
S0001741,E000621,maritime_port_equipment,CIF,air,489,pcs,INV962215,DESC maritime_port_equipment 236
S0001742,E001291,aerospace_uas_avionics,CIF,sea,448,kg,INV802311,DESC aerospace_uas_avionics 422
S0001743,E000553,chemicals_precursors,DAP,air,146,kg,INV787514,DESC chemicals_precursors 513
S0001744,E001568,machine_tools,FOB,road,125,L,INV309849,DESC machine_tools 444
S0001745,E001022,energy_equipment,DAP,road,281,pcs,INV423235,DESC energy_equipment 199
S0001746,E000305,medical_bio_lab,DAP,sea,371,L,INV923195,DESC medical_bio_lab 169
S0001747,E001285,energy_equipment,DAP,road,217,pcs,INV159645,DESC energy_equipment 946
S0001748,E001173,maritime_port_equipment,DAP,air,149,kg,INV452664,DESC maritime_port_equipment 364
S0001749,E000145,energy_equipment,FOB,air,211,pcs,INV941927,DESC energy_equipment 114
S0001750,E000673,medical_bio_lab,FOB,air,49,kg,INV655810,DESC medical_bio_lab 591
S0001751,E001270,medical_bio_lab,FOB,air,124,kg,INV683604,DESC medical_bio_lab 67
S0001752,E000506,chemicals_precursors,CIF,sea,92,kg,INV302058,DESC chemicals_precursors 276
S0001753,E001636,maritime_port_equipment,CIF,sea,309,L,INV352478,DESC maritime_port_equipment 943
S0001754,E001776,chemicals_precursors,FOB,air,272,L,INV854978,DESC chemicals_precursors 969
S0001755,E001102,maritime_port_equipment,DAP,air,463,pcs,INV231534,DESC maritime_port_equipment 847
S0001756,E000690,energy_equipment,CIF,air,259,L,INV940269,DESC energy_equipment 72
S0001757,E001098,machine_tools,FOB,road,396,kg,INV438340,DESC machine_tools 422
S0001758,E001379,machine_tools,DAP,road,228,pcs,INV454209,DESC machine_tools 181
S0001759,E000015,medical_bio_lab,FOB,sea,320,kg,INV603918,DESC medical_bio_lab 24
S0001760,E000255,machine_tools,FOB,road,108,pcs,INV590370,DESC machine_tools 888
S0001761,E001272,luxury_dual_use_consumer,CIF,road,79,kg,INV911743,DESC luxury_dual_use_consumer 331
S0001762,E001719,aerospace_uas_avionics,DAP,sea,43,kg,INV396432,DESC aerospace_uas_avionics 247
S0001763,E001489,aerospace_uas_avionics,FOB,sea,354,pcs,INV702116,DESC aerospace_uas_avionics 433
S0001764,E001369,energy_equipment,CIF,sea,2,kg,INV156434,DESC energy_equipment 755
S0001765,E000081,aerospace_uas_avionics,DAP,sea,458,L,INV731657,DESC aerospace_uas_avionics 769
S0001766,E000116,energy_equipment,DAP,sea,254,pcs,INV495232,DESC energy_equipment 292
S0001767,E000171,chemicals_precursors,FOB,sea,386,L,INV298798,DESC chemicals_precursors 547
S0001768,E001567,medical_bio_lab,CIF,sea,12,L,INV667551,DESC medical_bio_lab 96
S0001769,E000323,luxury_dual_use_consumer,DAP,road,112,kg,INV956058,DESC luxury_dual_use_consumer 867
S0001770,E000718,luxury_dual_use_consumer,DAP,air,313,kg,INV195473,DESC luxury_dual_use_consumer 694
S0001771,E000728,machine_tools,DAP,road,326,kg,INV404482,DESC machine_tools 746
S0001772,E000826,chemicals_precursors,FOB,road,445,L,INV580603,DESC chemicals_precursors 378
S0001773,E000172,chemicals_precursors,DAP,air,385,L,INV321186,DESC chemicals_precursors 234
S0001774,E000324,aerospace_uas_avionics,FOB,air,391,kg,INV630104,DESC aerospace_uas_avionics 345
S0001775,E000329,energy_equipment,DAP,sea,52,L,INV200247,DESC energy_equipment 740
S0001776,E000393,medical_bio_lab,CIF,sea,339,L,INV908548,DESC medical_bio_lab 301
S0001777,E000222,chemicals_precursors,CIF,road,110,kg,INV502576,DESC chemicals_precursors 20
S0001778,E001326,medical_bio_lab,FOB,air,332,L,INV662007,DESC medical_bio_lab 267
S0001779,E001233,chemicals_precursors,CIF,road,459,kg,INV508033,DESC chemicals_precursors 625
S0001780,E000010,medical_bio_lab,DAP,road,409,kg,INV333948,DESC medical_bio_lab 555
S0001781,E001361,chemicals_precursors,DAP,air,324,L,INV876601,DESC chemicals_precursors 790
S0001782,E000379,energy_equipment,CIF,sea,477,pcs,INV662941,DESC energy_equipment 434
S0001783,E000911,luxury_dual_use_consumer,CIF,road,194,pcs,INV885967,DESC luxury_dual_use_consumer 900
S0001784,E000150,machine_tools,CIF,sea,492,pcs,INV411445,DESC machine_tools 430
S0001785,E001708,machine_tools,DAP,air,65,L,INV817747,DESC machine_tools 388
S0001786,E000232,energy_equipment,DAP,sea,175,kg,INV872245,DESC energy_equipment 424
S0001787,E001029,aerospace_uas_avionics,FOB,air,84,kg,INV788765,DESC aerospace_uas_avionics 153
S0001788,E000275,machine_tools,DAP,sea,65,L,INV458920,DESC machine_tools 251
S0001789,E001960,machine_tools,CIF,road,421,L,INV268707,DESC machine_tools 869
S0001790,E001606,luxury_dual_use_consumer,FOB,air,17,L,INV969788,DESC luxury_dual_use_consumer 545
S0001791,E001172,energy_equipment,CIF,road,85,L,INV116136,DESC energy_equipment 703
S0001792,E000555,chemicals_precursors,FOB,road,441,kg,INV871009,DESC chemicals_precursors 547
S0001793,E000756,aerospace_uas_avionics,CIF,sea,320,L,INV222686,DESC aerospace_uas_avionics 422
S0001794,E000086,energy_equipment,DAP,road,375,kg,INV742323,DESC energy_equipment 259
S0001795,E001441,maritime_port_equipment,DAP,road,115,kg,INV670839,DESC maritime_port_equipment 108
S0001796,E001127,machine_tools,CIF,air,112,kg,INV344917,DESC machine_tools 505
S0001797,E001648,medical_bio_lab,FOB,road,32,pcs,INV486714,DESC medical_bio_lab 740
S0001798,E001280,aerospace_uas_avionics,CIF,air,468,kg,INV421964,DESC aerospace_uas_avionics 859
S0001799,E000757,maritime_port_equipment,DAP,sea,120,kg,INV875405,DESC maritime_port_equipment 631
S0001800,E001514,energy_equipment,DAP,air,466,L,INV272480,DESC energy_equipment 433
S0001801,E001754,medical_bio_lab,FOB,air,9,L,INV140687,DESC medical_bio_lab 955
S0001802,E000910,luxury_dual_use_consumer,DAP,air,331,L,INV917045,DESC luxury_dual_use_consumer 548
S0001803,E001813,chemicals_precursors,CIF,sea,488,pcs,INV487624,DESC chemicals_precursors 148
S0001804,E000189,aerospace_uas_avionics,DAP,air,284,kg,INV563581,DESC aerospace_uas_avionics 430
S0001805,E001951,aerospace_uas_avionics,CIF,road,233,L,INV446846,DESC aerospace_uas_avionics 5
S0001806,E000452,machine_tools,CIF,road,470,L,INV655110,DESC machine_tools 367
S0001807,E001901,maritime_port_equipment,FOB,sea,25,kg,INV170913,DESC maritime_port_equipment 104
S0001808,E001150,chemicals_precursors,DAP,road,423,kg,INV284435,DESC chemicals_precursors 248
S0001809,E001173,maritime_port_equipment,CIF,air,247,kg,INV332552,DESC maritime_port_equipment 816
S0001810,E001716,aerospace_uas_avionics,CIF,sea,448,pcs,INV642936,DESC aerospace_uas_avionics 77
S0001811,E000112,energy_equipment,FOB,sea,362,L,INV888802,DESC energy_equipment 327
S0001812,E000716,medical_bio_lab,FOB,sea,219,L,INV558696,DESC medical_bio_lab 496
S0001813,E000736,aerospace_uas_avionics,CIF,sea,125,L,INV668027,DESC aerospace_uas_avionics 767
S0001814,E001958,machine_tools,DAP,air,437,L,INV265870,DESC machine_tools 151
S0001815,E001170,energy_equipment,CIF,road,377,pcs,INV773284,DESC energy_equipment 654
S0001816,E001643,energy_equipment,CIF,road,247,L,INV768068,DESC energy_equipment 771
S0001817,E000868,aerospace_uas_avionics,CIF,sea,134,L,INV626684,DESC aerospace_uas_avionics 87
S0001818,E001771,energy_equipment,DAP,air,152,L,INV952276,DESC energy_equipment 116
S0001819,E000743,machine_tools,DAP,air,55,kg,INV155491,DESC machine_tools 464
S0001820,E001671,chemicals_precursors,FOB,sea,192,pcs,INV902650,DESC chemicals_precursors 629
S0001821,E001213,maritime_port_equipment,FOB,air,23,L,INV443790,DESC maritime_port_equipment 196
S0001822,E001958,machine_tools,FOB,air,108,kg,INV497879,DESC machine_tools 306
S0001823,E001487,machine_tools,CIF,sea,343,L,INV938932,DESC machine_tools 298
S0001824,E000912,energy_equipment,FOB,road,268,L,INV314342,DESC energy_equipment 652
S0001825,E001642,luxury_dual_use_consumer,FOB,air,385,L,INV921309,DESC luxury_dual_use_consumer 788
S0001826,E001195,luxury_dual_use_consumer,FOB,road,97,pcs,INV702430,DESC luxury_dual_use_consumer 627
S0001827,E001856,machine_tools,CIF,sea,261,L,INV135739,DESC machine_tools 655
S0001828,E001093,chemicals_precursors,CIF,air,457,pcs,INV922506,DESC chemicals_precursors 114
S0001829,E001898,chemicals_precursors,FOB,air,454,L,INV160033,DESC chemicals_precursors 243
S0001830,E001455,medical_bio_lab,DAP,air,205,kg,INV841740,DESC medical_bio_lab 573
S0001831,E000518,energy_equipment,CIF,air,320,kg,INV167656,DESC energy_equipment 64
S0001832,E001468,machine_tools,DAP,air,275,kg,INV868353,DESC machine_tools 395
S0001833,E000760,luxury_dual_use_consumer,CIF,air,337,L,INV286961,DESC luxury_dual_use_consumer 548
S0001834,E000884,machine_tools,CIF,air,225,pcs,INV376696,DESC machine_tools 802
S0001835,E001322,chemicals_precursors,DAP,air,350,kg,INV185918,DESC chemicals_precursors 929
S0001836,E001691,luxury_dual_use_consumer,DAP,sea,146,L,INV312978,DESC luxury_dual_use_consumer 320
S0001837,E001936,chemicals_precursors,DAP,air,9,pcs,INV149626,DESC chemicals_precursors 654
S0001838,E001618,aerospace_uas_avionics,CIF,air,220,pcs,INV420892,DESC aerospace_uas_avionics 53
S0001839,E001253,energy_equipment,DAP,road,21,L,INV925517,DESC energy_equipment 871
S0001840,E000089,machine_tools,DAP,road,105,L,INV648993,DESC machine_tools 155
S0001841,E001297,machine_tools,FOB,air,250,pcs,INV464709,DESC machine_tools 789
S0001842,E001374,aerospace_uas_avionics,CIF,air,464,kg,INV120145,DESC aerospace_uas_avionics 11
S0001843,E000845,aerospace_uas_avionics,FOB,road,92,L,INV372930,DESC aerospace_uas_avionics 55
S0001844,E001316,medical_bio_lab,CIF,sea,269,L,INV480986,DESC medical_bio_lab 627
S0001845,E001144,aerospace_uas_avionics,FOB,road,197,L,INV222940,DESC aerospace_uas_avionics 316
S0001846,E000162,aerospace_uas_avionics,FOB,road,113,kg,INV877947,DESC aerospace_uas_avionics 492
S0001847,E001814,aerospace_uas_avionics,FOB,road,360,kg,INV600742,DESC aerospace_uas_avionics 59
S0001848,E000946,aerospace_uas_avionics,CIF,road,238,pcs,INV483488,DESC aerospace_uas_avionics 461
S0001849,E001870,maritime_port_equipment,FOB,sea,336,kg,INV579277,DESC maritime_port_equipment 180
S0001850,E000809,aerospace_uas_avionics,FOB,road,318,pcs,INV746818,DESC aerospace_uas_avionics 775
S0001851,E000777,aerospace_uas_avionics,FOB,air,224,pcs,INV696872,DESC aerospace_uas_avionics 290
S0001852,E000040,chemicals_precursors,FOB,road,191,pcs,INV489604,DESC chemicals_precursors 764
S0001853,E000629,machine_tools,DAP,road,491,pcs,INV344818,DESC machine_tools 30
S0001854,E000411,energy_equipment,DAP,road,382,L,INV490621,DESC energy_equipment 197
S0001855,E000376,aerospace_uas_avionics,FOB,sea,131,kg,INV302060,DESC aerospace_uas_avionics 784
S0001856,E000071,medical_bio_lab,CIF,sea,13,pcs,INV498832,DESC medical_bio_lab 912
S0001857,E001265,machine_tools,CIF,air,352,kg,INV972408,DESC machine_tools 94
S0001858,E000275,aerospace_uas_avionics,CIF,sea,21,L,INV151866,DESC aerospace_uas_avionics 603
S0001859,E000275,aerospace_uas_avionics,FOB,sea,49,kg,INV354971,DESC aerospace_uas_avionics 531
S0001860,E001630,luxury_dual_use_consumer,DAP,road,355,L,INV244296,DESC luxury_dual_use_consumer 778
S0001861,E001391,aerospace_uas_avionics,DAP,road,295,kg,INV534147,DESC aerospace_uas_avionics 137
S0001862,E000506,medical_bio_lab,FOB,sea,258,pcs,INV475000,DESC medical_bio_lab 951
S0001863,E001686,aerospace_uas_avionics,DAP,air,21,kg,INV714996,DESC aerospace_uas_avionics 956
S0001864,E000730,maritime_port_equipment,CIF,road,334,L,INV352115,DESC maritime_port_equipment 885
S0001865,E000904,aerospace_uas_avionics,FOB,sea,127,kg,INV319228,DESC aerospace_uas_avionics 725
S0001866,E000158,aerospace_uas_avionics,CIF,sea,393,kg,INV791229,DESC aerospace_uas_avionics 925
S0001867,E001259,medical_bio_lab,CIF,road,28,kg,INV805685,DESC medical_bio_lab 712
S0001868,E000627,medical_bio_lab,FOB,sea,228,pcs,INV433466,DESC medical_bio_lab 127
S0001869,E000389,aerospace_uas_avionics,CIF,sea,233,L,INV420869,DESC aerospace_uas_avionics 767
S0001870,E000007,luxury_dual_use_consumer,FOB,sea,467,pcs,INV260956,DESC luxury_dual_use_consumer 740
S0001871,E001616,energy_equipment,FOB,air,288,pcs,INV947747,DESC energy_equipment 465
S0001872,E001213,luxury_dual_use_consumer,DAP,sea,9,pcs,INV617118,DESC luxury_dual_use_consumer 916
S0001873,E000437,luxury_dual_use_consumer,FOB,sea,221,pcs,INV624006,DESC luxury_dual_use_consumer 162
S0001874,E001793,maritime_port_equipment,CIF,sea,490,L,INV396713,DESC maritime_port_equipment 56
S0001875,E001415,maritime_port_equipment,FOB,sea,315,pcs,INV469397,DESC maritime_port_equipment 506
S0001876,E000416,energy_equipment,CIF,air,236,L,INV305253,DESC energy_equipment 958
S0001877,E001720,machine_tools,DAP,air,373,kg,INV807089,DESC machine_tools 354
S0001878,E000965,aerospace_uas_avionics,CIF,road,146,L,INV410140,DESC aerospace_uas_avionics 859
S0001879,E001493,maritime_port_equipment,DAP,road,23,pcs,INV475321,DESC maritime_port_equipment 247
S0001880,E001217,medical_bio_lab,FOB,sea,365,kg,INV528312,DESC medical_bio_lab 417
S0001881,E000066,chemicals_precursors,DAP,sea,399,kg,INV598962,DESC chemicals_precursors 656
S0001882,E000065,energy_equipment,CIF,air,189,L,INV694133,DESC energy_equipment 811
S0001883,E000903,chemicals_precursors,DAP,road,342,pcs,INV247244,DESC chemicals_precursors 139
S0001884,E000376,chemicals_precursors,FOB,air,371,pcs,INV179916,DESC chemicals_precursors 67
S0001885,E000251,aerospace_uas_avionics,FOB,sea,337,kg,INV525051,DESC aerospace_uas_avionics 262
S0001886,E001103,luxury_dual_use_consumer,FOB,road,436,pcs,INV733026,DESC luxury_dual_use_consumer 45
S0001887,E000476,maritime_port_equipment,CIF,road,359,kg,INV537635,DESC maritime_port_equipment 132
S0001888,E001835,luxury_dual_use_consumer,FOB,air,339,kg,INV827393,DESC luxury_dual_use_consumer 997
S0001889,E001038,energy_equipment,DAP,road,319,L,INV614774,DESC energy_equipment 361
S0001890,E001437,medical_bio_lab,CIF,air,428,kg,INV166221,DESC medical_bio_lab 644
S0001891,E000782,energy_equipment,CIF,road,57,pcs,INV709428,DESC energy_equipment 709
S0001892,E000255,chemicals_precursors,CIF,air,202,kg,INV739536,DESC chemicals_precursors 978
S0001893,E000322,machine_tools,FOB,air,28,kg,INV235088,DESC machine_tools 852
S0001894,E001789,luxury_dual_use_consumer,FOB,road,82,L,INV649064,DESC luxury_dual_use_consumer 963
S0001895,E000086,maritime_port_equipment,CIF,road,337,pcs,INV179763,DESC maritime_port_equipment 365
S0001896,E000878,medical_bio_lab,CIF,road,53,kg,INV279450,DESC medical_bio_lab 128
S0001897,E000879,luxury_dual_use_consumer,FOB,sea,218,L,INV110215,DESC luxury_dual_use_consumer 343
S0001898,E001903,energy_equipment,FOB,air,221,L,INV121190,DESC energy_equipment 106
S0001899,E000656,medical_bio_lab,DAP,road,372,L,INV108282,DESC medical_bio_lab 720
S0001900,E000125,aerospace_uas_avionics,CIF,sea,485,kg,INV572626,DESC aerospace_uas_avionics 605
S0001901,E000314,aerospace_uas_avionics,CIF,sea,363,L,INV944659,DESC aerospace_uas_avionics 651
S0001902,E001653,chemicals_precursors,DAP,road,476,L,INV503078,DESC chemicals_precursors 195
S0001903,E001449,aerospace_uas_avionics,FOB,air,3,kg,INV535180,DESC aerospace_uas_avionics 111
S0001904,E000456,chemicals_precursors,CIF,air,40,pcs,INV170328,DESC chemicals_precursors 744
S0001905,E001016,energy_equipment,CIF,sea,51,L,INV686601,DESC energy_equipment 82
S0001906,E001239,medical_bio_lab,FOB,air,131,pcs,INV902847,DESC medical_bio_lab 28
S0001907,E001069,chemicals_precursors,FOB,sea,220,kg,INV236121,DESC chemicals_precursors 233
S0001908,E001299,medical_bio_lab,DAP,road,129,L,INV427066,DESC medical_bio_lab 365
S0001909,E001704,energy_equipment,CIF,air,243,pcs,INV571443,DESC energy_equipment 357
S0001910,E001134,machine_tools,DAP,air,352,L,INV767018,DESC machine_tools 778
S0001911,E001924,maritime_port_equipment,DAP,sea,402,pcs,INV727551,DESC maritime_port_equipment 571
S0001912,E000138,machine_tools,FOB,sea,246,kg,INV952136,DESC machine_tools 85
S0001913,E000765,maritime_port_equipment,FOB,air,73,kg,INV943077,DESC maritime_port_equipment 877
S0001914,E001541,luxury_dual_use_consumer,FOB,road,126,pcs,INV358642,DESC luxury_dual_use_consumer 239
S0001915,E000657,aerospace_uas_avionics,CIF,road,370,kg,INV188578,DESC aerospace_uas_avionics 909
S0001916,E001752,energy_equipment,DAP,road,447,pcs,INV499041,DESC energy_equipment 564
S0001917,E000538,aerospace_uas_avionics,DAP,air,353,L,INV560787,DESC aerospace_uas_avionics 269
S0001918,E000526,machine_tools,CIF,sea,222,pcs,INV244219,DESC machine_tools 431
S0001919,E000318,aerospace_uas_avionics,FOB,air,368,pcs,INV893981,DESC aerospace_uas_avionics 509
S0001920,E000474,energy_equipment,CIF,air,141,kg,INV438579,DESC energy_equipment 19
S0001921,E001973,chemicals_precursors,DAP,road,95,L,INV198457,DESC chemicals_precursors 189
S0001922,E001835,maritime_port_equipment,DAP,air,237,kg,INV744999,DESC maritime_port_equipment 489
S0001923,E000041,aerospace_uas_avionics,DAP,sea,360,L,INV932072,DESC aerospace_uas_avionics 361
S0001924,E001052,aerospace_uas_avionics,DAP,road,154,kg,INV770540,DESC aerospace_uas_avionics 367
S0001925,E001263,aerospace_uas_avionics,CIF,air,203,L,INV157759,DESC aerospace_uas_avionics 163
S0001926,E001992,machine_tools,FOB,road,213,kg,INV642164,DESC machine_tools 423
S0001927,E000519,energy_equipment,FOB,road,78,kg,INV883349,DESC energy_equipment 133
S0001928,E001372,aerospace_uas_avionics,FOB,sea,403,kg,INV230056,DESC aerospace_uas_avionics 293
S0001929,E001286,aerospace_uas_avionics,CIF,air,144,pcs,INV153358,DESC aerospace_uas_avionics 892
S0001930,E001196,chemicals_precursors,DAP,road,40,kg,INV718326,DESC chemicals_precursors 403
S0001931,E001305,aerospace_uas_avionics,CIF,sea,67,L,INV257120,DESC aerospace_uas_avionics 634
S0001932,E000844,energy_equipment,CIF,sea,206,kg,INV219327,DESC energy_equipment 418
S0001933,E001260,energy_equipment,FOB,air,58,L,INV228889,DESC energy_equipment 120
S0001934,E001574,luxury_dual_use_consumer,DAP,air,257,kg,INV674301,DESC luxury_dual_use_consumer 44
S0001935,E001358,aerospace_uas_avionics,FOB,air,73,pcs,INV530923,DESC aerospace_uas_avionics 482
S0001936,E001172,energy_equipment,CIF,road,474,L,INV334989,DESC energy_equipment 919
S0001937,E001279,aerospace_uas_avionics,CIF,road,464,kg,INV921738,DESC aerospace_uas_avionics 182
S0001938,E001833,machine_tools,DAP,air,164,L,INV979123,DESC machine_tools 978
S0001939,E001458,medical_bio_lab,CIF,air,310,kg,INV801703,DESC medical_bio_lab 752
S0001940,E001160,maritime_port_equipment,FOB,road,327,pcs,INV284690,DESC maritime_port_equipment 865
S0001941,E000629,maritime_port_equipment,DAP,road,428,kg,INV601752,DESC maritime_port_equipment 987
S0001942,E000102,medical_bio_lab,DAP,air,479,pcs,INV551063,DESC medical_bio_lab 255
S0001943,E000753,luxury_dual_use_consumer,DAP,road,60,pcs,INV793158,DESC luxury_dual_use_consumer 585
S0001944,E000641,energy_equipment,CIF,road,99,kg,INV716211,DESC energy_equipment 930
S0001945,E001058,chemicals_precursors,FOB,air,133,pcs,INV139952,DESC chemicals_precursors 453
S0001946,E001738,machine_tools,CIF,air,153,kg,INV155161,DESC machine_tools 691
S0001947,E001644,energy_equipment,CIF,air,196,kg,INV589732,DESC energy_equipment 213
S0001948,E001908,maritime_port_equipment,FOB,road,211,L,INV819939,DESC maritime_port_equipment 219
S0001949,E000150,aerospace_uas_avionics,FOB,sea,253,pcs,INV559489,DESC aerospace_uas_avionics 752
S0001950,E001464,chemicals_precursors,CIF,sea,259,pcs,INV365355,DESC chemicals_precursors 71
S0001951,E001869,luxury_dual_use_consumer,DAP,road,474,L,INV792850,DESC luxury_dual_use_consumer 19
S0001952,E000986,machine_tools,FOB,sea,12,pcs,INV609374,DESC machine_tools 206
S0001953,E001034,chemicals_precursors,CIF,road,392,pcs,INV761447,DESC chemicals_precursors 638
S0001954,E000163,machine_tools,FOB,road,16,L,INV600527,DESC machine_tools 159
S0001955,E001741,machine_tools,FOB,road,333,L,INV662757,DESC machine_tools 552
S0001956,E001884,maritime_port_equipment,DAP,road,233,kg,INV746221,DESC maritime_port_equipment 971
S0001957,E000525,chemicals_precursors,DAP,air,164,kg,INV502552,DESC chemicals_precursors 24
S0001958,E000852,chemicals_precursors,CIF,road,249,kg,INV832805,DESC chemicals_precursors 704
S0001959,E001883,energy_equipment,CIF,sea,296,L,INV877536,DESC energy_equipment 93
S0001960,E001747,machine_tools,DAP,road,314,pcs,INV300462,DESC machine_tools 501
S0001961,E001212,chemicals_precursors,DAP,sea,189,kg,INV807011,DESC chemicals_precursors 967
S0001962,E000335,medical_bio_lab,FOB,road,114,L,INV155135,DESC medical_bio_lab 359
S0001963,E001696,maritime_port_equipment,FOB,air,28,L,INV503419,DESC maritime_port_equipment 415
S0001964,E001569,machine_tools,DAP,road,273,pcs,INV381063,DESC machine_tools 770
S0001965,E001200,medical_bio_lab,DAP,air,410,pcs,INV299522,DESC medical_bio_lab 767
S0001966,E000231,energy_equipment,DAP,sea,461,L,INV541662,DESC energy_equipment 313
S0001967,E000928,medical_bio_lab,FOB,road,226,L,INV234165,DESC medical_bio_lab 962
S0001968,E000514,aerospace_uas_avionics,DAP,sea,40,kg,INV168721,DESC aerospace_uas_avionics 403
S0001969,E001699,machine_tools,FOB,air,81,pcs,INV184952,DESC machine_tools 740
S0001970,E001153,energy_equipment,DAP,road,100,L,INV917923,DESC energy_equipment 763
S0001971,E001611,aerospace_uas_avionics,DAP,road,414,kg,INV462080,DESC aerospace_uas_avionics 566
S0001972,E000631,luxury_dual_use_consumer,CIF,road,120,L,INV993307,DESC luxury_dual_use_consumer 827
S0001973,E001368,machine_tools,DAP,road,494,kg,INV547924,DESC machine_tools 258
S0001974,E001479,aerospace_uas_avionics,CIF,road,44,L,INV156590,DESC aerospace_uas_avionics 204
S0001975,E001997,aerospace_uas_avionics,DAP,road,39,kg,INV302488,DESC aerospace_uas_avionics 42
S0001976,E000143,machine_tools,DAP,road,52,kg,INV860714,DESC machine_tools 235
S0001977,E001245,aerospace_uas_avionics,DAP,sea,274,kg,INV902589,DESC aerospace_uas_avionics 14
S0001978,E000798,energy_equipment,CIF,road,334,kg,INV485389,DESC energy_equipment 223
S0001979,E001489,aerospace_uas_avionics,FOB,sea,398,pcs,INV523588,DESC aerospace_uas_avionics 798
S0001980,E000658,energy_equipment,DAP,sea,201,pcs,INV839665,DESC energy_equipment 368
S0001981,E000192,energy_equipment,FOB,road,411,kg,INV513374,DESC energy_equipment 942
S0001982,E001298,maritime_port_equipment,FOB,road,146,pcs,INV344224,DESC maritime_port_equipment 529
S0001983,E000459,machine_tools,CIF,sea,161,L,INV719134,DESC machine_tools 707
S0001984,E000646,machine_tools,DAP,road,314,pcs,INV676445,DESC machine_tools 964
S0001985,E000303,medical_bio_lab,FOB,air,208,kg,INV273994,DESC medical_bio_lab 101
S0001986,E000198,aerospace_uas_avionics,FOB,road,57,pcs,INV221924,DESC aerospace_uas_avionics 940
S0001987,E000730,maritime_port_equipment,CIF,air,91,L,INV939928,DESC maritime_port_equipment 890
S0001988,E001450,aerospace_uas_avionics,FOB,air,44,kg,INV516507,DESC aerospace_uas_avionics 317
S0001989,E001490,luxury_dual_use_consumer,CIF,road,57,L,INV659031,DESC luxury_dual_use_consumer 893
S0001990,E001361,luxury_dual_use_consumer,CIF,sea,97,L,INV231106,DESC luxury_dual_use_consumer 39
S0001991,E000090,chemicals_precursors,FOB,sea,121,L,INV216503,DESC chemicals_precursors 354
S0001992,E001613,aerospace_uas_avionics,CIF,air,443,pcs,INV101331,DESC aerospace_uas_avionics 40
S0001993,E000818,energy_equipment,DAP,sea,43,pcs,INV668771,DESC energy_equipment 962
S0001994,E001825,energy_equipment,DAP,road,68,L,INV388608,DESC energy_equipment 510
S0001995,E001896,maritime_port_equipment,CIF,sea,296,L,INV911370,DESC maritime_port_equipment 348
S0001996,E000837,maritime_port_equipment,FOB,sea,282,L,INV111493,DESC maritime_port_equipment 143
S0001997,E001184,luxury_dual_use_consumer,CIF,air,451,kg,INV523153,DESC luxury_dual_use_consumer 260
S0001998,E001985,maritime_port_equipment,FOB,road,179,kg,INV152779,DESC maritime_port_equipment 28
S0001999,E001236,aerospace_uas_avionics,DAP,air,235,kg,INV890677,DESC aerospace_uas_avionics 510
S0002000,E001302,machine_tools,FOB,air,61,L,INV274921,DESC machine_tools 766
S0002001,E000293,chemicals_precursors,DAP,road,388,kg,INV934845,DESC chemicals_precursors 462
S0002002,E000092,chemicals_precursors,CIF,air,172,kg,INV512105,DESC chemicals_precursors 572
S0002003,E001591,luxury_dual_use_consumer,FOB,sea,112,L,INV626771,DESC luxury_dual_use_consumer 498
S0002004,E000346,medical_bio_lab,DAP,sea,427,L,INV257945,DESC medical_bio_lab 190
S0002005,E000536,chemicals_precursors,DAP,sea,356,L,INV317122,DESC chemicals_precursors 57
S0002006,E001957,medical_bio_lab,CIF,sea,155,pcs,INV102738,DESC medical_bio_lab 79
S0002007,E000860,medical_bio_lab,FOB,air,424,L,INV199945,DESC medical_bio_lab 269
S0002008,E000823,luxury_dual_use_consumer,FOB,sea,429,L,INV512010,DESC luxury_dual_use_consumer 185
S0002009,E001525,machine_tools,CIF,air,182,kg,INV257144,DESC machine_tools 159
S0002010,E001622,aerospace_uas_avionics,DAP,air,355,pcs,INV552006,DESC aerospace_uas_avionics 153
S0002011,E000984,luxury_dual_use_consumer,FOB,road,3,pcs,INV559697,DESC luxury_dual_use_consumer 806
S0002012,E001503,chemicals_precursors,FOB,air,225,kg,INV144594,DESC chemicals_precursors 960
S0002013,E001238,machine_tools,CIF,sea,272,pcs,INV127347,DESC machine_tools 124
S0002014,E000484,luxury_dual_use_consumer,CIF,sea,30,L,INV803072,DESC luxury_dual_use_consumer 84
S0002015,E000436,maritime_port_equipment,CIF,air,198,L,INV948340,DESC maritime_port_equipment 47
S0002016,E000166,maritime_port_equipment,CIF,road,241,pcs,INV250085,DESC maritime_port_equipment 562
S0002017,E001695,energy_equipment,DAP,air,75,kg,INV282631,DESC energy_equipment 597
S0002018,E000114,maritime_port_equipment,CIF,road,351,L,INV332650,DESC maritime_port_equipment 875
S0002019,E001887,chemicals_precursors,CIF,road,116,pcs,INV654492,DESC chemicals_precursors 287
S0002020,E001919,medical_bio_lab,DAP,sea,207,kg,INV175620,DESC medical_bio_lab 630
S0002021,E000339,machine_tools,FOB,sea,483,pcs,INV467971,DESC machine_tools 120
S0002022,E001942,energy_equipment,CIF,sea,467,L,INV523549,DESC energy_equipment 849
S0002023,E001600,energy_equipment,CIF,road,454,L,INV882585,DESC energy_equipment 950
S0002024,E001052,chemicals_precursors,CIF,road,344,pcs,INV663649,DESC chemicals_precursors 784
S0002025,E001175,aerospace_uas_avionics,DAP,road,222,kg,INV691651,DESC aerospace_uas_avionics 491
S0002026,E000305,medical_bio_lab,FOB,sea,141,kg,INV165086,DESC medical_bio_lab 803
S0002027,E001557,medical_bio_lab,CIF,air,23,L,INV505244,DESC medical_bio_lab 375
S0002028,E001645,luxury_dual_use_consumer,DAP,sea,437,pcs,INV710702,DESC luxury_dual_use_consumer 988
S0002029,E001051,maritime_port_equipment,CIF,sea,215,L,INV764689,DESC maritime_port_equipment 918
S0002030,E001027,aerospace_uas_avionics,DAP,road,75,pcs,INV439613,DESC aerospace_uas_avionics 510
S0002031,E000301,aerospace_uas_avionics,FOB,air,338,L,INV978684,DESC aerospace_uas_avionics 534
S0002032,E001512,luxury_dual_use_consumer,FOB,road,380,L,INV275157,DESC luxury_dual_use_consumer 797
S0002033,E000562,machine_tools,FOB,air,121,kg,INV320616,DESC machine_tools 184
S0002034,E001051,energy_equipment,FOB,sea,291,kg,INV383769,DESC energy_equipment 388
S0002035,E001667,machine_tools,FOB,sea,378,L,INV820873,DESC machine_tools 573
S0002036,E000960,machine_tools,FOB,sea,146,kg,INV294679,DESC machine_tools 144
S0002037,E001338,medical_bio_lab,DAP,road,483,kg,INV853595,DESC medical_bio_lab 839
S0002038,E000435,aerospace_uas_avionics,DAP,sea,233,L,INV738409,DESC aerospace_uas_avionics 774
S0002039,E000812,chemicals_precursors,CIF,road,273,kg,INV214799,DESC chemicals_precursors 66
S0002040,E001984,luxury_dual_use_consumer,FOB,sea,153,L,INV148903,DESC luxury_dual_use_consumer 212
S0002041,E001361,maritime_port_equipment,CIF,sea,149,L,INV401489,DESC maritime_port_equipment 539
S0002042,E001369,medical_bio_lab,DAP,air,68,L,INV561596,DESC medical_bio_lab 582
S0002043,E000538,aerospace_uas_avionics,FOB,sea,116,pcs,INV730415,DESC aerospace_uas_avionics 425
S0002044,E000484,chemicals_precursors,FOB,road,279,kg,INV338229,DESC chemicals_precursors 209
S0002045,E001262,luxury_dual_use_consumer,CIF,air,117,L,INV889220,DESC luxury_dual_use_consumer 28
S0002046,E001052,machine_tools,CIF,sea,282,kg,INV356743,DESC machine_tools 57
S0002047,E001361,medical_bio_lab,DAP,road,167,L,INV583827,DESC medical_bio_lab 616
S0002048,E001959,medical_bio_lab,FOB,road,105,L,INV531866,DESC medical_bio_lab 538
S0002049,E000540,energy_equipment,DAP,air,286,kg,INV772510,DESC energy_equipment 996
S0002050,E001239,chemicals_precursors,DAP,sea,156,L,INV195024,DESC chemicals_precursors 917
S0002051,E000859,chemicals_precursors,FOB,air,211,L,INV373677,DESC chemicals_precursors 984
S0002052,E000219,medical_bio_lab,CIF,air,133,pcs,INV509398,DESC medical_bio_lab 974
S0002053,E001066,maritime_port_equipment,DAP,sea,67,kg,INV275586,DESC maritime_port_equipment 231
S0002054,E001761,maritime_port_equipment,DAP,air,277,kg,INV224568,DESC maritime_port_equipment 809
S0002055,E001866,luxury_dual_use_consumer,FOB,road,488,pcs,INV386872,DESC luxury_dual_use_consumer 606
S0002056,E000319,maritime_port_equipment,CIF,sea,54,pcs,INV443774,DESC maritime_port_equipment 815
S0002057,E000566,maritime_port_equipment,CIF,road,378,kg,INV904097,DESC maritime_port_equipment 590
S0002058,E000474,maritime_port_equipment,FOB,road,475,kg,INV428123,DESC maritime_port_equipment 801
S0002059,E000625,maritime_port_equipment,CIF,air,176,kg,INV150439,DESC maritime_port_equipment 940
S0002060,E000816,medical_bio_lab,DAP,sea,166,L,INV807338,DESC medical_bio_lab 35
S0002061,E001083,maritime_port_equipment,DAP,air,140,L,INV797035,DESC maritime_port_equipment 265
S0002062,E001577,luxury_dual_use_consumer,FOB,road,55,pcs,INV872067,DESC luxury_dual_use_consumer 383
S0002063,E000080,maritime_port_equipment,FOB,sea,133,kg,INV391131,DESC maritime_port_equipment 224
S0002064,E001921,aerospace_uas_avionics,FOB,air,96,L,INV640394,DESC aerospace_uas_avionics 883
S0002065,E000309,chemicals_precursors,DAP,road,481,kg,INV151277,DESC chemicals_precursors 948
S0002066,E000153,maritime_port_equipment,DAP,road,396,pcs,INV368460,DESC maritime_port_equipment 424
S0002067,E000305,machine_tools,DAP,road,299,kg,INV430334,DESC machine_tools 760
S0002068,E001068,energy_equipment,DAP,air,269,pcs,INV835036,DESC energy_equipment 726
S0002069,E000444,energy_equipment,DAP,road,43,kg,INV179762,DESC energy_equipment 934
S0002070,E001217,chemicals_precursors,CIF,sea,155,kg,INV424305,DESC chemicals_precursors 162
S0002071,E001101,medical_bio_lab,DAP,road,57,L,INV888800,DESC medical_bio_lab 623
S0002072,E001206,machine_tools,FOB,sea,323,L,INV508057,DESC machine_tools 386
S0002073,E000064,energy_equipment,CIF,sea,498,L,INV330399,DESC energy_equipment 956
S0002074,E001105,medical_bio_lab,DAP,road,357,kg,INV873913,DESC medical_bio_lab 553
S0002075,E000073,machine_tools,DAP,air,193,kg,INV323735,DESC machine_tools 335
S0002076,E000720,aerospace_uas_avionics,DAP,air,65,kg,INV173689,DESC aerospace_uas_avionics 937
S0002077,E001482,medical_bio_lab,CIF,sea,116,kg,INV308150,DESC medical_bio_lab 280
S0002078,E000704,energy_equipment,DAP,sea,257,pcs,INV403732,DESC energy_equipment 617
S0002079,E001420,maritime_port_equipment,DAP,road,253,L,INV905351,DESC maritime_port_equipment 489
S0002080,E001204,machine_tools,FOB,sea,362,L,INV339372,DESC machine_tools 449
S0002081,E001331,luxury_dual_use_consumer,FOB,air,444,kg,INV523692,DESC luxury_dual_use_consumer 758
S0002082,E000231,aerospace_uas_avionics,DAP,road,46,kg,INV468368,DESC aerospace_uas_avionics 983
S0002083,E001122,energy_equipment,FOB,sea,356,kg,INV958332,DESC energy_equipment 43
S0002084,E000604,chemicals_precursors,FOB,air,121,pcs,INV810035,DESC chemicals_precursors 469
S0002085,E000575,machine_tools,FOB,air,130,pcs,INV364248,DESC machine_tools 552
S0002086,E001262,chemicals_precursors,DAP,air,91,kg,INV671163,DESC chemicals_precursors 993
S0002087,E000064,machine_tools,DAP,air,386,L,INV450940,DESC machine_tools 974
S0002088,E000240,luxury_dual_use_consumer,CIF,road,17,kg,INV130687,DESC luxury_dual_use_consumer 153
S0002089,E000798,machine_tools,FOB,sea,367,kg,INV231616,DESC machine_tools 560
S0002090,E001150,energy_equipment,FOB,road,255,L,INV842593,DESC energy_equipment 48
S0002091,E000834,energy_equipment,DAP,road,211,L,INV535815,DESC energy_equipment 446
S0002092,E000212,maritime_port_equipment,FOB,air,476,pcs,INV858928,DESC maritime_port_equipment 72
S0002093,E001294,chemicals_precursors,DAP,sea,326,pcs,INV841276,DESC chemicals_precursors 286
S0002094,E001378,machine_tools,DAP,road,11,pcs,INV284937,DESC machine_tools 288
S0002095,E000797,energy_equipment,FOB,sea,466,kg,INV465612,DESC energy_equipment 394
S0002096,E000152,energy_equipment,DAP,sea,347,pcs,INV591851,DESC energy_equipment 274
S0002097,E000645,energy_equipment,FOB,road,225,kg,INV751027,DESC energy_equipment 260
S0002098,E000358,aerospace_uas_avionics,FOB,sea,89,L,INV927367,DESC aerospace_uas_avionics 232
S0002099,E000171,maritime_port_equipment,DAP,sea,478,pcs,INV340659,DESC maritime_port_equipment 378
S0002100,E000231,medical_bio_lab,CIF,sea,341,L,INV112169,DESC medical_bio_lab 226
S0002101,E000358,aerospace_uas_avionics,DAP,road,419,pcs,INV811876,DESC aerospace_uas_avionics 109
S0002102,E001448,machine_tools,FOB,road,396,L,INV314049,DESC machine_tools 966
S0002103,E001859,chemicals_precursors,CIF,road,379,kg,INV152955,DESC chemicals_precursors 815
S0002104,E001462,machine_tools,FOB,sea,337,kg,INV271509,DESC machine_tools 169
S0002105,E000829,machine_tools,FOB,air,428,kg,INV285460,DESC machine_tools 426
S0002106,E001533,chemicals_precursors,CIF,air,163,pcs,INV797641,DESC chemicals_precursors 933
S0002107,E001699,luxury_dual_use_consumer,FOB,road,84,L,INV899193,DESC luxury_dual_use_consumer 811
S0002108,E001708,medical_bio_lab,DAP,road,235,pcs,INV430908,DESC medical_bio_lab 700
S0002109,E001823,luxury_dual_use_consumer,CIF,air,370,kg,INV362923,DESC luxury_dual_use_consumer 396
S0002110,E000294,luxury_dual_use_consumer,FOB,sea,168,pcs,INV769404,DESC luxury_dual_use_consumer 149
S0002111,E001355,chemicals_precursors,FOB,road,342,kg,INV215809,DESC chemicals_precursors 401
S0002112,E000640,medical_bio_lab,DAP,road,339,L,INV839361,DESC medical_bio_lab 112
S0002113,E001938,luxury_dual_use_consumer,CIF,road,453,kg,INV876223,DESC luxury_dual_use_consumer 369
S0002114,E000880,maritime_port_equipment,DAP,air,483,kg,INV784775,DESC maritime_port_equipment 831
S0002115,E001762,medical_bio_lab,FOB,air,19,L,INV539631,DESC medical_bio_lab 867
S0002116,E001248,machine_tools,DAP,air,42,kg,INV840118,DESC machine_tools 779
S0002117,E000888,aerospace_uas_avionics,DAP,road,183,pcs,INV228991,DESC aerospace_uas_avionics 850
S0002118,E001182,medical_bio_lab,FOB,sea,164,pcs,INV101765,DESC medical_bio_lab 795
S0002119,E000139,machine_tools,DAP,road,458,L,INV851104,DESC machine_tools 395
S0002120,E000992,energy_equipment,CIF,air,27,pcs,INV722011,DESC energy_equipment 603
S0002121,E000574,luxury_dual_use_consumer,CIF,sea,91,kg,INV651936,DESC luxury_dual_use_consumer 993
S0002122,E001733,maritime_port_equipment,DAP,air,187,L,INV669663,DESC maritime_port_equipment 847
S0002123,E000701,machine_tools,FOB,air,368,kg,INV964964,DESC machine_tools 791
S0002124,E001687,maritime_port_equipment,FOB,road,147,L,INV177058,DESC maritime_port_equipment 214
S0002125,E000808,machine_tools,DAP,sea,439,kg,INV236153,DESC machine_tools 911
S0002126,E001611,machine_tools,DAP,road,249,L,INV247717,DESC machine_tools 524
S0002127,E001914,aerospace_uas_avionics,DAP,sea,104,kg,INV710086,DESC aerospace_uas_avionics 402
S0002128,E000326,maritime_port_equipment,DAP,road,456,kg,INV211242,DESC maritime_port_equipment 912
S0002129,E000436,maritime_port_equipment,CIF,road,369,pcs,INV306276,DESC maritime_port_equipment 565
S0002130,E001945,chemicals_precursors,FOB,air,160,L,INV673134,DESC chemicals_precursors 628
S0002131,E000701,energy_equipment,FOB,air,368,L,INV365186,DESC energy_equipment 146
S0002132,E000051,chemicals_precursors,CIF,road,222,pcs,INV546378,DESC chemicals_precursors 336
S0002133,E000028,chemicals_precursors,FOB,sea,136,L,INV102086,DESC chemicals_precursors 303
S0002134,E000637,machine_tools,FOB,air,12,pcs,INV873361,DESC machine_tools 399
S0002135,E000407,medical_bio_lab,FOB,sea,25,L,INV460811,DESC medical_bio_lab 776
S0002136,E001490,luxury_dual_use_consumer,DAP,sea,8,L,INV445571,DESC luxury_dual_use_consumer 459
S0002137,E000864,energy_equipment,FOB,sea,291,pcs,INV186865,DESC energy_equipment 598
S0002138,E001983,medical_bio_lab,DAP,sea,378,L,INV826829,DESC medical_bio_lab 87
S0002139,E001289,luxury_dual_use_consumer,DAP,sea,412,kg,INV623342,DESC luxury_dual_use_consumer 738
S0002140,E000466,luxury_dual_use_consumer,DAP,sea,261,L,INV146828,DESC luxury_dual_use_consumer 204
S0002141,E001722,chemicals_precursors,CIF,road,138,pcs,INV454728,DESC chemicals_precursors 280
S0002142,E001889,luxury_dual_use_consumer,DAP,sea,86,L,INV774551,DESC luxury_dual_use_consumer 452
S0002143,E001434,luxury_dual_use_consumer,CIF,air,484,kg,INV693890,DESC luxury_dual_use_consumer 406
S0002144,E000094,energy_equipment,DAP,air,433,kg,INV954366,DESC energy_equipment 4
S0002145,E001744,aerospace_uas_avionics,FOB,sea,262,L,INV152989,DESC aerospace_uas_avionics 681
S0002146,E001437,maritime_port_equipment,CIF,air,282,pcs,INV823317,DESC maritime_port_equipment 760
S0002147,E001095,aerospace_uas_avionics,CIF,air,62,L,INV835336,DESC aerospace_uas_avionics 610
S0002148,E001847,aerospace_uas_avionics,FOB,air,473,pcs,INV320978,DESC aerospace_uas_avionics 38
S0002149,E001511,chemicals_precursors,FOB,road,82,L,INV108590,DESC chemicals_precursors 343
S0002150,E000033,machine_tools,FOB,road,386,pcs,INV606220,DESC machine_tools 357
S0002151,E001728,maritime_port_equipment,DAP,road,490,pcs,INV624272,DESC maritime_port_equipment 350
S0002152,E000594,luxury_dual_use_consumer,DAP,sea,141,pcs,INV203329,DESC luxury_dual_use_consumer 646
S0002153,E000329,energy_equipment,DAP,road,160,L,INV383400,DESC energy_equipment 938
S0002154,E000687,energy_equipment,FOB,sea,150,pcs,INV141816,DESC energy_equipment 706
S0002155,E001545,medical_bio_lab,CIF,sea,485,L,INV299188,DESC medical_bio_lab 977
S0002156,E000872,machine_tools,FOB,sea,237,pcs,INV386111,DESC machine_tools 735
S0002157,E001204,medical_bio_lab,CIF,road,14,pcs,INV962506,DESC medical_bio_lab 905
S0002158,E000351,aerospace_uas_avionics,CIF,air,278,kg,INV774072,DESC aerospace_uas_avionics 339
S0002159,E001508,medical_bio_lab,CIF,sea,69,pcs,INV167649,DESC medical_bio_lab 49
S0002160,E001626,energy_equipment,CIF,air,461,kg,INV576103,DESC energy_equipment 720
S0002161,E001544,chemicals_precursors,DAP,sea,373,pcs,INV369140,DESC chemicals_precursors 982
S0002162,E000166,medical_bio_lab,DAP,sea,108,kg,INV678527,DESC medical_bio_lab 433
S0002163,E000371,energy_equipment,CIF,road,297,pcs,INV537813,DESC energy_equipment 780
S0002164,E000478,aerospace_uas_avionics,FOB,air,472,L,INV671208,DESC aerospace_uas_avionics 848
S0002165,E000455,luxury_dual_use_consumer,FOB,air,431,pcs,INV835743,DESC luxury_dual_use_consumer 230
S0002166,E001785,medical_bio_lab,DAP,air,240,L,INV998346,DESC medical_bio_lab 974
S0002167,E001898,maritime_port_equipment,FOB,air,418,pcs,INV983338,DESC maritime_port_equipment 332
S0002168,E000162,machine_tools,FOB,air,361,kg,INV380136,DESC machine_tools 623
S0002169,E001123,maritime_port_equipment,DAP,air,281,pcs,INV244223,DESC maritime_port_equipment 843
S0002170,E001728,maritime_port_equipment,CIF,air,214,kg,INV421827,DESC maritime_port_equipment 767
S0002171,E001922,energy_equipment,DAP,road,342,pcs,INV702415,DESC energy_equipment 335
S0002172,E001756,chemicals_precursors,CIF,sea,122,L,INV740487,DESC chemicals_precursors 593
S0002173,E001487,chemicals_precursors,FOB,road,8,pcs,INV818235,DESC chemicals_precursors 112
S0002174,E001905,machine_tools,CIF,road,285,pcs,INV681430,DESC machine_tools 996
S0002175,E000183,luxury_dual_use_consumer,DAP,sea,240,pcs,INV775582,DESC luxury_dual_use_consumer 807
S0002176,E000552,luxury_dual_use_consumer,DAP,sea,303,pcs,INV931278,DESC luxury_dual_use_consumer 340
S0002177,E001700,maritime_port_equipment,DAP,road,422,kg,INV601044,DESC maritime_port_equipment 761
S0002178,E000987,aerospace_uas_avionics,CIF,road,67,pcs,INV644825,DESC aerospace_uas_avionics 321
S0002179,E001570,energy_equipment,FOB,air,159,kg,INV775155,DESC energy_equipment 97
S0002180,E001225,chemicals_precursors,FOB,road,72,L,INV411102,DESC chemicals_precursors 245
S0002181,E001573,aerospace_uas_avionics,DAP,road,130,pcs,INV545312,DESC aerospace_uas_avionics 460
S0002182,E000614,luxury_dual_use_consumer,DAP,air,360,pcs,INV263970,DESC luxury_dual_use_consumer 75
S0002183,E001803,medical_bio_lab,CIF,road,224,kg,INV642760,DESC medical_bio_lab 242
S0002184,E001570,aerospace_uas_avionics,DAP,sea,213,pcs,INV304682,DESC aerospace_uas_avionics 948
S0002185,E000657,machine_tools,DAP,sea,39,kg,INV887500,DESC machine_tools 103
S0002186,E000776,maritime_port_equipment,CIF,road,205,L,INV706576,DESC maritime_port_equipment 901
S0002187,E001292,medical_bio_lab,CIF,sea,101,kg,INV119058,DESC medical_bio_lab 207
S0002188,E001835,maritime_port_equipment,DAP,sea,472,L,INV343416,DESC maritime_port_equipment 223
S0002189,E000932,maritime_port_equipment,DAP,sea,416,L,INV274534,DESC maritime_port_equipment 662
S0002190,E000069,aerospace_uas_avionics,DAP,road,261,L,INV116053,DESC aerospace_uas_avionics 268
S0002191,E001613,luxury_dual_use_consumer,CIF,sea,495,kg,INV570576,DESC luxury_dual_use_consumer 865
S0002192,E000500,luxury_dual_use_consumer,CIF,road,439,L,INV707077,DESC luxury_dual_use_consumer 938
S0002193,E000877,luxury_dual_use_consumer,DAP,road,399,pcs,INV150291,DESC luxury_dual_use_consumer 624
S0002194,E000443,aerospace_uas_avionics,CIF,sea,262,pcs,INV421363,DESC aerospace_uas_avionics 133
S0002195,E000935,chemicals_precursors,DAP,sea,4,kg,INV462730,DESC chemicals_precursors 339
S0002196,E000654,medical_bio_lab,CIF,air,42,L,INV987127,DESC medical_bio_lab 242
S0002197,E001535,luxury_dual_use_consumer,CIF,road,420,L,INV854421,DESC luxury_dual_use_consumer 473
S0002198,E001912,luxury_dual_use_consumer,CIF,sea,310,L,INV530654,DESC luxury_dual_use_consumer 727
S0002199,E001104,maritime_port_equipment,FOB,air,19,L,INV436743,DESC maritime_port_equipment 892
S0002200,E000265,medical_bio_lab,FOB,air,78,kg,INV923080,DESC medical_bio_lab 383
S0002201,E001899,energy_equipment,FOB,road,465,kg,INV819600,DESC energy_equipment 816
S0002202,E000604,maritime_port_equipment,FOB,road,21,L,INV695906,DESC maritime_port_equipment 634
S0002203,E001575,aerospace_uas_avionics,DAP,road,449,L,INV660935,DESC aerospace_uas_avionics 255
S0002204,E001460,luxury_dual_use_consumer,FOB,sea,445,L,INV984245,DESC luxury_dual_use_consumer 309
S0002205,E001035,maritime_port_equipment,DAP,road,305,L,INV668261,DESC maritime_port_equipment 867
S0002206,E000350,aerospace_uas_avionics,FOB,road,338,kg,INV448612,DESC aerospace_uas_avionics 287
S0002207,E000948,medical_bio_lab,CIF,road,367,kg,INV332004,DESC medical_bio_lab 265
S0002208,E000709,chemicals_precursors,DAP,road,399,L,INV177884,DESC chemicals_precursors 896
S0002209,E000684,energy_equipment,CIF,road,216,L,INV739024,DESC energy_equipment 215
S0002210,E001071,maritime_port_equipment,CIF,road,375,L,INV621016,DESC maritime_port_equipment 676
S0002211,E001888,luxury_dual_use_consumer,CIF,road,178,L,INV607311,DESC luxury_dual_use_consumer 282
S0002212,E000065,machine_tools,CIF,sea,348,kg,INV921791,DESC machine_tools 248
S0002213,E000907,energy_equipment,DAP,air,409,kg,INV815496,DESC energy_equipment 232
S0002214,E000667,aerospace_uas_avionics,FOB,sea,474,pcs,INV676534,DESC aerospace_uas_avionics 832
S0002215,E001823,chemicals_precursors,DAP,sea,479,pcs,INV742811,DESC chemicals_precursors 859
S0002216,E001583,energy_equipment,CIF,sea,274,L,INV899106,DESC energy_equipment 67
S0002217,E001029,energy_equipment,DAP,air,49,pcs,INV138697,DESC energy_equipment 169
S0002218,E001996,chemicals_precursors,CIF,sea,287,pcs,INV187145,DESC chemicals_precursors 547
S0002219,E001788,aerospace_uas_avionics,FOB,sea,494,kg,INV172502,DESC aerospace_uas_avionics 816
S0002220,E000861,energy_equipment,DAP,sea,492,pcs,INV591423,DESC energy_equipment 154
S0002221,E000902,chemicals_precursors,FOB,air,162,pcs,INV528337,DESC chemicals_precursors 263
S0002222,E001082,energy_equipment,CIF,sea,240,L,INV118086,DESC energy_equipment 443
S0002223,E001297,energy_equipment,DAP,sea,410,kg,INV131477,DESC energy_equipment 53
S0002224,E001954,chemicals_precursors,CIF,sea,436,L,INV813081,DESC chemicals_precursors 669
S0002225,E000820,luxury_dual_use_consumer,FOB,road,209,L,INV146242,DESC luxury_dual_use_consumer 139
S0002226,E001596,aerospace_uas_avionics,CIF,road,292,kg,INV446173,DESC aerospace_uas_avionics 872
S0002227,E001106,luxury_dual_use_consumer,FOB,sea,168,kg,INV296382,DESC luxury_dual_use_consumer 148
S0002228,E001227,medical_bio_lab,DAP,air,123,pcs,INV342610,DESC medical_bio_lab 137
S0002229,E000766,energy_equipment,DAP,sea,306,pcs,INV103670,DESC energy_equipment 293
S0002230,E001599,chemicals_precursors,FOB,road,180,kg,INV765346,DESC chemicals_precursors 19
S0002231,E000500,medical_bio_lab,CIF,sea,213,pcs,INV627628,DESC medical_bio_lab 897
S0002232,E001525,maritime_port_equipment,FOB,air,94,L,INV902534,DESC maritime_port_equipment 745
S0002233,E000315,aerospace_uas_avionics,CIF,road,241,L,INV111242,DESC aerospace_uas_avionics 195
S0002234,E001522,medical_bio_lab,DAP,road,141,L,INV193834,DESC medical_bio_lab 243
S0002235,E000696,maritime_port_equipment,CIF,road,164,kg,INV357780,DESC maritime_port_equipment 716
S0002236,E001055,medical_bio_lab,FOB,air,331,kg,INV491561,DESC medical_bio_lab 785
S0002237,E001174,aerospace_uas_avionics,FOB,road,174,L,INV824494,DESC aerospace_uas_avionics 259
S0002238,E001522,aerospace_uas_avionics,DAP,sea,161,L,INV801881,DESC aerospace_uas_avionics 90
S0002239,E000266,machine_tools,CIF,air,166,pcs,INV891294,DESC machine_tools 893
S0002240,E000279,machine_tools,FOB,sea,215,kg,INV888435,DESC machine_tools 560
S0002241,E001910,medical_bio_lab,FOB,sea,44,kg,INV251776,DESC medical_bio_lab 727
S0002242,E000018,machine_tools,DAP,sea,210,kg,INV831448,DESC machine_tools 771
S0002243,E001779,maritime_port_equipment,FOB,air,187,kg,INV667173,DESC maritime_port_equipment 715
S0002244,E000534,chemicals_precursors,DAP,air,95,pcs,INV915905,DESC chemicals_precursors 235
S0002245,E000441,chemicals_precursors,DAP,air,365,kg,INV693066,DESC chemicals_precursors 916
S0002246,E000847,aerospace_uas_avionics,DAP,road,302,pcs,INV416891,DESC aerospace_uas_avionics 675
S0002247,E001476,machine_tools,FOB,sea,243,kg,INV558136,DESC machine_tools 688
S0002248,E001608,luxury_dual_use_consumer,DAP,air,283,pcs,INV781634,DESC luxury_dual_use_consumer 58
S0002249,E000884,medical_bio_lab,FOB,sea,57,L,INV427734,DESC medical_bio_lab 671
S0002250,E001496,maritime_port_equipment,CIF,air,465,L,INV193680,DESC maritime_port_equipment 691
S0002251,E001596,machine_tools,CIF,road,143,pcs,INV287062,DESC machine_tools 821
S0002252,E001248,energy_equipment,CIF,sea,247,kg,INV279082,DESC energy_equipment 97
S0002253,E000219,machine_tools,DAP,air,217,L,INV747056,DESC machine_tools 250
S0002254,E001394,maritime_port_equipment,DAP,air,397,kg,INV161998,DESC maritime_port_equipment 593
S0002255,E001137,maritime_port_equipment,CIF,air,129,pcs,INV405086,DESC maritime_port_equipment 936
S0002256,E000701,machine_tools,CIF,sea,187,pcs,INV438650,DESC machine_tools 515
S0002257,E001558,maritime_port_equipment,CIF,air,326,L,INV320537,DESC maritime_port_equipment 58
S0002258,E000585,luxury_dual_use_consumer,DAP,sea,270,kg,INV657839,DESC luxury_dual_use_consumer 158
S0002259,E000419,aerospace_uas_avionics,FOB,sea,297,L,INV765414,DESC aerospace_uas_avionics 159
S0002260,E001266,aerospace_uas_avionics,DAP,road,444,kg,INV543178,DESC aerospace_uas_avionics 842
S0002261,E001529,energy_equipment,CIF,air,154,pcs,INV682875,DESC energy_equipment 235
S0002262,E001610,luxury_dual_use_consumer,FOB,air,365,pcs,INV540183,DESC luxury_dual_use_consumer 257
S0002263,E000104,energy_equipment,CIF,air,62,L,INV693897,DESC energy_equipment 336
S0002264,E000480,luxury_dual_use_consumer,DAP,sea,263,L,INV495148,DESC luxury_dual_use_consumer 460
S0002265,E001121,energy_equipment,FOB,air,343,L,INV195930,DESC energy_equipment 952
S0002266,E001183,luxury_dual_use_consumer,FOB,air,312,L,INV264252,DESC luxury_dual_use_consumer 9
S0002267,E001469,aerospace_uas_avionics,CIF,sea,99,L,INV872777,DESC aerospace_uas_avionics 957
S0002268,E001043,chemicals_precursors,DAP,sea,235,L,INV802686,DESC chemicals_precursors 863
S0002269,E000153,luxury_dual_use_consumer,FOB,air,249,L,INV643026,DESC luxury_dual_use_consumer 528
S0002270,E000698,machine_tools,CIF,sea,253,kg,INV191226,DESC machine_tools 214
S0002271,E000736,luxury_dual_use_consumer,DAP,road,9,pcs,INV332015,DESC luxury_dual_use_consumer 662
S0002272,E001193,energy_equipment,FOB,sea,390,pcs,INV236735,DESC energy_equipment 868
S0002273,E001951,machine_tools,CIF,sea,178,pcs,INV401522,DESC machine_tools 314
S0002274,E000838,medical_bio_lab,DAP,road,6,pcs,INV459539,DESC medical_bio_lab 905
S0002275,E001345,machine_tools,CIF,road,272,pcs,INV825626,DESC machine_tools 901
S0002276,E000815,machine_tools,DAP,air,382,pcs,INV361185,DESC machine_tools 283
S0002277,E001248,maritime_port_equipment,DAP,road,204,L,INV388787,DESC maritime_port_equipment 950
S0002278,E001861,energy_equipment,DAP,sea,475,kg,INV751055,DESC energy_equipment 35
S0002279,E000495,energy_equipment,DAP,sea,3,pcs,INV317746,DESC energy_equipment 647
S0002280,E001207,energy_equipment,DAP,air,34,L,INV809430,DESC energy_equipment 606
S0002281,E001565,machine_tools,CIF,road,19,L,INV875388,DESC machine_tools 753
S0002282,E000165,machine_tools,FOB,sea,305,pcs,INV199080,DESC machine_tools 596
S0002283,E000468,chemicals_precursors,FOB,sea,158,L,INV802792,DESC chemicals_precursors 677
S0002284,E000206,luxury_dual_use_consumer,CIF,sea,371,kg,INV758478,DESC luxury_dual_use_consumer 776
S0002285,E001142,luxury_dual_use_consumer,FOB,sea,108,kg,INV253908,DESC luxury_dual_use_consumer 979
S0002286,E000569,aerospace_uas_avionics,CIF,sea,310,pcs,INV572829,DESC aerospace_uas_avionics 249
S0002287,E001981,chemicals_precursors,DAP,road,9,kg,INV674575,DESC chemicals_precursors 133
S0002288,E000242,machine_tools,FOB,sea,61,kg,INV543743,DESC machine_tools 305
S0002289,E001095,chemicals_precursors,FOB,road,123,L,INV331659,DESC chemicals_precursors 907
S0002290,E001668,energy_equipment,FOB,road,235,pcs,INV852556,DESC energy_equipment 694
S0002291,E001060,aerospace_uas_avionics,FOB,sea,48,L,INV686580,DESC aerospace_uas_avionics 16
S0002292,E000239,chemicals_precursors,DAP,sea,25,kg,INV996853,DESC chemicals_precursors 987
S0002293,E001802,medical_bio_lab,FOB,sea,424,pcs,INV494473,DESC medical_bio_lab 581
S0002294,E000988,machine_tools,DAP,air,472,pcs,INV731591,DESC machine_tools 424
S0002295,E001964,chemicals_precursors,CIF,sea,116,kg,INV448163,DESC chemicals_precursors 2
S0002296,E000474,maritime_port_equipment,FOB,sea,102,L,INV205275,DESC maritime_port_equipment 29
S0002297,E000580,chemicals_precursors,FOB,road,403,kg,INV419376,DESC chemicals_precursors 37
S0002298,E001863,luxury_dual_use_consumer,DAP,sea,161,L,INV892612,DESC luxury_dual_use_consumer 340
S0002299,E000251,luxury_dual_use_consumer,CIF,air,168,L,INV924855,DESC luxury_dual_use_consumer 263
S0002300,E001517,medical_bio_lab,FOB,road,475,L,INV948574,DESC medical_bio_lab 173
S0002301,E000203,aerospace_uas_avionics,FOB,sea,251,L,INV196277,DESC aerospace_uas_avionics 48
S0002302,E000904,medical_bio_lab,DAP,sea,22,L,INV132914,DESC medical_bio_lab 548
S0002303,E001337,chemicals_precursors,FOB,air,227,pcs,INV225893,DESC chemicals_precursors 731
S0002304,E000898,medical_bio_lab,CIF,road,449,pcs,INV794054,DESC medical_bio_lab 131
S0002305,E000408,chemicals_precursors,CIF,road,450,L,INV297709,DESC chemicals_precursors 722
S0002306,E001716,maritime_port_equipment,FOB,air,479,L,INV240335,DESC maritime_port_equipment 31
S0002307,E001227,medical_bio_lab,CIF,sea,150,kg,INV247057,DESC medical_bio_lab 536
S0002308,E001167,machine_tools,DAP,road,251,L,INV199382,DESC machine_tools 257
S0002309,E001846,energy_equipment,CIF,air,255,L,INV318473,DESC energy_equipment 927
S0002310,E001780,machine_tools,CIF,road,117,kg,INV850689,DESC machine_tools 297
S0002311,E001856,chemicals_precursors,CIF,air,89,pcs,INV202083,DESC chemicals_precursors 246
S0002312,E000110,medical_bio_lab,CIF,sea,299,kg,INV269691,DESC medical_bio_lab 901
S0002313,E001794,machine_tools,CIF,sea,83,kg,INV125448,DESC machine_tools 391
S0002314,E000635,medical_bio_lab,FOB,road,35,pcs,INV497443,DESC medical_bio_lab 461
S0002315,E000897,aerospace_uas_avionics,DAP,air,256,kg,INV584274,DESC aerospace_uas_avionics 305
S0002316,E001724,machine_tools,DAP,road,336,pcs,INV911060,DESC machine_tools 714
S0002317,E001613,aerospace_uas_avionics,DAP,air,303,kg,INV925644,DESC aerospace_uas_avionics 191
S0002318,E001368,maritime_port_equipment,DAP,road,235,pcs,INV272469,DESC maritime_port_equipment 12
S0002319,E000541,energy_equipment,DAP,road,371,kg,INV895191,DESC energy_equipment 51
S0002320,E001391,medical_bio_lab,CIF,air,264,pcs,INV368748,DESC medical_bio_lab 609
S0002321,E000193,medical_bio_lab,FOB,air,117,L,INV869572,DESC medical_bio_lab 831
S0002322,E001821,luxury_dual_use_consumer,CIF,road,386,L,INV224916,DESC luxury_dual_use_consumer 368
S0002323,E001961,energy_equipment,CIF,sea,57,pcs,INV355731,DESC energy_equipment 759
S0002324,E001211,machine_tools,CIF,road,295,kg,INV131556,DESC machine_tools 83
S0002325,E001680,machine_tools,DAP,air,345,L,INV256352,DESC machine_tools 114
S0002326,E000043,luxury_dual_use_consumer,DAP,sea,478,L,INV143674,DESC luxury_dual_use_consumer 744
S0002327,E000296,maritime_port_equipment,CIF,sea,235,kg,INV575474,DESC maritime_port_equipment 302
S0002328,E001993,machine_tools,FOB,sea,209,L,INV475933,DESC machine_tools 980
S0002329,E001150,maritime_port_equipment,FOB,road,18,pcs,INV375642,DESC maritime_port_equipment 64
S0002330,E000033,chemicals_precursors,DAP,road,15,pcs,INV429519,DESC chemicals_precursors 440
S0002331,E000648,medical_bio_lab,DAP,road,325,L,INV721235,DESC medical_bio_lab 937
S0002332,E000971,maritime_port_equipment,CIF,air,364,pcs,INV844503,DESC maritime_port_equipment 303
S0002333,E001474,luxury_dual_use_consumer,CIF,air,358,kg,INV699858,DESC luxury_dual_use_consumer 316
S0002334,E001744,luxury_dual_use_consumer,FOB,air,276,pcs,INV844236,DESC luxury_dual_use_consumer 480
S0002335,E001072,aerospace_uas_avionics,DAP,road,91,L,INV918049,DESC aerospace_uas_avionics 905
S0002336,E001964,luxury_dual_use_consumer,DAP,air,360,pcs,INV894146,DESC luxury_dual_use_consumer 568
S0002337,E001029,machine_tools,CIF,air,39,kg,INV776347,DESC machine_tools 402
S0002338,E001250,medical_bio_lab,CIF,air,282,pcs,INV683854,DESC medical_bio_lab 249
S0002339,E001001,aerospace_uas_avionics,DAP,road,471,L,INV309671,DESC aerospace_uas_avionics 561
S0002340,E001656,chemicals_precursors,FOB,air,474,L,INV428929,DESC chemicals_precursors 865
S0002341,E000221,machine_tools,CIF,road,306,kg,INV813258,DESC machine_tools 344
S0002342,E001913,energy_equipment,DAP,road,108,kg,INV333813,DESC energy_equipment 203
S0002343,E000156,chemicals_precursors,CIF,road,450,L,INV446753,DESC chemicals_precursors 617
S0002344,E000913,luxury_dual_use_consumer,DAP,air,88,L,INV337649,DESC luxury_dual_use_consumer 322
S0002345,E001959,aerospace_uas_avionics,CIF,sea,5,pcs,INV249999,DESC aerospace_uas_avionics 556
S0002346,E001117,machine_tools,FOB,road,293,kg,INV613464,DESC machine_tools 394
S0002347,E000446,machine_tools,DAP,sea,272,kg,INV917275,DESC machine_tools 817
S0002348,E000063,maritime_port_equipment,CIF,road,375,L,INV588778,DESC maritime_port_equipment 474
S0002349,E001469,maritime_port_equipment,CIF,air,14,L,INV764919,DESC maritime_port_equipment 647
S0002350,E000915,medical_bio_lab,FOB,road,111,kg,INV916231,DESC medical_bio_lab 726
S0002351,E000784,chemicals_precursors,FOB,air,74,pcs,INV216861,DESC chemicals_precursors 973
S0002352,E000615,aerospace_uas_avionics,CIF,air,345,L,INV237302,DESC aerospace_uas_avionics 209
S0002353,E000498,chemicals_precursors,FOB,sea,124,pcs,INV680964,DESC chemicals_precursors 206
S0002354,E000715,medical_bio_lab,DAP,sea,94,pcs,INV801219,DESC medical_bio_lab 526
S0002355,E001156,aerospace_uas_avionics,DAP,air,424,kg,INV545568,DESC aerospace_uas_avionics 670
S0002356,E000872,maritime_port_equipment,CIF,air,324,pcs,INV479146,DESC maritime_port_equipment 328
S0002357,E000014,aerospace_uas_avionics,CIF,air,69,L,INV730991,DESC aerospace_uas_avionics 658
S0002358,E000249,machine_tools,CIF,road,422,pcs,INV799581,DESC machine_tools 624
S0002359,E001693,medical_bio_lab,FOB,road,30,kg,INV300995,DESC medical_bio_lab 439
S0002360,E001516,machine_tools,CIF,air,72,pcs,INV653140,DESC machine_tools 452
S0002361,E000442,aerospace_uas_avionics,FOB,road,361,L,INV540063,DESC aerospace_uas_avionics 525
S0002362,E000379,maritime_port_equipment,FOB,air,250,kg,INV595829,DESC maritime_port_equipment 242
S0002363,E000727,maritime_port_equipment,CIF,sea,104,pcs,INV948548,DESC maritime_port_equipment 705
S0002364,E000640,aerospace_uas_avionics,DAP,air,316,kg,INV132055,DESC aerospace_uas_avionics 594
S0002365,E001313,maritime_port_equipment,DAP,sea,10,pcs,INV494770,DESC maritime_port_equipment 772
S0002366,E001238,machine_tools,CIF,road,392,L,INV671878,DESC machine_tools 567
S0002367,E000289,maritime_port_equipment,DAP,sea,227,kg,INV220793,DESC maritime_port_equipment 75
S0002368,E001671,energy_equipment,DAP,road,439,pcs,INV248022,DESC energy_equipment 457
S0002369,E001040,chemicals_precursors,FOB,air,39,L,INV622476,DESC chemicals_precursors 374
S0002370,E000465,aerospace_uas_avionics,CIF,air,98,pcs,INV632049,DESC aerospace_uas_avionics 589
S0002371,E000817,medical_bio_lab,CIF,sea,152,pcs,INV873073,DESC medical_bio_lab 136
S0002372,E000419,maritime_port_equipment,FOB,sea,117,L,INV483585,DESC maritime_port_equipment 706
S0002373,E000781,chemicals_precursors,CIF,road,216,pcs,INV961050,DESC chemicals_precursors 785
S0002374,E001000,machine_tools,CIF,air,244,kg,INV207716,DESC machine_tools 84
S0002375,E000673,medical_bio_lab,DAP,air,56,kg,INV293934,DESC medical_bio_lab 194
S0002376,E001638,maritime_port_equipment,CIF,air,434,kg,INV267672,DESC maritime_port_equipment 111
S0002377,E000609,medical_bio_lab,CIF,sea,282,L,INV975752,DESC medical_bio_lab 181
S0002378,E001944,machine_tools,DAP,road,17,L,INV749485,DESC machine_tools 796
S0002379,E001325,aerospace_uas_avionics,CIF,air,445,pcs,INV490784,DESC aerospace_uas_avionics 918
S0002380,E000985,machine_tools,FOB,sea,137,kg,INV402883,DESC machine_tools 68
S0002381,E001608,machine_tools,FOB,road,489,L,INV644967,DESC machine_tools 881
S0002382,E001724,energy_equipment,DAP,sea,276,kg,INV414385,DESC energy_equipment 478
S0002383,E000422,chemicals_precursors,CIF,sea,91,pcs,INV962581,DESC chemicals_precursors 668
S0002384,E001657,aerospace_uas_avionics,FOB,air,468,kg,INV757625,DESC aerospace_uas_avionics 478
S0002385,E001424,chemicals_precursors,CIF,road,450,L,INV422845,DESC chemicals_precursors 529
S0002386,E000764,medical_bio_lab,CIF,air,99,kg,INV611120,DESC medical_bio_lab 947
S0002387,E000681,chemicals_precursors,CIF,air,191,pcs,INV777979,DESC chemicals_precursors 803
S0002388,E001224,energy_equipment,CIF,sea,119,kg,INV847374,DESC energy_equipment 706
S0002389,E000658,maritime_port_equipment,DAP,air,269,kg,INV467738,DESC maritime_port_equipment 736
S0002390,E001086,aerospace_uas_avionics,CIF,air,213,L,INV605225,DESC aerospace_uas_avionics 677
S0002391,E000316,aerospace_uas_avionics,FOB,road,335,L,INV717298,DESC aerospace_uas_avionics 543
S0002392,E000122,medical_bio_lab,CIF,air,182,pcs,INV944504,DESC medical_bio_lab 701
S0002393,E001910,chemicals_precursors,FOB,air,293,kg,INV123839,DESC chemicals_precursors 589
S0002394,E001245,medical_bio_lab,DAP,sea,324,kg,INV911886,DESC medical_bio_lab 584
S0002395,E001451,chemicals_precursors,DAP,sea,444,L,INV798897,DESC chemicals_precursors 258
S0002396,E000667,luxury_dual_use_consumer,CIF,air,186,L,INV979703,DESC luxury_dual_use_consumer 682
S0002397,E001278,luxury_dual_use_consumer,CIF,road,201,kg,INV369335,DESC luxury_dual_use_consumer 140
S0002398,E000538,energy_equipment,CIF,air,310,kg,INV397300,DESC energy_equipment 758
S0002399,E001188,aerospace_uas_avionics,DAP,sea,355,L,INV750546,DESC aerospace_uas_avionics 239
S0002400,E001889,medical_bio_lab,FOB,road,275,L,INV470649,DESC medical_bio_lab 809
S0002401,E001635,medical_bio_lab,CIF,road,342,L,INV192441,DESC medical_bio_lab 889
S0002402,E000151,maritime_port_equipment,DAP,air,207,kg,INV549791,DESC maritime_port_equipment 935
S0002403,E000417,aerospace_uas_avionics,CIF,air,38,kg,INV649106,DESC aerospace_uas_avionics 581
S0002404,E000392,chemicals_precursors,DAP,sea,60,pcs,INV887297,DESC chemicals_precursors 919
S0002405,E000586,medical_bio_lab,DAP,sea,235,pcs,INV105913,DESC medical_bio_lab 470
S0002406,E000243,luxury_dual_use_consumer,CIF,road,60,kg,INV651553,DESC luxury_dual_use_consumer 705
S0002407,E000938,medical_bio_lab,FOB,road,433,L,INV595762,DESC medical_bio_lab 305
S0002408,E001091,maritime_port_equipment,DAP,sea,81,kg,INV634581,DESC maritime_port_equipment 109
S0002409,E000579,medical_bio_lab,DAP,air,141,L,INV412673,DESC medical_bio_lab 315
S0002410,E001029,chemicals_precursors,FOB,air,175,pcs,INV472628,DESC chemicals_precursors 965
S0002411,E000709,medical_bio_lab,FOB,road,77,L,INV761286,DESC medical_bio_lab 276
S0002412,E000112,luxury_dual_use_consumer,DAP,road,150,pcs,INV622302,DESC luxury_dual_use_consumer 475
S0002413,E000012,medical_bio_lab,CIF,sea,351,L,INV891567,DESC medical_bio_lab 326
S0002414,E000592,machine_tools,CIF,sea,99,L,INV912228,DESC machine_tools 599
S0002415,E000229,energy_equipment,FOB,air,60,L,INV882271,DESC energy_equipment 353
S0002416,E000868,energy_equipment,FOB,road,146,L,INV161271,DESC energy_equipment 180
S0002417,E001587,luxury_dual_use_consumer,DAP,air,295,L,INV112739,DESC luxury_dual_use_consumer 19
S0002418,E001663,medical_bio_lab,DAP,sea,240,kg,INV929527,DESC medical_bio_lab 201
S0002419,E001306,machine_tools,FOB,road,261,kg,INV987079,DESC machine_tools 223
S0002420,E001298,chemicals_precursors,FOB,air,205,kg,INV447903,DESC chemicals_precursors 477
S0002421,E001090,luxury_dual_use_consumer,CIF,road,128,pcs,INV501687,DESC luxury_dual_use_consumer 758
S0002422,E001359,aerospace_uas_avionics,FOB,sea,112,pcs,INV169292,DESC aerospace_uas_avionics 186
S0002423,E000629,luxury_dual_use_consumer,FOB,road,482,kg,INV801361,DESC luxury_dual_use_consumer 23
S0002424,E001721,chemicals_precursors,DAP,road,481,pcs,INV976011,DESC chemicals_precursors 180
S0002425,E000200,luxury_dual_use_consumer,FOB,road,297,L,INV671875,DESC luxury_dual_use_consumer 111
S0002426,E001404,machine_tools,FOB,air,153,pcs,INV218509,DESC machine_tools 744
S0002427,E001790,aerospace_uas_avionics,CIF,sea,262,kg,INV641406,DESC aerospace_uas_avionics 576
S0002428,E001182,machine_tools,DAP,road,435,L,INV281094,DESC machine_tools 245
S0002429,E000882,medical_bio_lab,DAP,sea,457,L,INV110305,DESC medical_bio_lab 910
S0002430,E001772,aerospace_uas_avionics,DAP,air,454,pcs,INV390754,DESC aerospace_uas_avionics 329
S0002431,E001692,luxury_dual_use_consumer,FOB,road,468,kg,INV692075,DESC luxury_dual_use_consumer 362
S0002432,E001274,machine_tools,CIF,air,274,kg,INV201262,DESC machine_tools 536
S0002433,E000063,machine_tools,DAP,road,444,L,INV289692,DESC machine_tools 173
S0002434,E000031,energy_equipment,FOB,air,390,kg,INV954055,DESC energy_equipment 389
S0002435,E000618,medical_bio_lab,FOB,road,353,L,INV458309,DESC medical_bio_lab 667
S0002436,E000147,luxury_dual_use_consumer,CIF,sea,108,pcs,INV362836,DESC luxury_dual_use_consumer 253
S0002437,E001631,luxury_dual_use_consumer,DAP,road,391,L,INV455661,DESC luxury_dual_use_consumer 278
S0002438,E001499,aerospace_uas_avionics,DAP,sea,29,pcs,INV631792,DESC aerospace_uas_avionics 531
S0002439,E001171,aerospace_uas_avionics,DAP,road,306,L,INV942820,DESC aerospace_uas_avionics 272
S0002440,E001164,energy_equipment,FOB,air,91,L,INV239069,DESC energy_equipment 959
S0002441,E000557,energy_equipment,CIF,air,380,kg,INV213973,DESC energy_equipment 948
S0002442,E001522,maritime_port_equipment,DAP,sea,91,L,INV895741,DESC maritime_port_equipment 936
S0002443,E001873,chemicals_precursors,CIF,road,324,L,INV787094,DESC chemicals_precursors 368
S0002444,E001365,luxury_dual_use_consumer,CIF,sea,390,pcs,INV852167,DESC luxury_dual_use_consumer 341
S0002445,E000281,luxury_dual_use_consumer,FOB,air,412,kg,INV132428,DESC luxury_dual_use_consumer 266
S0002446,E000518,aerospace_uas_avionics,FOB,sea,128,L,INV495583,DESC aerospace_uas_avionics 549
S0002447,E001146,aerospace_uas_avionics,CIF,road,472,L,INV472294,DESC aerospace_uas_avionics 464
S0002448,E001522,maritime_port_equipment,CIF,air,302,kg,INV646686,DESC maritime_port_equipment 995
S0002449,E001343,energy_equipment,FOB,air,142,pcs,INV909714,DESC energy_equipment 223
S0002450,E000898,energy_equipment,FOB,sea,180,kg,INV667885,DESC energy_equipment 708
S0002451,E001344,medical_bio_lab,DAP,road,260,L,INV397578,DESC medical_bio_lab 384
S0002452,E000388,chemicals_precursors,CIF,air,389,kg,INV172031,DESC chemicals_precursors 480
S0002453,E000185,chemicals_precursors,DAP,air,302,kg,INV532484,DESC chemicals_precursors 533
S0002454,E001022,maritime_port_equipment,FOB,air,487,pcs,INV586164,DESC maritime_port_equipment 224
S0002455,E000452,luxury_dual_use_consumer,DAP,sea,141,L,INV126265,DESC luxury_dual_use_consumer 36
S0002456,E001529,chemicals_precursors,CIF,air,220,pcs,INV267798,DESC chemicals_precursors 356
S0002457,E000724,aerospace_uas_avionics,CIF,air,447,L,INV129141,DESC aerospace_uas_avionics 231
S0002458,E000854,maritime_port_equipment,FOB,sea,267,L,INV755080,DESC maritime_port_equipment 856
S0002459,E001437,maritime_port_equipment,CIF,air,409,L,INV883698,DESC maritime_port_equipment 328
S0002460,E001177,energy_equipment,FOB,road,208,L,INV203003,DESC energy_equipment 956
S0002461,E000096,aerospace_uas_avionics,DAP,sea,277,L,INV860967,DESC aerospace_uas_avionics 55
S0002462,E001919,medical_bio_lab,DAP,road,58,L,INV348978,DESC medical_bio_lab 446
S0002463,E000727,machine_tools,CIF,air,223,kg,INV147841,DESC machine_tools 849
S0002464,E001167,maritime_port_equipment,CIF,road,107,L,INV592104,DESC maritime_port_equipment 670
S0002465,E001890,machine_tools,CIF,sea,196,L,INV748563,DESC machine_tools 88
S0002466,E001024,luxury_dual_use_consumer,CIF,road,117,pcs,INV927885,DESC luxury_dual_use_consumer 769
S0002467,E000989,machine_tools,FOB,sea,32,pcs,INV405294,DESC machine_tools 898
S0002468,E001561,machine_tools,DAP,road,225,pcs,INV576641,DESC machine_tools 395
S0002469,E001875,chemicals_precursors,CIF,air,168,L,INV301709,DESC chemicals_precursors 896
S0002470,E000155,maritime_port_equipment,FOB,road,77,kg,INV228672,DESC maritime_port_equipment 897
S0002471,E000484,energy_equipment,DAP,air,150,L,INV524384,DESC energy_equipment 372
S0002472,E001367,chemicals_precursors,DAP,road,225,kg,INV715033,DESC chemicals_precursors 476
S0002473,E001345,machine_tools,FOB,air,68,kg,INV397644,DESC machine_tools 23
S0002474,E000430,luxury_dual_use_consumer,DAP,air,278,kg,INV628755,DESC luxury_dual_use_consumer 613
S0002475,E001767,maritime_port_equipment,CIF,air,363,L,INV506990,DESC maritime_port_equipment 882
S0002476,E000822,aerospace_uas_avionics,FOB,sea,33,pcs,INV760549,DESC aerospace_uas_avionics 613
S0002477,E001873,machine_tools,DAP,sea,63,pcs,INV206989,DESC machine_tools 835
S0002478,E000199,machine_tools,CIF,sea,87,kg,INV543702,DESC machine_tools 287
S0002479,E000426,machine_tools,CIF,sea,434,pcs,INV613221,DESC machine_tools 113
S0002480,E000050,medical_bio_lab,FOB,air,295,pcs,INV650007,DESC medical_bio_lab 366
S0002481,E001733,aerospace_uas_avionics,CIF,air,5,kg,INV767436,DESC aerospace_uas_avionics 212
S0002482,E000442,aerospace_uas_avionics,CIF,sea,330,L,INV176441,DESC aerospace_uas_avionics 425
S0002483,E001172,energy_equipment,CIF,road,453,L,INV142695,DESC energy_equipment 760
S0002484,E000657,machine_tools,FOB,sea,226,pcs,INV412995,DESC machine_tools 365
S0002485,E000173,luxury_dual_use_consumer,DAP,road,227,pcs,INV620166,DESC luxury_dual_use_consumer 361
S0002486,E001450,machine_tools,FOB,sea,470,L,INV699453,DESC machine_tools 658
S0002487,E000220,luxury_dual_use_consumer,FOB,road,362,kg,INV959069,DESC luxury_dual_use_consumer 742
S0002488,E001979,maritime_port_equipment,FOB,sea,393,kg,INV137440,DESC maritime_port_equipment 755
S0002489,E000125,medical_bio_lab,CIF,sea,274,kg,INV948643,DESC medical_bio_lab 606
S0002490,E000283,machine_tools,FOB,air,356,pcs,INV844452,DESC machine_tools 42
S0002491,E000257,aerospace_uas_avionics,DAP,road,326,kg,INV327804,DESC aerospace_uas_avionics 877
S0002492,E000642,aerospace_uas_avionics,DAP,air,437,L,INV172685,DESC aerospace_uas_avionics 52
S0002493,E000200,luxury_dual_use_consumer,FOB,air,147,L,INV569289,DESC luxury_dual_use_consumer 352
S0002494,E000134,luxury_dual_use_consumer,CIF,air,394,pcs,INV853917,DESC luxury_dual_use_consumer 253
S0002495,E001168,energy_equipment,CIF,air,444,L,INV329290,DESC energy_equipment 724
S0002496,E001421,maritime_port_equipment,DAP,road,342,pcs,INV861936,DESC maritime_port_equipment 669
S0002497,E001861,maritime_port_equipment,DAP,road,328,pcs,INV954826,DESC maritime_port_equipment 446
S0002498,E001413,energy_equipment,DAP,sea,291,L,INV131704,DESC energy_equipment 589
S0002499,E001630,machine_tools,FOB,sea,276,L,INV511670,DESC machine_tools 639
S0002500,E000546,maritime_port_equipment,DAP,air,441,kg,INV474491,DESC maritime_port_equipment 379
S0002501,E000672,maritime_port_equipment,DAP,sea,281,L,INV804657,DESC maritime_port_equipment 38
S0002502,E001331,medical_bio_lab,CIF,air,91,kg,INV889288,DESC medical_bio_lab 453
S0002503,E000019,maritime_port_equipment,FOB,road,363,pcs,INV422585,DESC maritime_port_equipment 51
S0002504,E000872,medical_bio_lab,FOB,sea,175,pcs,INV965447,DESC medical_bio_lab 463
S0002505,E001796,luxury_dual_use_consumer,DAP,road,294,pcs,INV271823,DESC luxury_dual_use_consumer 53
S0002506,E000690,luxury_dual_use_consumer,CIF,air,68,L,INV338192,DESC luxury_dual_use_consumer 309
S0002507,E000732,machine_tools,CIF,road,198,kg,INV950621,DESC machine_tools 760
S0002508,E001943,energy_equipment,FOB,air,479,L,INV677724,DESC energy_equipment 348
S0002509,E000547,aerospace_uas_avionics,CIF,sea,185,pcs,INV374741,DESC aerospace_uas_avionics 511
S0002510,E001314,luxury_dual_use_consumer,CIF,road,145,L,INV529004,DESC luxury_dual_use_consumer 902
S0002511,E001604,medical_bio_lab,DAP,sea,213,pcs,INV106466,DESC medical_bio_lab 545
S0002512,E001918,chemicals_precursors,CIF,sea,428,L,INV850920,DESC chemicals_precursors 592
S0002513,E001796,luxury_dual_use_consumer,FOB,sea,107,kg,INV901080,DESC luxury_dual_use_consumer 629
S0002514,E001527,maritime_port_equipment,DAP,sea,100,L,INV299685,DESC maritime_port_equipment 835
S0002515,E000442,medical_bio_lab,CIF,road,475,L,INV641515,DESC medical_bio_lab 663
S0002516,E000334,machine_tools,DAP,air,382,pcs,INV934106,DESC machine_tools 214
S0002517,E000501,energy_equipment,CIF,sea,426,L,INV438876,DESC energy_equipment 298
S0002518,E000145,machine_tools,CIF,air,220,L,INV470270,DESC machine_tools 593
S0002519,E001232,aerospace_uas_avionics,DAP,road,381,pcs,INV753250,DESC aerospace_uas_avionics 871
S0002520,E000201,chemicals_precursors,CIF,air,225,L,INV721552,DESC chemicals_precursors 736
S0002521,E000700,energy_equipment,FOB,road,388,pcs,INV472175,DESC energy_equipment 158
S0002522,E000252,energy_equipment,FOB,sea,498,L,INV862887,DESC energy_equipment 889
S0002523,E001686,aerospace_uas_avionics,DAP,road,33,L,INV294139,DESC aerospace_uas_avionics 537
S0002524,E001563,luxury_dual_use_consumer,CIF,sea,309,L,INV683949,DESC luxury_dual_use_consumer 899
S0002525,E001388,maritime_port_equipment,FOB,sea,223,kg,INV780282,DESC maritime_port_equipment 328
S0002526,E000628,luxury_dual_use_consumer,CIF,air,25,kg,INV161308,DESC luxury_dual_use_consumer 650
S0002527,E001061,aerospace_uas_avionics,DAP,sea,82,L,INV660271,DESC aerospace_uas_avionics 547
S0002528,E000104,energy_equipment,CIF,sea,482,pcs,INV277845,DESC energy_equipment 311
S0002529,E000046,maritime_port_equipment,FOB,sea,306,L,INV171687,DESC maritime_port_equipment 681
S0002530,E000285,aerospace_uas_avionics,CIF,road,350,kg,INV655489,DESC aerospace_uas_avionics 932
S0002531,E001502,medical_bio_lab,DAP,air,193,L,INV478939,DESC medical_bio_lab 977
S0002532,E000130,luxury_dual_use_consumer,CIF,road,117,pcs,INV721317,DESC luxury_dual_use_consumer 524
S0002533,E001221,luxury_dual_use_consumer,CIF,road,3,L,INV955667,DESC luxury_dual_use_consumer 908
S0002534,E001912,medical_bio_lab,DAP,sea,333,kg,INV980401,DESC medical_bio_lab 856
S0002535,E001962,medical_bio_lab,DAP,sea,40,kg,INV133522,DESC medical_bio_lab 180
S0002536,E000326,aerospace_uas_avionics,FOB,air,303,L,INV948145,DESC aerospace_uas_avionics 630
S0002537,E001538,energy_equipment,CIF,road,263,kg,INV385589,DESC energy_equipment 491
S0002538,E000900,maritime_port_equipment,FOB,road,127,L,INV865151,DESC maritime_port_equipment 872
S0002539,E001518,maritime_port_equipment,DAP,air,105,kg,INV154082,DESC maritime_port_equipment 575
S0002540,E000237,aerospace_uas_avionics,DAP,sea,49,kg,INV494637,DESC aerospace_uas_avionics 917
S0002541,E001178,aerospace_uas_avionics,CIF,sea,147,L,INV671048,DESC aerospace_uas_avionics 286
S0002542,E001202,maritime_port_equipment,FOB,air,403,kg,INV991217,DESC maritime_port_equipment 33
S0002543,E001131,aerospace_uas_avionics,CIF,road,3,kg,INV629484,DESC aerospace_uas_avionics 910
S0002544,E001862,maritime_port_equipment,DAP,road,285,kg,INV992252,DESC maritime_port_equipment 994
S0002545,E000440,energy_equipment,CIF,sea,236,L,INV471625,DESC energy_equipment 172
S0002546,E001176,maritime_port_equipment,DAP,sea,467,pcs,INV349006,DESC maritime_port_equipment 478
S0002547,E000935,chemicals_precursors,FOB,air,467,pcs,INV916219,DESC chemicals_precursors 657
S0002548,E001969,energy_equipment,DAP,sea,108,pcs,INV184030,DESC energy_equipment 588
S0002549,E000692,maritime_port_equipment,DAP,air,228,kg,INV853123,DESC maritime_port_equipment 284
S0002550,E001456,energy_equipment,FOB,sea,346,kg,INV741119,DESC energy_equipment 112
S0002551,E000421,aerospace_uas_avionics,DAP,road,449,L,INV427781,DESC aerospace_uas_avionics 123
S0002552,E000331,aerospace_uas_avionics,CIF,road,259,kg,INV914448,DESC aerospace_uas_avionics 360
S0002553,E001190,aerospace_uas_avionics,CIF,sea,484,kg,INV452538,DESC aerospace_uas_avionics 702
S0002554,E000678,machine_tools,FOB,road,122,pcs,INV399433,DESC machine_tools 602
S0002555,E001548,medical_bio_lab,DAP,road,332,L,INV921495,DESC medical_bio_lab 743
S0002556,E001995,chemicals_precursors,FOB,road,179,kg,INV251772,DESC chemicals_precursors 973
S0002557,E001669,chemicals_precursors,FOB,air,326,pcs,INV620707,DESC chemicals_precursors 229
S0002558,E000225,aerospace_uas_avionics,FOB,air,342,L,INV263385,DESC aerospace_uas_avionics 411
S0002559,E000157,chemicals_precursors,CIF,road,477,pcs,INV618658,DESC chemicals_precursors 7
S0002560,E001490,chemicals_precursors,FOB,road,42,kg,INV344346,DESC chemicals_precursors 443
S0002561,E001234,luxury_dual_use_consumer,CIF,air,307,kg,INV604749,DESC luxury_dual_use_consumer 709
S0002562,E000485,energy_equipment,CIF,air,247,pcs,INV383482,DESC energy_equipment 298
S0002563,E000214,aerospace_uas_avionics,FOB,sea,75,pcs,INV566269,DESC aerospace_uas_avionics 809
S0002564,E001088,medical_bio_lab,DAP,road,439,pcs,INV729399,DESC medical_bio_lab 765
S0002565,E000482,medical_bio_lab,DAP,sea,478,L,INV118224,DESC medical_bio_lab 350
S0002566,E001339,energy_equipment,DAP,road,267,pcs,INV481836,DESC energy_equipment 447
S0002567,E001140,aerospace_uas_avionics,FOB,road,262,kg,INV370448,DESC aerospace_uas_avionics 744
S0002568,E001709,luxury_dual_use_consumer,FOB,sea,135,L,INV307638,DESC luxury_dual_use_consumer 286
S0002569,E001187,luxury_dual_use_consumer,FOB,air,335,L,INV642619,DESC luxury_dual_use_consumer 718
S0002570,E000868,luxury_dual_use_consumer,FOB,sea,361,kg,INV673094,DESC luxury_dual_use_consumer 564
S0002571,E000250,luxury_dual_use_consumer,FOB,air,396,pcs,INV222765,DESC luxury_dual_use_consumer 866
S0002572,E001773,aerospace_uas_avionics,CIF,sea,275,pcs,INV789716,DESC aerospace_uas_avionics 548
S0002573,E001264,chemicals_precursors,FOB,road,386,kg,INV689723,DESC chemicals_precursors 18
S0002574,E000714,energy_equipment,FOB,air,56,L,INV260408,DESC energy_equipment 312
S0002575,E001916,maritime_port_equipment,DAP,sea,14,kg,INV203477,DESC maritime_port_equipment 24
S0002576,E001887,maritime_port_equipment,FOB,road,122,L,INV755521,DESC maritime_port_equipment 625
S0002577,E001592,aerospace_uas_avionics,DAP,road,340,L,INV157078,DESC aerospace_uas_avionics 563
S0002578,E001250,machine_tools,DAP,sea,233,pcs,INV228417,DESC machine_tools 235
S0002579,E001964,chemicals_precursors,FOB,sea,268,pcs,INV569834,DESC chemicals_precursors 495
S0002580,E000164,medical_bio_lab,DAP,air,277,pcs,INV868734,DESC medical_bio_lab 350
S0002581,E000476,energy_equipment,DAP,road,388,pcs,INV798722,DESC energy_equipment 327
S0002582,E000763,medical_bio_lab,FOB,air,474,kg,INV921255,DESC medical_bio_lab 42
S0002583,E000670,aerospace_uas_avionics,CIF,air,141,L,INV421071,DESC aerospace_uas_avionics 97
S0002584,E001109,aerospace_uas_avionics,DAP,air,83,kg,INV244117,DESC aerospace_uas_avionics 747
S0002585,E000184,aerospace_uas_avionics,CIF,sea,19,kg,INV966522,DESC aerospace_uas_avionics 254
S0002586,E001308,chemicals_precursors,DAP,road,421,pcs,INV691083,DESC chemicals_precursors 854
S0002587,E001336,aerospace_uas_avionics,FOB,road,39,kg,INV255344,DESC aerospace_uas_avionics 175
S0002588,E001528,maritime_port_equipment,DAP,road,340,pcs,INV601047,DESC maritime_port_equipment 553
S0002589,E001130,machine_tools,FOB,sea,395,kg,INV299037,DESC machine_tools 330
S0002590,E001229,energy_equipment,FOB,sea,205,pcs,INV547854,DESC energy_equipment 730
S0002591,E000795,machine_tools,CIF,road,442,kg,INV962970,DESC machine_tools 673
S0002592,E000055,machine_tools,CIF,road,159,kg,INV518863,DESC machine_tools 593
S0002593,E001323,maritime_port_equipment,CIF,road,448,L,INV903648,DESC maritime_port_equipment 733
S0002594,E000778,medical_bio_lab,CIF,road,98,L,INV677017,DESC medical_bio_lab 773
S0002595,E001389,chemicals_precursors,FOB,air,304,kg,INV321243,DESC chemicals_precursors 600
S0002596,E000353,maritime_port_equipment,DAP,air,114,kg,INV653989,DESC maritime_port_equipment 108
S0002597,E001171,aerospace_uas_avionics,FOB,air,432,L,INV797653,DESC aerospace_uas_avionics 730
S0002598,E001225,luxury_dual_use_consumer,FOB,sea,4,pcs,INV907872,DESC luxury_dual_use_consumer 219
S0002599,E001716,maritime_port_equipment,DAP,air,304,L,INV584146,DESC maritime_port_equipment 571
S0002600,E001080,chemicals_precursors,FOB,road,309,kg,INV656556,DESC chemicals_precursors 180
S0002601,E000921,chemicals_precursors,FOB,road,353,pcs,INV910833,DESC chemicals_precursors 46
S0002602,E001622,aerospace_uas_avionics,FOB,air,387,pcs,INV128426,DESC aerospace_uas_avionics 141
S0002603,E000411,energy_equipment,CIF,air,59,pcs,INV501663,DESC energy_equipment 7
S0002604,E001887,luxury_dual_use_consumer,CIF,sea,382,kg,INV583490,DESC luxury_dual_use_consumer 440
S0002605,E000880,chemicals_precursors,FOB,sea,258,L,INV220339,DESC chemicals_precursors 764
S0002606,E001604,machine_tools,FOB,road,458,L,INV403722,DESC machine_tools 207
S0002607,E000023,medical_bio_lab,DAP,road,453,kg,INV926213,DESC medical_bio_lab 349
S0002608,E001229,chemicals_precursors,DAP,sea,159,L,INV562107,DESC chemicals_precursors 815
S0002609,E001831,chemicals_precursors,DAP,road,302,pcs,INV777026,DESC chemicals_precursors 385
S0002610,E001006,machine_tools,FOB,sea,104,pcs,INV657171,DESC machine_tools 830
S0002611,E000087,maritime_port_equipment,CIF,sea,283,pcs,INV776788,DESC maritime_port_equipment 378
S0002612,E000593,luxury_dual_use_consumer,DAP,road,271,kg,INV318519,DESC luxury_dual_use_consumer 12
S0002613,E001383,machine_tools,FOB,road,383,pcs,INV551221,DESC machine_tools 14
S0002614,E000132,energy_equipment,CIF,sea,59,L,INV157670,DESC energy_equipment 56
S0002615,E000478,medical_bio_lab,FOB,air,220,kg,INV701909,DESC medical_bio_lab 134
S0002616,E001419,medical_bio_lab,FOB,air,484,pcs,INV319609,DESC medical_bio_lab 927
S0002617,E000677,machine_tools,FOB,road,98,pcs,INV653537,DESC machine_tools 213
S0002618,E001646,machine_tools,DAP,air,379,kg,INV337282,DESC machine_tools 744
S0002619,E000687,aerospace_uas_avionics,FOB,road,293,pcs,INV755915,DESC aerospace_uas_avionics 112
S0002620,E001088,luxury_dual_use_consumer,DAP,road,468,L,INV769183,DESC luxury_dual_use_consumer 717
S0002621,E001600,medical_bio_lab,DAP,sea,28,pcs,INV279849,DESC medical_bio_lab 318
S0002622,E001913,chemicals_precursors,FOB,road,472,pcs,INV921085,DESC chemicals_precursors 804
S0002623,E001762,luxury_dual_use_consumer,CIF,air,56,kg,INV166776,DESC luxury_dual_use_consumer 287
S0002624,E000758,maritime_port_equipment,DAP,air,117,L,INV697112,DESC maritime_port_equipment 840
S0002625,E001956,luxury_dual_use_consumer,FOB,road,19,pcs,INV433410,DESC luxury_dual_use_consumer 234
S0002626,E000943,energy_equipment,FOB,road,32,L,INV907065,DESC energy_equipment 296
S0002627,E001359,energy_equipment,FOB,road,408,pcs,INV772164,DESC energy_equipment 697
S0002628,E001591,machine_tools,CIF,road,57,kg,INV687176,DESC machine_tools 13
S0002629,E000274,energy_equipment,DAP,sea,235,kg,INV199058,DESC energy_equipment 122
S0002630,E001942,chemicals_precursors,FOB,air,409,kg,INV838816,DESC chemicals_precursors 890
S0002631,E001566,maritime_port_equipment,CIF,road,385,pcs,INV403781,DESC maritime_port_equipment 609
S0002632,E000814,maritime_port_equipment,CIF,air,405,L,INV503583,DESC maritime_port_equipment 110
S0002633,E001704,energy_equipment,FOB,air,355,L,INV958617,DESC energy_equipment 899
S0002634,E000770,aerospace_uas_avionics,CIF,air,13,L,INV881393,DESC aerospace_uas_avionics 985
S0002635,E001655,medical_bio_lab,FOB,air,8,L,INV528297,DESC medical_bio_lab 403
S0002636,E000102,machine_tools,FOB,sea,491,kg,INV524972,DESC machine_tools 200
S0002637,E000153,maritime_port_equipment,FOB,air,406,L,INV628868,DESC maritime_port_equipment 220
S0002638,E000232,machine_tools,FOB,sea,85,L,INV538986,DESC machine_tools 168
S0002639,E001693,medical_bio_lab,CIF,road,75,pcs,INV139632,DESC medical_bio_lab 831
S0002640,E000337,machine_tools,FOB,road,353,pcs,INV607908,DESC machine_tools 315
S0002641,E001188,luxury_dual_use_consumer,DAP,sea,91,pcs,INV608291,DESC luxury_dual_use_consumer 169
S0002642,E000867,machine_tools,DAP,road,33,kg,INV265169,DESC machine_tools 277
S0002643,E001634,luxury_dual_use_consumer,FOB,air,450,kg,INV985372,DESC luxury_dual_use_consumer 899
S0002644,E001599,medical_bio_lab,FOB,air,84,kg,INV692014,DESC medical_bio_lab 212
S0002645,E001596,maritime_port_equipment,FOB,sea,210,pcs,INV679554,DESC maritime_port_equipment 212
S0002646,E000037,medical_bio_lab,CIF,road,312,pcs,INV681739,DESC medical_bio_lab 569
S0002647,E000848,chemicals_precursors,FOB,sea,500,pcs,INV135873,DESC chemicals_precursors 175
S0002648,E000276,aerospace_uas_avionics,DAP,road,317,kg,INV517380,DESC aerospace_uas_avionics 694
S0002649,E000836,maritime_port_equipment,DAP,road,132,kg,INV980323,DESC maritime_port_equipment 160
S0002650,E001657,luxury_dual_use_consumer,FOB,sea,140,kg,INV762756,DESC luxury_dual_use_consumer 10
S0002651,E000407,medical_bio_lab,DAP,air,492,kg,INV524974,DESC medical_bio_lab 877
S0002652,E001946,luxury_dual_use_consumer,CIF,air,447,pcs,INV811429,DESC luxury_dual_use_consumer 490
S0002653,E001063,aerospace_uas_avionics,FOB,sea,169,pcs,INV751922,DESC aerospace_uas_avionics 793
S0002654,E000639,aerospace_uas_avionics,DAP,road,154,L,INV973662,DESC aerospace_uas_avionics 786
S0002655,E000690,luxury_dual_use_consumer,CIF,air,277,L,INV740708,DESC luxury_dual_use_consumer 519
S0002656,E000854,luxury_dual_use_consumer,DAP,road,144,pcs,INV331654,DESC luxury_dual_use_consumer 415
S0002657,E001207,medical_bio_lab,FOB,sea,70,L,INV210728,DESC medical_bio_lab 551
S0002658,E000683,machine_tools,CIF,road,488,kg,INV918403,DESC machine_tools 315
S0002659,E001921,aerospace_uas_avionics,DAP,road,201,kg,INV423129,DESC aerospace_uas_avionics 525
S0002660,E000050,energy_equipment,CIF,air,132,kg,INV287523,DESC energy_equipment 640
S0002661,E001104,maritime_port_equipment,DAP,sea,407,pcs,INV884133,DESC maritime_port_equipment 639
S0002662,E001002,luxury_dual_use_consumer,FOB,road,345,L,INV828590,DESC luxury_dual_use_consumer 521
S0002663,E001131,luxury_dual_use_consumer,DAP,road,346,pcs,INV115037,DESC luxury_dual_use_consumer 453
S0002664,E000722,energy_equipment,FOB,road,338,kg,INV442746,DESC energy_equipment 844
S0002665,E000291,energy_equipment,FOB,road,160,pcs,INV482643,DESC energy_equipment 996
S0002666,E001398,medical_bio_lab,DAP,sea,338,pcs,INV830114,DESC medical_bio_lab 313
S0002667,E001333,chemicals_precursors,DAP,road,113,kg,INV504412,DESC chemicals_precursors 495
S0002668,E001271,energy_equipment,CIF,air,274,L,INV244015,DESC energy_equipment 380
S0002669,E001326,chemicals_precursors,DAP,road,448,pcs,INV635198,DESC chemicals_precursors 780
S0002670,E001707,machine_tools,CIF,air,497,L,INV762461,DESC machine_tools 395
S0002671,E001952,energy_equipment,CIF,road,89,kg,INV974908,DESC energy_equipment 18
S0002672,E001062,chemicals_precursors,DAP,air,304,pcs,INV246053,DESC chemicals_precursors 573
S0002673,E001467,luxury_dual_use_consumer,FOB,road,485,L,INV137703,DESC luxury_dual_use_consumer 877
S0002674,E000832,machine_tools,DAP,road,195,L,INV390290,DESC machine_tools 26
S0002675,E000820,energy_equipment,CIF,air,398,pcs,INV526910,DESC energy_equipment 509
S0002676,E000993,maritime_port_equipment,FOB,sea,318,pcs,INV999240,DESC maritime_port_equipment 96
S0002677,E000535,medical_bio_lab,CIF,sea,31,pcs,INV936298,DESC medical_bio_lab 94
S0002678,E001079,maritime_port_equipment,CIF,road,469,kg,INV825704,DESC maritime_port_equipment 533
S0002679,E000772,maritime_port_equipment,FOB,air,356,L,INV925843,DESC maritime_port_equipment 296
S0002680,E001841,luxury_dual_use_consumer,FOB,sea,96,kg,INV339545,DESC luxury_dual_use_consumer 965
S0002681,E000379,luxury_dual_use_consumer,FOB,air,101,pcs,INV269144,DESC luxury_dual_use_consumer 188
S0002682,E001096,medical_bio_lab,FOB,sea,493,kg,INV980661,DESC medical_bio_lab 531
S0002683,E000869,maritime_port_equipment,CIF,sea,251,pcs,INV405670,DESC maritime_port_equipment 272
S0002684,E001101,maritime_port_equipment,CIF,road,143,kg,INV848857,DESC maritime_port_equipment 773
S0002685,E001553,aerospace_uas_avionics,CIF,air,325,L,INV737036,DESC aerospace_uas_avionics 722
S0002686,E000861,chemicals_precursors,FOB,road,291,pcs,INV554959,DESC chemicals_precursors 311
S0002687,E001890,maritime_port_equipment,FOB,sea,382,L,INV652923,DESC maritime_port_equipment 716
S0002688,E000636,machine_tools,FOB,road,441,L,INV214561,DESC machine_tools 888
S0002689,E001140,maritime_port_equipment,CIF,air,355,L,INV870703,DESC maritime_port_equipment 383
S0002690,E001013,aerospace_uas_avionics,CIF,sea,6,pcs,INV549769,DESC aerospace_uas_avionics 803
S0002691,E000425,machine_tools,CIF,sea,319,pcs,INV635436,DESC machine_tools 520
S0002692,E000977,aerospace_uas_avionics,CIF,sea,477,pcs,INV969969,DESC aerospace_uas_avionics 553
S0002693,E001731,medical_bio_lab,CIF,sea,490,kg,INV467040,DESC medical_bio_lab 508
S0002694,E000026,machine_tools,DAP,air,158,kg,INV961061,DESC machine_tools 585
S0002695,E001394,aerospace_uas_avionics,DAP,air,253,L,INV574684,DESC aerospace_uas_avionics 201
S0002696,E000733,chemicals_precursors,DAP,sea,277,pcs,INV293789,DESC chemicals_precursors 366
S0002697,E000572,machine_tools,CIF,sea,162,L,INV139470,DESC machine_tools 595
S0002698,E001150,aerospace_uas_avionics,FOB,sea,465,kg,INV531302,DESC aerospace_uas_avionics 820
S0002699,E001876,aerospace_uas_avionics,DAP,air,322,L,INV338776,DESC aerospace_uas_avionics 146
S0002700,E000934,chemicals_precursors,CIF,sea,98,kg,INV578469,DESC chemicals_precursors 545
S0002701,E001322,energy_equipment,FOB,road,171,pcs,INV830496,DESC energy_equipment 184
S0002702,E001575,machine_tools,CIF,air,485,pcs,INV332400,DESC machine_tools 964
S0002703,E001494,maritime_port_equipment,CIF,road,418,L,INV537692,DESC maritime_port_equipment 665
S0002704,E000007,energy_equipment,DAP,air,265,kg,INV845236,DESC energy_equipment 131
S0002705,E000053,medical_bio_lab,FOB,road,269,pcs,INV360559,DESC medical_bio_lab 86
S0002706,E000533,medical_bio_lab,CIF,road,132,pcs,INV821634,DESC medical_bio_lab 495
S0002707,E000944,machine_tools,DAP,air,242,kg,INV270583,DESC machine_tools 626
S0002708,E001119,chemicals_precursors,DAP,sea,482,kg,INV412121,DESC chemicals_precursors 727
S0002709,E001360,luxury_dual_use_consumer,CIF,air,71,kg,INV545731,DESC luxury_dual_use_consumer 907
S0002710,E001743,chemicals_precursors,CIF,air,144,pcs,INV446950,DESC chemicals_precursors 820
S0002711,E001081,luxury_dual_use_consumer,FOB,road,379,L,INV878762,DESC luxury_dual_use_consumer 171
S0002712,E001487,machine_tools,CIF,road,175,L,INV299272,DESC machine_tools 363
S0002713,E000274,energy_equipment,CIF,road,208,L,INV510640,DESC energy_equipment 46
S0002714,E001591,chemicals_precursors,FOB,air,203,pcs,INV336557,DESC chemicals_precursors 798
S0002715,E001277,chemicals_precursors,CIF,sea,189,L,INV757186,DESC chemicals_precursors 368
S0002716,E001751,energy_equipment,DAP,sea,148,L,INV213562,DESC energy_equipment 125
S0002717,E000791,luxury_dual_use_consumer,FOB,road,191,kg,INV262277,DESC luxury_dual_use_consumer 624
S0002718,E000411,maritime_port_equipment,CIF,air,38,L,INV857061,DESC maritime_port_equipment 512
S0002719,E001524,medical_bio_lab,DAP,road,23,L,INV327489,DESC medical_bio_lab 242
S0002720,E000592,chemicals_precursors,FOB,road,158,kg,INV961269,DESC chemicals_precursors 252
S0002721,E001854,chemicals_precursors,FOB,air,16,pcs,INV434645,DESC chemicals_precursors 122
S0002722,E000335,maritime_port_equipment,DAP,air,430,kg,INV821500,DESC maritime_port_equipment 933
S0002723,E000005,energy_equipment,FOB,sea,446,L,INV338155,DESC energy_equipment 46
S0002724,E000283,machine_tools,CIF,road,27,kg,INV673981,DESC machine_tools 888
S0002725,E000871,energy_equipment,DAP,sea,423,L,INV255232,DESC energy_equipment 828
S0002726,E001499,medical_bio_lab,CIF,road,151,pcs,INV781835,DESC medical_bio_lab 967
S0002727,E000615,luxury_dual_use_consumer,DAP,road,394,kg,INV500861,DESC luxury_dual_use_consumer 429
S0002728,E001721,medical_bio_lab,FOB,road,433,pcs,INV147883,DESC medical_bio_lab 530
S0002729,E000126,aerospace_uas_avionics,CIF,air,456,pcs,INV872530,DESC aerospace_uas_avionics 665
S0002730,E001796,luxury_dual_use_consumer,CIF,road,36,L,INV837988,DESC luxury_dual_use_consumer 857
S0002731,E000799,medical_bio_lab,CIF,air,193,L,INV522437,DESC medical_bio_lab 528
S0002732,E000823,aerospace_uas_avionics,FOB,road,497,kg,INV207200,DESC aerospace_uas_avionics 189
S0002733,E000821,energy_equipment,DAP,air,478,kg,INV929624,DESC energy_equipment 163
S0002734,E000564,medical_bio_lab,DAP,air,124,kg,INV896298,DESC medical_bio_lab 690
S0002735,E000093,energy_equipment,DAP,road,175,L,INV285488,DESC energy_equipment 566
S0002736,E001488,aerospace_uas_avionics,DAP,air,151,pcs,INV540092,DESC aerospace_uas_avionics 148
S0002737,E001107,luxury_dual_use_consumer,DAP,road,211,pcs,INV988228,DESC luxury_dual_use_consumer 656
S0002738,E001749,chemicals_precursors,CIF,sea,122,L,INV404730,DESC chemicals_precursors 639
S0002739,E001034,luxury_dual_use_consumer,CIF,air,290,L,INV538983,DESC luxury_dual_use_consumer 424
S0002740,E001568,medical_bio_lab,DAP,air,86,L,INV594562,DESC medical_bio_lab 346
S0002741,E001522,energy_equipment,DAP,air,288,kg,INV274012,DESC energy_equipment 613
S0002742,E001981,machine_tools,FOB,road,238,kg,INV809963,DESC machine_tools 901
S0002743,E001650,aerospace_uas_avionics,FOB,road,16,L,INV905655,DESC aerospace_uas_avionics 991
S0002744,E000853,aerospace_uas_avionics,FOB,sea,383,pcs,INV777487,DESC aerospace_uas_avionics 494
S0002745,E001293,aerospace_uas_avionics,CIF,air,347,L,INV323453,DESC aerospace_uas_avionics 597
S0002746,E000382,aerospace_uas_avionics,DAP,sea,158,kg,INV891408,DESC aerospace_uas_avionics 610
S0002747,E001528,machine_tools,FOB,air,380,pcs,INV401788,DESC machine_tools 828
S0002748,E001099,chemicals_precursors,FOB,road,41,kg,INV355109,DESC chemicals_precursors 512
S0002749,E000958,luxury_dual_use_consumer,FOB,air,367,kg,INV980467,DESC luxury_dual_use_consumer 302
S0002750,E000616,energy_equipment,CIF,air,454,kg,INV151182,DESC energy_equipment 983
S0002751,E000799,chemicals_precursors,CIF,road,345,L,INV349530,DESC chemicals_precursors 226
S0002752,E000657,machine_tools,CIF,sea,410,pcs,INV192024,DESC machine_tools 317
S0002753,E000640,aerospace_uas_avionics,FOB,air,40,kg,INV561160,DESC aerospace_uas_avionics 636
S0002754,E000032,machine_tools,DAP,air,407,kg,INV659330,DESC machine_tools 899
S0002755,E000582,maritime_port_equipment,DAP,sea,29,L,INV892495,DESC maritime_port_equipment 649
S0002756,E000604,maritime_port_equipment,FOB,road,105,pcs,INV509594,DESC maritime_port_equipment 206
S0002757,E001518,chemicals_precursors,CIF,road,76,kg,INV196305,DESC chemicals_precursors 693
S0002758,E001468,chemicals_precursors,CIF,sea,453,pcs,INV777928,DESC chemicals_precursors 758
S0002759,E001805,luxury_dual_use_consumer,DAP,sea,362,L,INV289191,DESC luxury_dual_use_consumer 539
S0002760,E000664,machine_tools,DAP,sea,288,L,INV685843,DESC machine_tools 72
S0002761,E000963,aerospace_uas_avionics,DAP,sea,152,kg,INV889146,DESC aerospace_uas_avionics 269
S0002762,E000252,luxury_dual_use_consumer,CIF,sea,439,pcs,INV147129,DESC luxury_dual_use_consumer 124
S0002763,E000197,aerospace_uas_avionics,DAP,air,131,L,INV888143,DESC aerospace_uas_avionics 933
S0002764,E001680,aerospace_uas_avionics,FOB,road,398,L,INV342726,DESC aerospace_uas_avionics 242
S0002765,E000824,chemicals_precursors,DAP,road,46,kg,INV926397,DESC chemicals_precursors 617
S0002766,E000124,chemicals_precursors,CIF,road,301,kg,INV687034,DESC chemicals_precursors 646
S0002767,E001882,medical_bio_lab,DAP,air,455,kg,INV756242,DESC medical_bio_lab 138
S0002768,E001153,maritime_port_equipment,DAP,road,444,pcs,INV133123,DESC maritime_port_equipment 511
S0002769,E000465,machine_tools,DAP,air,105,L,INV761548,DESC machine_tools 31
S0002770,E001808,chemicals_precursors,FOB,sea,419,kg,INV292649,DESC chemicals_precursors 638
S0002771,E000518,medical_bio_lab,CIF,sea,153,kg,INV978973,DESC medical_bio_lab 954
S0002772,E000471,machine_tools,FOB,sea,71,pcs,INV129451,DESC machine_tools 50
S0002773,E000639,machine_tools,FOB,road,102,pcs,INV297854,DESC machine_tools 599
S0002774,E000871,machine_tools,FOB,sea,440,pcs,INV693737,DESC machine_tools 940
S0002775,E001566,machine_tools,DAP,air,46,L,INV349880,DESC machine_tools 707
S0002776,E001276,energy_equipment,DAP,sea,32,pcs,INV922029,DESC energy_equipment 229
S0002777,E000579,chemicals_precursors,CIF,road,455,pcs,INV388686,DESC chemicals_precursors 957
S0002778,E000673,energy_equipment,FOB,sea,264,kg,INV464120,DESC energy_equipment 346
S0002779,E000406,medical_bio_lab,CIF,sea,468,pcs,INV403036,DESC medical_bio_lab 618
S0002780,E000317,energy_equipment,DAP,air,154,kg,INV422707,DESC energy_equipment 893
S0002781,E000981,medical_bio_lab,CIF,road,363,L,INV399798,DESC medical_bio_lab 987
S0002782,E000593,aerospace_uas_avionics,FOB,air,376,L,INV804091,DESC aerospace_uas_avionics 682
S0002783,E000649,energy_equipment,FOB,sea,67,pcs,INV698764,DESC energy_equipment 399
S0002784,E000398,maritime_port_equipment,CIF,air,302,kg,INV968553,DESC maritime_port_equipment 737
S0002785,E001836,chemicals_precursors,CIF,air,484,pcs,INV402381,DESC chemicals_precursors 440
S0002786,E000740,aerospace_uas_avionics,DAP,sea,65,kg,INV964773,DESC aerospace_uas_avionics 488
S0002787,E000639,luxury_dual_use_consumer,FOB,sea,278,kg,INV192723,DESC luxury_dual_use_consumer 693
S0002788,E001256,energy_equipment,DAP,road,347,L,INV292178,DESC energy_equipment 783
S0002789,E000463,chemicals_precursors,CIF,sea,57,kg,INV997257,DESC chemicals_precursors 672
S0002790,E000028,chemicals_precursors,DAP,sea,100,kg,INV842985,DESC chemicals_precursors 119
S0002791,E000696,luxury_dual_use_consumer,FOB,sea,202,pcs,INV254103,DESC luxury_dual_use_consumer 615
S0002792,E001777,energy_equipment,DAP,sea,328,L,INV500662,DESC energy_equipment 971
S0002793,E001795,maritime_port_equipment,DAP,sea,64,pcs,INV901374,DESC maritime_port_equipment 451
S0002794,E001994,aerospace_uas_avionics,DAP,road,267,pcs,INV550473,DESC aerospace_uas_avionics 405
S0002795,E001236,chemicals_precursors,CIF,road,195,pcs,INV380166,DESC chemicals_precursors 562
S0002796,E001410,machine_tools,FOB,road,465,L,INV566837,DESC machine_tools 195
S0002797,E000357,maritime_port_equipment,FOB,air,283,L,INV109101,DESC maritime_port_equipment 288
S0002798,E001370,luxury_dual_use_consumer,DAP,air,107,L,INV683595,DESC luxury_dual_use_consumer 377
S0002799,E000126,chemicals_precursors,FOB,air,236,pcs,INV904104,DESC chemicals_precursors 364
S0002800,E001356,chemicals_precursors,CIF,air,148,pcs,INV181240,DESC chemicals_precursors 310
S0002801,E000954,aerospace_uas_avionics,CIF,sea,369,kg,INV424162,DESC aerospace_uas_avionics 261
S0002802,E001469,machine_tools,CIF,air,387,pcs,INV514672,DESC machine_tools 20
S0002803,E001811,machine_tools,DAP,sea,294,L,INV775754,DESC machine_tools 367
S0002804,E000254,machine_tools,CIF,air,496,pcs,INV145944,DESC machine_tools 511
S0002805,E001770,medical_bio_lab,CIF,road,165,pcs,INV648743,DESC medical_bio_lab 32
S0002806,E001089,machine_tools,CIF,air,83,kg,INV391700,DESC machine_tools 245
S0002807,E001656,luxury_dual_use_consumer,CIF,air,409,kg,INV908856,DESC luxury_dual_use_consumer 529
S0002808,E000432,chemicals_precursors,CIF,air,330,L,INV410461,DESC chemicals_precursors 28
S0002809,E001000,luxury_dual_use_consumer,CIF,road,334,L,INV699978,DESC luxury_dual_use_consumer 629
S0002810,E001973,machine_tools,FOB,sea,469,pcs,INV371554,DESC machine_tools 120
S0002811,E000402,chemicals_precursors,FOB,sea,6,kg,INV260644,DESC chemicals_precursors 699
S0002812,E001214,machine_tools,CIF,road,365,kg,INV116483,DESC machine_tools 76
S0002813,E001865,maritime_port_equipment,FOB,sea,189,L,INV981886,DESC maritime_port_equipment 409
S0002814,E001599,maritime_port_equipment,DAP,road,112,pcs,INV889093,DESC maritime_port_equipment 971
S0002815,E000106,energy_equipment,DAP,sea,70,pcs,INV204929,DESC energy_equipment 841
S0002816,E001821,machine_tools,CIF,sea,310,pcs,INV965597,DESC machine_tools 452
S0002817,E001515,maritime_port_equipment,DAP,road,1,L,INV550095,DESC maritime_port_equipment 723
S0002818,E000134,chemicals_precursors,CIF,air,44,pcs,INV952184,DESC chemicals_precursors 926
S0002819,E000164,luxury_dual_use_consumer,DAP,air,462,L,INV504876,DESC luxury_dual_use_consumer 705
S0002820,E000540,aerospace_uas_avionics,CIF,air,379,pcs,INV860663,DESC aerospace_uas_avionics 979
S0002821,E000820,medical_bio_lab,DAP,sea,436,pcs,INV145366,DESC medical_bio_lab 799
S0002822,E000856,chemicals_precursors,FOB,road,55,L,INV572627,DESC chemicals_precursors 177
S0002823,E000906,aerospace_uas_avionics,DAP,air,66,pcs,INV300914,DESC aerospace_uas_avionics 725
S0002824,E000408,medical_bio_lab,CIF,sea,122,pcs,INV479263,DESC medical_bio_lab 293
S0002825,E001664,machine_tools,CIF,sea,446,kg,INV554596,DESC machine_tools 806
S0002826,E000220,chemicals_precursors,CIF,road,303,kg,INV883521,DESC chemicals_precursors 703
S0002827,E001087,energy_equipment,DAP,air,375,L,INV678253,DESC energy_equipment 152
S0002828,E001060,machine_tools,DAP,air,485,L,INV211467,DESC machine_tools 234
S0002829,E001548,maritime_port_equipment,DAP,sea,500,L,INV854025,DESC maritime_port_equipment 709
S0002830,E000512,maritime_port_equipment,CIF,sea,204,pcs,INV592436,DESC maritime_port_equipment 52
S0002831,E001139,medical_bio_lab,FOB,road,491,kg,INV753644,DESC medical_bio_lab 405
S0002832,E001871,maritime_port_equipment,FOB,air,332,L,INV246447,DESC maritime_port_equipment 233
S0002833,E000599,machine_tools,CIF,air,263,pcs,INV206153,DESC machine_tools 161
S0002834,E000157,machine_tools,DAP,air,496,pcs,INV906291,DESC machine_tools 569
S0002835,E001110,machine_tools,CIF,air,117,pcs,INV914767,DESC machine_tools 206
S0002836,E001692,luxury_dual_use_consumer,DAP,sea,86,pcs,INV616703,DESC luxury_dual_use_consumer 167
S0002837,E000185,chemicals_precursors,CIF,road,39,L,INV729489,DESC chemicals_precursors 830
S0002838,E001774,machine_tools,DAP,road,26,kg,INV179264,DESC machine_tools 945
S0002839,E001781,maritime_port_equipment,FOB,road,158,kg,INV980617,DESC maritime_port_equipment 751
S0002840,E001462,chemicals_precursors,CIF,road,87,kg,INV222405,DESC chemicals_precursors 49
S0002841,E001121,chemicals_precursors,CIF,road,197,pcs,INV441947,DESC chemicals_precursors 989
S0002842,E001946,maritime_port_equipment,CIF,sea,277,L,INV727311,DESC maritime_port_equipment 578
S0002843,E000623,luxury_dual_use_consumer,CIF,air,417,L,INV901362,DESC luxury_dual_use_consumer 799
S0002844,E000178,aerospace_uas_avionics,CIF,road,430,L,INV179243,DESC aerospace_uas_avionics 343
S0002845,E001596,energy_equipment,DAP,air,228,L,INV226363,DESC energy_equipment 949
S0002846,E000801,energy_equipment,CIF,road,353,kg,INV377857,DESC energy_equipment 177
S0002847,E001582,chemicals_precursors,FOB,road,387,kg,INV658656,DESC chemicals_precursors 10
S0002848,E001827,chemicals_precursors,CIF,road,474,pcs,INV516607,DESC chemicals_precursors 83
S0002849,E001457,aerospace_uas_avionics,CIF,air,385,kg,INV828233,DESC aerospace_uas_avionics 497
S0002850,E000489,chemicals_precursors,FOB,road,25,L,INV183703,DESC chemicals_precursors 145
S0002851,E001404,energy_equipment,DAP,road,75,kg,INV943803,DESC energy_equipment 80
S0002852,E000336,machine_tools,FOB,road,169,kg,INV396696,DESC machine_tools 825
S0002853,E000065,chemicals_precursors,DAP,road,465,pcs,INV604346,DESC chemicals_precursors 756
S0002854,E000657,medical_bio_lab,CIF,road,170,pcs,INV555524,DESC medical_bio_lab 174
S0002855,E001160,aerospace_uas_avionics,FOB,sea,171,L,INV602651,DESC aerospace_uas_avionics 553
S0002856,E001948,aerospace_uas_avionics,DAP,sea,344,pcs,INV609474,DESC aerospace_uas_avionics 669
S0002857,E000216,energy_equipment,CIF,road,162,kg,INV419641,DESC energy_equipment 36
S0002858,E001931,medical_bio_lab,CIF,air,119,L,INV547901,DESC medical_bio_lab 349
S0002859,E000237,machine_tools,FOB,air,161,pcs,INV245288,DESC machine_tools 735
S0002860,E001530,medical_bio_lab,CIF,air,484,L,INV548449,DESC medical_bio_lab 540
S0002861,E000438,aerospace_uas_avionics,FOB,air,399,pcs,INV699165,DESC aerospace_uas_avionics 397
S0002862,E000710,maritime_port_equipment,CIF,sea,409,pcs,INV796074,DESC maritime_port_equipment 160
S0002863,E001345,luxury_dual_use_consumer,DAP,sea,62,kg,INV500491,DESC luxury_dual_use_consumer 332
S0002864,E001823,maritime_port_equipment,CIF,sea,31,L,INV642674,DESC maritime_port_equipment 45
S0002865,E000531,maritime_port_equipment,DAP,air,224,kg,INV302493,DESC maritime_port_equipment 968
S0002866,E000692,chemicals_precursors,FOB,road,169,pcs,INV810852,DESC chemicals_precursors 279
S0002867,E001378,energy_equipment,DAP,road,81,pcs,INV884123,DESC energy_equipment 385
S0002868,E000527,luxury_dual_use_consumer,CIF,road,455,pcs,INV745893,DESC luxury_dual_use_consumer 786
S0002869,E000203,maritime_port_equipment,CIF,air,14,kg,INV681418,DESC maritime_port_equipment 23
S0002870,E001511,aerospace_uas_avionics,DAP,air,321,L,INV338891,DESC aerospace_uas_avionics 763
S0002871,E001092,luxury_dual_use_consumer,FOB,sea,122,pcs,INV207970,DESC luxury_dual_use_consumer 613
S0002872,E001555,energy_equipment,CIF,sea,97,L,INV256694,DESC energy_equipment 434
S0002873,E001052,chemicals_precursors,DAP,air,499,kg,INV420968,DESC chemicals_precursors 969
S0002874,E000817,medical_bio_lab,FOB,sea,52,pcs,INV443915,DESC medical_bio_lab 807
S0002875,E001802,luxury_dual_use_consumer,CIF,sea,349,kg,INV291365,DESC luxury_dual_use_consumer 800
S0002876,E001478,maritime_port_equipment,DAP,air,17,kg,INV950862,DESC maritime_port_equipment 792
S0002877,E000988,energy_equipment,DAP,air,32,pcs,INV117317,DESC energy_equipment 764
S0002878,E000610,machine_tools,CIF,road,193,L,INV193741,DESC machine_tools 733
S0002879,E001967,machine_tools,DAP,road,309,pcs,INV149816,DESC machine_tools 427
S0002880,E000648,maritime_port_equipment,FOB,air,89,kg,INV586945,DESC maritime_port_equipment 873
S0002881,E000401,luxury_dual_use_consumer,CIF,sea,460,kg,INV566949,DESC luxury_dual_use_consumer 687
S0002882,E000268,chemicals_precursors,CIF,sea,236,pcs,INV401667,DESC chemicals_precursors 297
S0002883,E000589,medical_bio_lab,FOB,road,497,pcs,INV567600,DESC medical_bio_lab 92
S0002884,E000683,maritime_port_equipment,DAP,road,91,kg,INV514075,DESC maritime_port_equipment 726
S0002885,E000001,chemicals_precursors,FOB,sea,65,L,INV907077,DESC chemicals_precursors 229
S0002886,E000460,chemicals_precursors,FOB,air,461,L,INV850511,DESC chemicals_precursors 815
S0002887,E000377,luxury_dual_use_consumer,DAP,air,342,pcs,INV954012,DESC luxury_dual_use_consumer 26
S0002888,E000966,maritime_port_equipment,FOB,road,69,kg,INV770433,DESC maritime_port_equipment 596
S0002889,E001219,medical_bio_lab,DAP,air,282,L,INV743841,DESC medical_bio_lab 47
S0002890,E000683,energy_equipment,DAP,sea,236,pcs,INV340884,DESC energy_equipment 83
S0002891,E000848,chemicals_precursors,DAP,sea,188,kg,INV259836,DESC chemicals_precursors 629
S0002892,E001999,aerospace_uas_avionics,FOB,sea,155,L,INV321819,DESC aerospace_uas_avionics 22
S0002893,E000660,luxury_dual_use_consumer,CIF,air,23,kg,INV252242,DESC luxury_dual_use_consumer 615
S0002894,E000021,medical_bio_lab,CIF,sea,482,L,INV499464,DESC medical_bio_lab 399
S0002895,E000127,machine_tools,FOB,sea,196,L,INV601958,DESC machine_tools 980
S0002896,E001850,machine_tools,DAP,air,90,kg,INV813908,DESC machine_tools 692
S0002897,E000693,chemicals_precursors,DAP,road,46,kg,INV163172,DESC chemicals_precursors 759
S0002898,E000673,maritime_port_equipment,DAP,road,106,pcs,INV285254,DESC maritime_port_equipment 331
S0002899,E000476,energy_equipment,FOB,sea,22,pcs,INV958307,DESC energy_equipment 706
S0002900,E000986,medical_bio_lab,FOB,sea,17,L,INV229382,DESC medical_bio_lab 500
S0002901,E000416,medical_bio_lab,CIF,air,299,pcs,INV902544,DESC medical_bio_lab 856
S0002902,E001818,chemicals_precursors,FOB,sea,76,kg,INV243292,DESC chemicals_precursors 789
S0002903,E000773,machine_tools,DAP,road,281,pcs,INV171259,DESC machine_tools 329
S0002904,E001212,aerospace_uas_avionics,CIF,air,42,L,INV463761,DESC aerospace_uas_avionics 179
S0002905,E000612,maritime_port_equipment,CIF,air,301,L,INV429586,DESC maritime_port_equipment 219
S0002906,E000426,chemicals_precursors,FOB,air,330,pcs,INV190531,DESC chemicals_precursors 720
S0002907,E000715,machine_tools,DAP,sea,368,kg,INV693042,DESC machine_tools 690
S0002908,E001674,machine_tools,CIF,air,1,pcs,INV422113,DESC machine_tools 85
S0002909,E001153,medical_bio_lab,CIF,sea,497,kg,INV209829,DESC medical_bio_lab 92
S0002910,E000607,luxury_dual_use_consumer,DAP,road,314,kg,INV274387,DESC luxury_dual_use_consumer 12
S0002911,E000889,aerospace_uas_avionics,FOB,road,369,L,INV348284,DESC aerospace_uas_avionics 17
S0002912,E000698,machine_tools,FOB,road,133,pcs,INV718736,DESC machine_tools 600
S0002913,E001004,chemicals_precursors,CIF,road,349,kg,INV763100,DESC chemicals_precursors 425
S0002914,E000711,energy_equipment,CIF,sea,43,pcs,INV799085,DESC energy_equipment 926
S0002915,E001521,energy_equipment,DAP,sea,162,kg,INV480936,DESC energy_equipment 339
S0002916,E000362,energy_equipment,CIF,road,477,L,INV438268,DESC energy_equipment 535
S0002917,E001864,medical_bio_lab,CIF,air,30,kg,INV657328,DESC medical_bio_lab 768
S0002918,E000527,aerospace_uas_avionics,FOB,road,493,pcs,INV767811,DESC aerospace_uas_avionics 405
S0002919,E000035,energy_equipment,CIF,sea,118,L,INV958170,DESC energy_equipment 134
S0002920,E000784,maritime_port_equipment,CIF,sea,379,kg,INV595105,DESC maritime_port_equipment 745
S0002921,E001828,maritime_port_equipment,FOB,air,167,pcs,INV729734,DESC maritime_port_equipment 277
S0002922,E000470,medical_bio_lab,DAP,road,158,pcs,INV919635,DESC medical_bio_lab 63
S0002923,E001152,chemicals_precursors,CIF,road,404,pcs,INV394408,DESC chemicals_precursors 98
S0002924,E001908,machine_tools,CIF,air,111,kg,INV177418,DESC machine_tools 399
S0002925,E000616,maritime_port_equipment,CIF,sea,106,kg,INV359045,DESC maritime_port_equipment 963
S0002926,E000987,luxury_dual_use_consumer,CIF,sea,44,pcs,INV405108,DESC luxury_dual_use_consumer 997
S0002927,E001131,luxury_dual_use_consumer,DAP,air,463,kg,INV434013,DESC luxury_dual_use_consumer 335
S0002928,E000864,machine_tools,DAP,road,38,pcs,INV749311,DESC machine_tools 387
S0002929,E001357,luxury_dual_use_consumer,FOB,road,474,L,INV416377,DESC luxury_dual_use_consumer 416
S0002930,E001199,aerospace_uas_avionics,DAP,sea,219,L,INV712403,DESC aerospace_uas_avionics 33
S0002931,E001351,medical_bio_lab,CIF,road,172,L,INV792932,DESC medical_bio_lab 995
S0002932,E000421,maritime_port_equipment,CIF,air,93,L,INV416602,DESC maritime_port_equipment 379
S0002933,E001487,machine_tools,DAP,air,151,kg,INV455147,DESC machine_tools 711
S0002934,E001858,medical_bio_lab,DAP,road,17,L,INV454867,DESC medical_bio_lab 100
S0002935,E001274,aerospace_uas_avionics,DAP,air,53,kg,INV323228,DESC aerospace_uas_avionics 507
S0002936,E001833,machine_tools,FOB,air,286,kg,INV884531,DESC machine_tools 236
S0002937,E000724,energy_equipment,CIF,road,99,kg,INV736602,DESC energy_equipment 49
S0002938,E001517,aerospace_uas_avionics,DAP,air,180,pcs,INV498686,DESC aerospace_uas_avionics 184
S0002939,E000569,energy_equipment,DAP,air,183,kg,INV808391,DESC energy_equipment 184
S0002940,E000392,luxury_dual_use_consumer,CIF,road,175,kg,INV304397,DESC luxury_dual_use_consumer 332
S0002941,E000482,energy_equipment,CIF,road,62,L,INV222084,DESC energy_equipment 708
S0002942,E001980,machine_tools,DAP,sea,446,kg,INV185290,DESC machine_tools 97
S0002943,E001673,medical_bio_lab,DAP,road,283,L,INV497963,DESC medical_bio_lab 765
S0002944,E000833,maritime_port_equipment,FOB,road,10,pcs,INV183141,DESC maritime_port_equipment 874
S0002945,E000988,machine_tools,DAP,road,273,L,INV215315,DESC machine_tools 575
S0002946,E001572,maritime_port_equipment,FOB,road,449,L,INV428124,DESC maritime_port_equipment 289
S0002947,E001708,energy_equipment,DAP,sea,214,L,INV209708,DESC energy_equipment 353
S0002948,E000483,luxury_dual_use_consumer,CIF,air,366,L,INV172571,DESC luxury_dual_use_consumer 233
S0002949,E001605,luxury_dual_use_consumer,CIF,air,481,L,INV465065,DESC luxury_dual_use_consumer 476
S0002950,E000853,luxury_dual_use_consumer,DAP,sea,86,kg,INV391572,DESC luxury_dual_use_consumer 399
S0002951,E001280,luxury_dual_use_consumer,DAP,air,471,kg,INV948252,DESC luxury_dual_use_consumer 710
S0002952,E000960,maritime_port_equipment,CIF,road,110,kg,INV700573,DESC maritime_port_equipment 391
S0002953,E000359,aerospace_uas_avionics,CIF,air,213,pcs,INV421806,DESC aerospace_uas_avionics 269
S0002954,E000626,medical_bio_lab,DAP,sea,482,L,INV399471,DESC medical_bio_lab 381
S0002955,E000198,maritime_port_equipment,DAP,road,62,pcs,INV244060,DESC maritime_port_equipment 949
S0002956,E001132,aerospace_uas_avionics,CIF,road,180,kg,INV578863,DESC aerospace_uas_avionics 824
S0002957,E001324,chemicals_precursors,FOB,air,52,kg,INV491372,DESC chemicals_precursors 313
S0002958,E000428,energy_equipment,FOB,air,405,pcs,INV266799,DESC energy_equipment 240
S0002959,E001366,maritime_port_equipment,FOB,road,50,pcs,INV803968,DESC maritime_port_equipment 764
S0002960,E001789,chemicals_precursors,FOB,sea,109,L,INV878651,DESC chemicals_precursors 713
S0002961,E001822,energy_equipment,DAP,road,490,pcs,INV801888,DESC energy_equipment 926
S0002962,E001637,maritime_port_equipment,CIF,road,137,pcs,INV654855,DESC maritime_port_equipment 720
S0002963,E000316,energy_equipment,FOB,road,82,kg,INV723208,DESC energy_equipment 979
S0002964,E001116,machine_tools,FOB,road,34,pcs,INV359438,DESC machine_tools 298
S0002965,E001623,machine_tools,CIF,air,335,kg,INV197105,DESC machine_tools 404
S0002966,E000549,aerospace_uas_avionics,CIF,road,45,kg,INV359067,DESC aerospace_uas_avionics 757
S0002967,E000668,aerospace_uas_avionics,DAP,air,472,kg,INV640339,DESC aerospace_uas_avionics 653
S0002968,E001963,aerospace_uas_avionics,DAP,air,204,L,INV986515,DESC aerospace_uas_avionics 862
S0002969,E001861,maritime_port_equipment,DAP,sea,403,kg,INV147859,DESC maritime_port_equipment 217
S0002970,E001418,machine_tools,CIF,sea,253,L,INV392829,DESC machine_tools 954
S0002971,E000969,aerospace_uas_avionics,CIF,sea,470,pcs,INV247856,DESC aerospace_uas_avionics 26
S0002972,E001136,aerospace_uas_avionics,FOB,sea,303,L,INV462606,DESC aerospace_uas_avionics 953
S0002973,E000181,maritime_port_equipment,CIF,air,143,pcs,INV178272,DESC maritime_port_equipment 719
S0002974,E001708,maritime_port_equipment,CIF,air,254,L,INV597951,DESC maritime_port_equipment 880
S0002975,E000258,aerospace_uas_avionics,DAP,road,402,pcs,INV869176,DESC aerospace_uas_avionics 348
S0002976,E001751,luxury_dual_use_consumer,FOB,air,202,pcs,INV517461,DESC luxury_dual_use_consumer 776
S0002977,E001458,maritime_port_equipment,CIF,road,128,kg,INV416853,DESC maritime_port_equipment 241
S0002978,E001532,machine_tools,CIF,sea,298,L,INV310125,DESC machine_tools 74
S0002979,E000060,luxury_dual_use_consumer,DAP,air,247,L,INV700276,DESC luxury_dual_use_consumer 147
S0002980,E001410,machine_tools,CIF,sea,232,kg,INV544966,DESC machine_tools 765
S0002981,E001946,maritime_port_equipment,DAP,road,278,pcs,INV821013,DESC maritime_port_equipment 3
S0002982,E001046,aerospace_uas_avionics,CIF,road,466,L,INV207430,DESC aerospace_uas_avionics 512
S0002983,E001135,medical_bio_lab,CIF,road,230,L,INV322750,DESC medical_bio_lab 48
S0002984,E000721,energy_equipment,DAP,road,374,L,INV698602,DESC energy_equipment 245
S0002985,E000711,machine_tools,FOB,road,358,pcs,INV612522,DESC machine_tools 978
S0002986,E001566,aerospace_uas_avionics,DAP,road,168,kg,INV260302,DESC aerospace_uas_avionics 560
S0002987,E000870,chemicals_precursors,FOB,road,149,pcs,INV206255,DESC chemicals_precursors 603
S0002988,E001042,chemicals_precursors,CIF,sea,45,kg,INV192181,DESC chemicals_precursors 210
S0002989,E000400,chemicals_precursors,FOB,road,341,kg,INV874790,DESC chemicals_precursors 848
S0002990,E000887,luxury_dual_use_consumer,DAP,air,464,pcs,INV911462,DESC luxury_dual_use_consumer 808
S0002991,E000104,energy_equipment,DAP,sea,151,L,INV387159,DESC energy_equipment 755
S0002992,E000651,aerospace_uas_avionics,CIF,air,361,L,INV683918,DESC aerospace_uas_avionics 541
S0002993,E000575,aerospace_uas_avionics,FOB,road,497,pcs,INV494993,DESC aerospace_uas_avionics 134
S0002994,E001373,chemicals_precursors,FOB,road,21,L,INV197516,DESC chemicals_precursors 64
S0002995,E001299,chemicals_precursors,CIF,road,324,L,INV754629,DESC chemicals_precursors 575
S0002996,E001554,machine_tools,FOB,road,406,pcs,INV587663,DESC machine_tools 698
S0002997,E001598,medical_bio_lab,DAP,sea,207,kg,INV706173,DESC medical_bio_lab 76
S0002998,E000474,chemicals_precursors,FOB,sea,418,kg,INV409527,DESC chemicals_precursors 567
S0002999,E001599,aerospace_uas_avionics,FOB,air,315,pcs,INV807508,DESC aerospace_uas_avionics 373
S0003000,E001912,aerospace_uas_avionics,DAP,air,23,L,INV868833,DESC aerospace_uas_avionics 610
S0003001,E001783,medical_bio_lab,DAP,air,265,kg,INV999947,DESC medical_bio_lab 985
S0003002,E000080,machine_tools,DAP,road,265,kg,INV413786,DESC machine_tools 409
S0003003,E000963,aerospace_uas_avionics,FOB,road,324,kg,INV674352,DESC aerospace_uas_avionics 342
S0003004,E000088,luxury_dual_use_consumer,FOB,road,197,pcs,INV794401,DESC luxury_dual_use_consumer 469
S0003005,E001233,aerospace_uas_avionics,CIF,sea,414,kg,INV288744,DESC aerospace_uas_avionics 948
S0003006,E000763,medical_bio_lab,FOB,road,252,pcs,INV914843,DESC medical_bio_lab 290
S0003007,E000328,medical_bio_lab,FOB,sea,207,L,INV383201,DESC medical_bio_lab 406
S0003008,E001041,chemicals_precursors,FOB,road,174,pcs,INV294097,DESC chemicals_precursors 213
S0003009,E000244,luxury_dual_use_consumer,DAP,air,268,L,INV885025,DESC luxury_dual_use_consumer 614
S0003010,E000856,medical_bio_lab,CIF,road,80,kg,INV382240,DESC medical_bio_lab 148
S0003011,E000951,energy_equipment,DAP,air,142,kg,INV269887,DESC energy_equipment 321
S0003012,E001500,chemicals_precursors,FOB,air,160,pcs,INV617607,DESC chemicals_precursors 283
S0003013,E000630,maritime_port_equipment,DAP,sea,385,L,INV176841,DESC maritime_port_equipment 549
S0003014,E000438,aerospace_uas_avionics,FOB,road,222,L,INV527667,DESC aerospace_uas_avionics 73
S0003015,E000140,chemicals_precursors,FOB,sea,49,pcs,INV421288,DESC chemicals_precursors 173
S0003016,E001708,machine_tools,DAP,air,41,kg,INV625007,DESC machine_tools 583
S0003017,E001652,luxury_dual_use_consumer,CIF,sea,397,pcs,INV209133,DESC luxury_dual_use_consumer 58
S0003018,E001341,maritime_port_equipment,CIF,sea,70,L,INV302360,DESC maritime_port_equipment 332
S0003019,E000049,aerospace_uas_avionics,DAP,road,320,pcs,INV565547,DESC aerospace_uas_avionics 764
S0003020,E001503,luxury_dual_use_consumer,CIF,road,235,L,INV648601,DESC luxury_dual_use_consumer 325
S0003021,E000274,energy_equipment,DAP,road,493,kg,INV973006,DESC energy_equipment 812
S0003022,E000007,machine_tools,FOB,road,487,pcs,INV821845,DESC machine_tools 957
S0003023,E001185,machine_tools,CIF,road,196,L,INV810836,DESC machine_tools 507
S0003024,E000944,chemicals_precursors,FOB,sea,497,pcs,INV419028,DESC chemicals_precursors 278
S0003025,E001752,aerospace_uas_avionics,FOB,road,450,L,INV570388,DESC aerospace_uas_avionics 344
S0003026,E000413,luxury_dual_use_consumer,FOB,road,255,pcs,INV216019,DESC luxury_dual_use_consumer 922
S0003027,E000790,aerospace_uas_avionics,DAP,road,128,pcs,INV990360,DESC aerospace_uas_avionics 763
S0003028,E000475,chemicals_precursors,DAP,air,172,L,INV433104,DESC chemicals_precursors 48
S0003029,E001889,maritime_port_equipment,FOB,road,316,pcs,INV962358,DESC maritime_port_equipment 156
S0003030,E000311,medical_bio_lab,CIF,air,7,L,INV554556,DESC medical_bio_lab 964
S0003031,E000409,medical_bio_lab,DAP,sea,215,pcs,INV749658,DESC medical_bio_lab 66
S0003032,E000014,maritime_port_equipment,DAP,air,133,L,INV576336,DESC maritime_port_equipment 603
S0003033,E000440,maritime_port_equipment,DAP,road,264,kg,INV686145,DESC maritime_port_equipment 994
S0003034,E000790,maritime_port_equipment,CIF,sea,368,kg,INV407166,DESC maritime_port_equipment 580
S0003035,E001412,maritime_port_equipment,DAP,sea,168,pcs,INV129161,DESC maritime_port_equipment 936
S0003036,E000458,luxury_dual_use_consumer,DAP,air,151,pcs,INV552233,DESC luxury_dual_use_consumer 294
S0003037,E000555,maritime_port_equipment,DAP,sea,25,L,INV426575,DESC maritime_port_equipment 254
S0003038,E000906,energy_equipment,CIF,road,170,kg,INV462818,DESC energy_equipment 6
S0003039,E001544,energy_equipment,FOB,road,291,L,INV630402,DESC energy_equipment 946
S0003040,E000847,aerospace_uas_avionics,CIF,road,118,kg,INV135065,DESC aerospace_uas_avionics 86
S0003041,E001684,luxury_dual_use_consumer,FOB,air,248,pcs,INV115284,DESC luxury_dual_use_consumer 911
S0003042,E000409,energy_equipment,CIF,sea,484,kg,INV419247,DESC energy_equipment 600
S0003043,E001143,luxury_dual_use_consumer,FOB,road,269,kg,INV627666,DESC luxury_dual_use_consumer 73
S0003044,E001612,aerospace_uas_avionics,CIF,air,250,pcs,INV657019,DESC aerospace_uas_avionics 233
S0003045,E001319,maritime_port_equipment,CIF,road,71,kg,INV295539,DESC maritime_port_equipment 109
S0003046,E001215,aerospace_uas_avionics,DAP,sea,53,pcs,INV959390,DESC aerospace_uas_avionics 655
S0003047,E001574,luxury_dual_use_consumer,CIF,sea,409,pcs,INV172511,DESC luxury_dual_use_consumer 465
S0003048,E001771,maritime_port_equipment,CIF,sea,17,pcs,INV813331,DESC maritime_port_equipment 674
S0003049,E000384,luxury_dual_use_consumer,FOB,road,45,pcs,INV212863,DESC luxury_dual_use_consumer 793
S0003050,E001374,energy_equipment,DAP,road,379,kg,INV433554,DESC energy_equipment 417
S0003051,E001393,machine_tools,CIF,road,265,L,INV766262,DESC machine_tools 438
S0003052,E000582,maritime_port_equipment,DAP,sea,230,kg,INV453814,DESC maritime_port_equipment 123
S0003053,E001262,energy_equipment,DAP,air,143,pcs,INV477301,DESC energy_equipment 61
S0003054,E001768,luxury_dual_use_consumer,DAP,road,387,L,INV165247,DESC luxury_dual_use_consumer 310
S0003055,E001415,medical_bio_lab,FOB,sea,401,L,INV686996,DESC medical_bio_lab 698
S0003056,E001030,maritime_port_equipment,FOB,air,58,L,INV500086,DESC maritime_port_equipment 694
S0003057,E000699,aerospace_uas_avionics,DAP,sea,462,L,INV486153,DESC aerospace_uas_avionics 596
S0003058,E000685,aerospace_uas_avionics,FOB,air,57,pcs,INV169602,DESC aerospace_uas_avionics 445
S0003059,E000846,machine_tools,DAP,sea,250,kg,INV604599,DESC machine_tools 555
S0003060,E001658,maritime_port_equipment,DAP,road,499,kg,INV150972,DESC maritime_port_equipment 833
S0003061,E001552,maritime_port_equipment,DAP,sea,16,pcs,INV217901,DESC maritime_port_equipment 851
S0003062,E000391,chemicals_precursors,FOB,air,281,pcs,INV180309,DESC chemicals_precursors 598
S0003063,E000523,maritime_port_equipment,CIF,air,109,L,INV188953,DESC maritime_port_equipment 608
S0003064,E001425,aerospace_uas_avionics,FOB,sea,482,pcs,INV165940,DESC aerospace_uas_avionics 833
S0003065,E001935,chemicals_precursors,DAP,road,381,L,INV643591,DESC chemicals_precursors 850
S0003066,E001830,luxury_dual_use_consumer,CIF,road,284,pcs,INV343343,DESC luxury_dual_use_consumer 655
S0003067,E000146,machine_tools,CIF,sea,432,kg,INV605595,DESC machine_tools 679
S0003068,E000116,machine_tools,FOB,road,261,kg,INV380587,DESC machine_tools 961
S0003069,E001590,maritime_port_equipment,FOB,sea,120,pcs,INV340973,DESC maritime_port_equipment 336
S0003070,E001865,chemicals_precursors,FOB,air,475,pcs,INV816593,DESC chemicals_precursors 828
S0003071,E001038,machine_tools,CIF,air,9,L,INV582968,DESC machine_tools 20
S0003072,E000632,maritime_port_equipment,DAP,road,474,kg,INV283631,DESC maritime_port_equipment 607
S0003073,E001851,machine_tools,FOB,sea,310,L,INV627936,DESC machine_tools 926
S0003074,E000219,luxury_dual_use_consumer,CIF,sea,367,pcs,INV828786,DESC luxury_dual_use_consumer 85
S0003075,E000908,medical_bio_lab,FOB,air,67,pcs,INV764910,DESC medical_bio_lab 939
S0003076,E000858,aerospace_uas_avionics,DAP,road,288,kg,INV113538,DESC aerospace_uas_avionics 954
S0003077,E000137,aerospace_uas_avionics,FOB,road,21,pcs,INV116297,DESC aerospace_uas_avionics 774
S0003078,E001792,maritime_port_equipment,FOB,road,398,kg,INV695484,DESC maritime_port_equipment 4
S0003079,E001336,chemicals_precursors,FOB,sea,69,pcs,INV340881,DESC chemicals_precursors 100
S0003080,E001130,chemicals_precursors,DAP,road,382,kg,INV895091,DESC chemicals_precursors 173
S0003081,E001409,maritime_port_equipment,CIF,road,335,kg,INV765647,DESC maritime_port_equipment 197
S0003082,E001252,maritime_port_equipment,FOB,sea,215,pcs,INV723319,DESC maritime_port_equipment 191
S0003083,E000380,aerospace_uas_avionics,FOB,sea,38,pcs,INV436293,DESC aerospace_uas_avionics 802
S0003084,E000880,energy_equipment,CIF,road,30,kg,INV327657,DESC energy_equipment 763
S0003085,E001315,machine_tools,CIF,sea,363,kg,INV230081,DESC machine_tools 697
S0003086,E000724,machine_tools,CIF,road,409,kg,INV856707,DESC machine_tools 141
S0003087,E000957,luxury_dual_use_consumer,FOB,air,26,L,INV781129,DESC luxury_dual_use_consumer 81
S0003088,E000576,energy_equipment,CIF,air,335,kg,INV679894,DESC energy_equipment 275
S0003089,E000529,medical_bio_lab,FOB,road,287,L,INV897746,DESC medical_bio_lab 889
S0003090,E000413,aerospace_uas_avionics,FOB,road,378,L,INV773445,DESC aerospace_uas_avionics 285
S0003091,E001998,chemicals_precursors,DAP,sea,430,kg,INV127411,DESC chemicals_precursors 265
S0003092,E000896,machine_tools,FOB,sea,8,kg,INV934248,DESC machine_tools 238
S0003093,E001670,machine_tools,DAP,road,154,L,INV939658,DESC machine_tools 243
S0003094,E000131,machine_tools,CIF,road,475,pcs,INV181902,DESC machine_tools 671
S0003095,E001368,energy_equipment,DAP,air,121,L,INV713568,DESC energy_equipment 156
S0003096,E000649,aerospace_uas_avionics,FOB,air,367,kg,INV810511,DESC aerospace_uas_avionics 246
S0003097,E000104,medical_bio_lab,DAP,air,403,kg,INV913913,DESC medical_bio_lab 198
S0003098,E000363,medical_bio_lab,CIF,sea,289,kg,INV293689,DESC medical_bio_lab 158
S0003099,E001965,aerospace_uas_avionics,FOB,air,269,kg,INV729182,DESC aerospace_uas_avionics 938
S0003100,E001470,luxury_dual_use_consumer,CIF,air,41,pcs,INV270493,DESC luxury_dual_use_consumer 711
S0003101,E001871,medical_bio_lab,DAP,road,151,pcs,INV713417,DESC medical_bio_lab 85
S0003102,E001438,energy_equipment,CIF,road,464,pcs,INV681240,DESC energy_equipment 142
S0003103,E001582,energy_equipment,CIF,sea,205,kg,INV520823,DESC energy_equipment 449
S0003104,E000288,aerospace_uas_avionics,DAP,road,178,kg,INV285040,DESC aerospace_uas_avionics 650
S0003105,E001637,chemicals_precursors,DAP,sea,267,L,INV125345,DESC chemicals_precursors 821
S0003106,E000552,luxury_dual_use_consumer,FOB,air,124,L,INV804931,DESC luxury_dual_use_consumer 741
S0003107,E001377,energy_equipment,FOB,road,38,kg,INV166679,DESC energy_equipment 872
S0003108,E000540,machine_tools,FOB,air,167,kg,INV246294,DESC machine_tools 825
S0003109,E000078,medical_bio_lab,DAP,road,244,L,INV162245,DESC medical_bio_lab 592
S0003110,E000591,chemicals_precursors,FOB,road,248,kg,INV607130,DESC chemicals_precursors 470
S0003111,E001458,chemicals_precursors,DAP,road,495,L,INV748909,DESC chemicals_precursors 481
S0003112,E000996,chemicals_precursors,CIF,road,160,L,INV901514,DESC chemicals_precursors 825
S0003113,E001304,luxury_dual_use_consumer,CIF,sea,97,pcs,INV337749,DESC luxury_dual_use_consumer 898
S0003114,E001804,energy_equipment,FOB,road,9,kg,INV627940,DESC energy_equipment 891
S0003115,E000825,aerospace_uas_avionics,FOB,air,30,L,INV270290,DESC aerospace_uas_avionics 236
S0003116,E000203,machine_tools,FOB,sea,315,kg,INV109149,DESC machine_tools 586
S0003117,E001851,chemicals_precursors,CIF,sea,150,L,INV716576,DESC chemicals_precursors 21
S0003118,E001423,medical_bio_lab,DAP,sea,310,pcs,INV582998,DESC medical_bio_lab 185
S0003119,E000488,chemicals_precursors,CIF,road,170,pcs,INV112652,DESC chemicals_precursors 836
S0003120,E000953,aerospace_uas_avionics,CIF,sea,320,kg,INV369628,DESC aerospace_uas_avionics 993
S0003121,E001967,medical_bio_lab,FOB,road,125,kg,INV741958,DESC medical_bio_lab 390
S0003122,E001977,energy_equipment,DAP,sea,141,L,INV739016,DESC energy_equipment 59
S0003123,E001847,chemicals_precursors,DAP,sea,471,kg,INV656499,DESC chemicals_precursors 476
S0003124,E000835,chemicals_precursors,FOB,sea,59,pcs,INV704639,DESC chemicals_precursors 385
S0003125,E000035,luxury_dual_use_consumer,DAP,air,176,L,INV847567,DESC luxury_dual_use_consumer 495
S0003126,E001217,aerospace_uas_avionics,FOB,sea,68,kg,INV800857,DESC aerospace_uas_avionics 690
S0003127,E000375,medical_bio_lab,FOB,sea,488,kg,INV174928,DESC medical_bio_lab 509
S0003128,E000549,luxury_dual_use_consumer,CIF,road,424,kg,INV972060,DESC luxury_dual_use_consumer 99
S0003129,E001832,aerospace_uas_avionics,FOB,air,124,L,INV536134,DESC aerospace_uas_avionics 728
S0003130,E001026,chemicals_precursors,DAP,air,264,pcs,INV943717,DESC chemicals_precursors 450
S0003131,E000352,energy_equipment,DAP,sea,267,L,INV422542,DESC energy_equipment 556
S0003132,E000323,maritime_port_equipment,FOB,sea,492,pcs,INV197891,DESC maritime_port_equipment 367
S0003133,E001323,medical_bio_lab,CIF,air,382,kg,INV659127,DESC medical_bio_lab 511
S0003134,E001216,maritime_port_equipment,CIF,sea,10,L,INV166779,DESC maritime_port_equipment 178
S0003135,E000275,aerospace_uas_avionics,DAP,road,184,kg,INV683728,DESC aerospace_uas_avionics 267
S0003136,E001540,luxury_dual_use_consumer,FOB,road,302,kg,INV732854,DESC luxury_dual_use_consumer 521
S0003137,E001478,maritime_port_equipment,DAP,road,428,L,INV247479,DESC maritime_port_equipment 818
S0003138,E001685,energy_equipment,FOB,air,453,L,INV617144,DESC energy_equipment 46
S0003139,E001880,machine_tools,FOB,air,253,kg,INV796817,DESC machine_tools 846
S0003140,E001169,chemicals_precursors,DAP,road,302,kg,INV442919,DESC chemicals_precursors 216
S0003141,E000823,maritime_port_equipment,DAP,road,444,L,INV713487,DESC maritime_port_equipment 135
S0003142,E000794,maritime_port_equipment,DAP,air,296,pcs,INV832775,DESC maritime_port_equipment 463
S0003143,E001656,energy_equipment,FOB,air,141,pcs,INV987998,DESC energy_equipment 402
S0003144,E000133,aerospace_uas_avionics,FOB,sea,481,kg,INV711370,DESC aerospace_uas_avionics 443
S0003145,E000489,maritime_port_equipment,CIF,air,318,kg,INV757337,DESC maritime_port_equipment 537
S0003146,E001957,aerospace_uas_avionics,FOB,air,60,pcs,INV898569,DESC aerospace_uas_avionics 645
S0003147,E000265,medical_bio_lab,FOB,sea,379,pcs,INV719999,DESC medical_bio_lab 792
S0003148,E001981,luxury_dual_use_consumer,FOB,air,475,L,INV835802,DESC luxury_dual_use_consumer 759
S0003149,E001160,medical_bio_lab,FOB,air,327,pcs,INV513446,DESC medical_bio_lab 395
S0003150,E000659,maritime_port_equipment,CIF,sea,50,kg,INV748652,DESC maritime_port_equipment 17
S0003151,E000896,aerospace_uas_avionics,CIF,air,303,kg,INV399361,DESC aerospace_uas_avionics 554
S0003152,E000895,maritime_port_equipment,FOB,air,31,L,INV160318,DESC maritime_port_equipment 811
S0003153,E000600,machine_tools,FOB,road,220,L,INV674218,DESC machine_tools 216
S0003154,E001657,chemicals_precursors,DAP,sea,256,pcs,INV979503,DESC chemicals_precursors 933
S0003155,E001038,maritime_port_equipment,DAP,air,185,L,INV564265,DESC maritime_port_equipment 727
S0003156,E000872,maritime_port_equipment,DAP,road,405,L,INV485531,DESC maritime_port_equipment 189
S0003157,E000006,aerospace_uas_avionics,DAP,sea,290,L,INV966373,DESC aerospace_uas_avionics 246
S0003158,E000612,aerospace_uas_avionics,FOB,sea,344,kg,INV569054,DESC aerospace_uas_avionics 846
S0003159,E001073,maritime_port_equipment,CIF,sea,342,pcs,INV479175,DESC maritime_port_equipment 954
S0003160,E000507,energy_equipment,FOB,road,396,pcs,INV897432,DESC energy_equipment 184
S0003161,E001448,machine_tools,FOB,sea,374,kg,INV734973,DESC machine_tools 775
S0003162,E000872,energy_equipment,DAP,road,76,kg,INV906941,DESC energy_equipment 686
S0003163,E001109,machine_tools,CIF,sea,41,pcs,INV440403,DESC machine_tools 868
S0003164,E000319,energy_equipment,DAP,air,348,L,INV626521,DESC energy_equipment 395
S0003165,E001154,maritime_port_equipment,DAP,road,53,pcs,INV820641,DESC maritime_port_equipment 993
S0003166,E001845,chemicals_precursors,CIF,road,374,pcs,INV437536,DESC chemicals_precursors 622
S0003167,E000438,maritime_port_equipment,DAP,sea,389,pcs,INV536304,DESC maritime_port_equipment 724
S0003168,E001100,energy_equipment,DAP,road,445,L,INV935886,DESC energy_equipment 313
S0003169,E000685,maritime_port_equipment,CIF,air,277,kg,INV891031,DESC maritime_port_equipment 895
S0003170,E000746,maritime_port_equipment,DAP,sea,258,kg,INV109382,DESC maritime_port_equipment 178
S0003171,E001709,aerospace_uas_avionics,CIF,road,253,L,INV233650,DESC aerospace_uas_avionics 724
S0003172,E001498,machine_tools,DAP,sea,29,pcs,INV423357,DESC machine_tools 482
S0003173,E000613,medical_bio_lab,CIF,sea,56,pcs,INV884934,DESC medical_bio_lab 105
S0003174,E001520,aerospace_uas_avionics,FOB,sea,70,L,INV947548,DESC aerospace_uas_avionics 121
S0003175,E001682,energy_equipment,CIF,air,105,kg,INV167126,DESC energy_equipment 881
S0003176,E001790,luxury_dual_use_consumer,CIF,road,257,pcs,INV119456,DESC luxury_dual_use_consumer 77
S0003177,E001414,energy_equipment,FOB,air,411,L,INV159119,DESC energy_equipment 54
S0003178,E001955,aerospace_uas_avionics,DAP,air,285,L,INV144422,DESC aerospace_uas_avionics 714
S0003179,E001031,aerospace_uas_avionics,DAP,air,242,pcs,INV696859,DESC aerospace_uas_avionics 85
S0003180,E001477,energy_equipment,DAP,air,346,kg,INV679539,DESC energy_equipment 825
S0003181,E001704,energy_equipment,CIF,air,111,pcs,INV924437,DESC energy_equipment 377
S0003182,E000821,aerospace_uas_avionics,DAP,sea,400,L,INV763548,DESC aerospace_uas_avionics 289
S0003183,E001114,aerospace_uas_avionics,FOB,sea,207,L,INV109219,DESC aerospace_uas_avionics 306
S0003184,E001083,aerospace_uas_avionics,FOB,sea,10,L,INV362349,DESC aerospace_uas_avionics 882
S0003185,E000686,maritime_port_equipment,CIF,road,210,kg,INV775129,DESC maritime_port_equipment 954
S0003186,E001291,maritime_port_equipment,FOB,air,112,L,INV279241,DESC maritime_port_equipment 212
S0003187,E001625,luxury_dual_use_consumer,CIF,air,14,pcs,INV709147,DESC luxury_dual_use_consumer 698
S0003188,E001300,luxury_dual_use_consumer,DAP,air,90,L,INV471438,DESC luxury_dual_use_consumer 991
S0003189,E001757,energy_equipment,DAP,air,182,kg,INV458800,DESC energy_equipment 636
S0003190,E001722,chemicals_precursors,FOB,sea,290,kg,INV818419,DESC chemicals_precursors 223
S0003191,E001932,aerospace_uas_avionics,DAP,sea,423,pcs,INV354492,DESC aerospace_uas_avionics 286
S0003192,E000592,luxury_dual_use_consumer,FOB,road,312,pcs,INV859643,DESC luxury_dual_use_consumer 472
S0003193,E001460,chemicals_precursors,FOB,sea,219,pcs,INV235856,DESC chemicals_precursors 513
S0003194,E001851,machine_tools,FOB,sea,137,L,INV855897,DESC machine_tools 284
S0003195,E000637,maritime_port_equipment,DAP,road,481,kg,INV770236,DESC maritime_port_equipment 159
S0003196,E000278,chemicals_precursors,DAP,sea,177,pcs,INV831038,DESC chemicals_precursors 12
S0003197,E000700,aerospace_uas_avionics,CIF,air,307,pcs,INV104918,DESC aerospace_uas_avionics 420
S0003198,E000077,maritime_port_equipment,CIF,sea,164,L,INV477182,DESC maritime_port_equipment 247
S0003199,E001741,medical_bio_lab,CIF,air,136,L,INV280677,DESC medical_bio_lab 6
S0003200,E001649,energy_equipment,CIF,air,75,L,INV818526,DESC energy_equipment 143
S0003201,E000097,energy_equipment,DAP,air,66,kg,INV634767,DESC energy_equipment 358
S0003202,E001989,machine_tools,CIF,air,271,kg,INV699232,DESC machine_tools 57
S0003203,E001735,medical_bio_lab,FOB,sea,109,pcs,INV290458,DESC medical_bio_lab 819
S0003204,E000127,energy_equipment,FOB,sea,462,L,INV893590,DESC energy_equipment 163
S0003205,E000513,luxury_dual_use_consumer,FOB,air,204,pcs,INV232310,DESC luxury_dual_use_consumer 347
S0003206,E000815,energy_equipment,FOB,road,207,L,INV606120,DESC energy_equipment 83
S0003207,E001711,maritime_port_equipment,CIF,road,320,kg,INV455727,DESC maritime_port_equipment 395
S0003208,E001515,maritime_port_equipment,CIF,air,56,pcs,INV652865,DESC maritime_port_equipment 258
S0003209,E001462,luxury_dual_use_consumer,CIF,sea,270,kg,INV411224,DESC luxury_dual_use_consumer 286
S0003210,E000595,energy_equipment,DAP,road,254,pcs,INV575170,DESC energy_equipment 561
S0003211,E001755,energy_equipment,FOB,air,78,L,INV386429,DESC energy_equipment 709
S0003212,E001863,luxury_dual_use_consumer,FOB,sea,226,L,INV841568,DESC luxury_dual_use_consumer 413
S0003213,E000316,aerospace_uas_avionics,DAP,road,98,kg,INV281717,DESC aerospace_uas_avionics 915
S0003214,E000678,energy_equipment,FOB,road,56,pcs,INV695599,DESC energy_equipment 887
S0003215,E001464,machine_tools,CIF,air,204,L,INV162949,DESC machine_tools 317
S0003216,E000145,energy_equipment,FOB,air,292,pcs,INV302612,DESC energy_equipment 143
S0003217,E001777,energy_equipment,FOB,air,364,kg,INV936166,DESC energy_equipment 301
S0003218,E001793,medical_bio_lab,CIF,sea,192,kg,INV308462,DESC medical_bio_lab 503
S0003219,E000279,aerospace_uas_avionics,DAP,sea,106,pcs,INV939554,DESC aerospace_uas_avionics 613
S0003220,E000456,maritime_port_equipment,DAP,road,93,pcs,INV608963,DESC maritime_port_equipment 455
S0003221,E000418,machine_tools,CIF,air,23,pcs,INV163920,DESC machine_tools 666
S0003222,E001971,chemicals_precursors,DAP,sea,26,L,INV915710,DESC chemicals_precursors 365
S0003223,E000949,maritime_port_equipment,FOB,air,18,pcs,INV906422,DESC maritime_port_equipment 877
S0003224,E001350,aerospace_uas_avionics,DAP,sea,100,L,INV697241,DESC aerospace_uas_avionics 392
S0003225,E000070,energy_equipment,FOB,sea,482,pcs,INV203910,DESC energy_equipment 481
S0003226,E000017,machine_tools,DAP,road,56,kg,INV162026,DESC machine_tools 601
S0003227,E001708,maritime_port_equipment,CIF,sea,162,kg,INV300940,DESC maritime_port_equipment 964
S0003228,E000302,energy_equipment,FOB,road,122,kg,INV677271,DESC energy_equipment 597
S0003229,E001970,energy_equipment,CIF,air,29,kg,INV176609,DESC energy_equipment 803
S0003230,E000850,luxury_dual_use_consumer,FOB,road,487,pcs,INV904563,DESC luxury_dual_use_consumer 119
S0003231,E000363,aerospace_uas_avionics,DAP,air,486,kg,INV118946,DESC aerospace_uas_avionics 812
S0003232,E001158,maritime_port_equipment,CIF,road,175,L,INV780982,DESC maritime_port_equipment 852
S0003233,E001148,medical_bio_lab,DAP,road,97,kg,INV682241,DESC medical_bio_lab 137
S0003234,E000519,medical_bio_lab,FOB,air,96,L,INV772089,DESC medical_bio_lab 538
S0003235,E001048,chemicals_precursors,FOB,road,375,kg,INV516200,DESC chemicals_precursors 130
S0003236,E000091,machine_tools,CIF,sea,215,pcs,INV651595,DESC machine_tools 314
S0003237,E001518,aerospace_uas_avionics,FOB,air,211,kg,INV426260,DESC aerospace_uas_avionics 135
S0003238,E000617,medical_bio_lab,FOB,sea,281,pcs,INV645553,DESC medical_bio_lab 924
S0003239,E001022,medical_bio_lab,FOB,sea,336,kg,INV122593,DESC medical_bio_lab 257
S0003240,E001109,medical_bio_lab,DAP,road,399,kg,INV224190,DESC medical_bio_lab 841
S0003241,E000486,chemicals_precursors,FOB,road,275,pcs,INV424131,DESC chemicals_precursors 587
S0003242,E001078,aerospace_uas_avionics,DAP,road,356,pcs,INV221108,DESC aerospace_uas_avionics 9
S0003243,E000210,energy_equipment,DAP,sea,445,kg,INV224344,DESC energy_equipment 444
S0003244,E001038,machine_tools,FOB,air,140,kg,INV174617,DESC machine_tools 728
S0003245,E000693,luxury_dual_use_consumer,FOB,air,417,L,INV934693,DESC luxury_dual_use_consumer 657
S0003246,E000325,medical_bio_lab,FOB,air,411,pcs,INV533193,DESC medical_bio_lab 422
S0003247,E001051,chemicals_precursors,FOB,air,230,kg,INV867361,DESC chemicals_precursors 337
S0003248,E000470,energy_equipment,CIF,air,486,L,INV581467,DESC energy_equipment 179
S0003249,E001771,chemicals_precursors,CIF,road,287,kg,INV493576,DESC chemicals_precursors 875
S0003250,E001504,maritime_port_equipment,FOB,road,477,kg,INV386958,DESC maritime_port_equipment 343
S0003251,E000113,energy_equipment,FOB,sea,325,pcs,INV195285,DESC energy_equipment 792
S0003252,E000551,chemicals_precursors,DAP,sea,323,pcs,INV644238,DESC chemicals_precursors 23
S0003253,E001442,chemicals_precursors,CIF,sea,266,L,INV534632,DESC chemicals_precursors 196
S0003254,E000133,machine_tools,DAP,sea,69,pcs,INV236554,DESC machine_tools 280
S0003255,E001977,energy_equipment,DAP,sea,391,pcs,INV699940,DESC energy_equipment 214
S0003256,E000653,energy_equipment,DAP,sea,204,pcs,INV725866,DESC energy_equipment 651
S0003257,E000492,aerospace_uas_avionics,CIF,air,373,pcs,INV948275,DESC aerospace_uas_avionics 122
S0003258,E000374,maritime_port_equipment,DAP,road,411,pcs,INV834339,DESC maritime_port_equipment 800
S0003259,E001239,aerospace_uas_avionics,CIF,sea,462,L,INV196138,DESC aerospace_uas_avionics 728
S0003260,E000540,maritime_port_equipment,CIF,air,194,pcs,INV171554,DESC maritime_port_equipment 296
S0003261,E000832,maritime_port_equipment,FOB,air,143,kg,INV713923,DESC maritime_port_equipment 107
S0003262,E001373,chemicals_precursors,FOB,sea,295,L,INV750243,DESC chemicals_precursors 619
S0003263,E000675,maritime_port_equipment,CIF,air,491,kg,INV848866,DESC maritime_port_equipment 928
S0003264,E000202,energy_equipment,CIF,air,351,L,INV313445,DESC energy_equipment 417
S0003265,E000253,aerospace_uas_avionics,FOB,sea,324,pcs,INV619725,DESC aerospace_uas_avionics 552
S0003266,E001561,chemicals_precursors,CIF,sea,223,pcs,INV151548,DESC chemicals_precursors 684
S0003267,E001845,chemicals_precursors,CIF,air,299,pcs,INV193703,DESC chemicals_precursors 10
S0003268,E001258,medical_bio_lab,DAP,sea,40,kg,INV459305,DESC medical_bio_lab 748
S0003269,E000237,medical_bio_lab,FOB,air,197,pcs,INV147596,DESC medical_bio_lab 357
S0003270,E001049,machine_tools,FOB,road,156,pcs,INV600940,DESC machine_tools 102
S0003271,E000945,luxury_dual_use_consumer,CIF,road,70,L,INV555312,DESC luxury_dual_use_consumer 93
S0003272,E000319,maritime_port_equipment,FOB,road,120,pcs,INV102533,DESC maritime_port_equipment 434
S0003273,E001092,machine_tools,DAP,sea,340,L,INV729644,DESC machine_tools 6
S0003274,E001178,medical_bio_lab,DAP,sea,421,pcs,INV114717,DESC medical_bio_lab 897
S0003275,E000594,energy_equipment,DAP,air,489,L,INV869020,DESC energy_equipment 498
S0003276,E001403,aerospace_uas_avionics,FOB,road,341,pcs,INV929886,DESC aerospace_uas_avionics 69
S0003277,E000040,medical_bio_lab,FOB,air,454,pcs,INV225267,DESC medical_bio_lab 960
S0003278,E000553,luxury_dual_use_consumer,FOB,air,297,pcs,INV232360,DESC luxury_dual_use_consumer 419
S0003279,E000937,luxury_dual_use_consumer,CIF,road,109,L,INV863348,DESC luxury_dual_use_consumer 191
S0003280,E000391,energy_equipment,FOB,sea,462,pcs,INV270282,DESC energy_equipment 645
S0003281,E000929,luxury_dual_use_consumer,FOB,air,68,kg,INV620355,DESC luxury_dual_use_consumer 268
S0003282,E000773,energy_equipment,DAP,road,410,kg,INV592937,DESC energy_equipment 254
S0003283,E000750,machine_tools,FOB,sea,268,pcs,INV210745,DESC machine_tools 217
S0003284,E000307,aerospace_uas_avionics,CIF,sea,147,pcs,INV887990,DESC aerospace_uas_avionics 654
S0003285,E000804,machine_tools,FOB,road,486,pcs,INV698816,DESC machine_tools 387
S0003286,E001260,aerospace_uas_avionics,DAP,road,420,kg,INV351096,DESC aerospace_uas_avionics 257
S0003287,E000633,luxury_dual_use_consumer,CIF,sea,330,pcs,INV842718,DESC luxury_dual_use_consumer 72
S0003288,E000455,luxury_dual_use_consumer,FOB,road,36,pcs,INV275815,DESC luxury_dual_use_consumer 205
S0003289,E001719,luxury_dual_use_consumer,CIF,road,138,L,INV878219,DESC luxury_dual_use_consumer 294
S0003290,E000829,machine_tools,FOB,road,304,pcs,INV223669,DESC machine_tools 329
S0003291,E000080,aerospace_uas_avionics,DAP,air,421,pcs,INV909180,DESC aerospace_uas_avionics 68
S0003292,E001531,maritime_port_equipment,FOB,air,458,kg,INV484455,DESC maritime_port_equipment 814
S0003293,E000565,medical_bio_lab,CIF,air,309,kg,INV461412,DESC medical_bio_lab 652
S0003294,E000073,energy_equipment,DAP,road,148,pcs,INV790117,DESC energy_equipment 228
S0003295,E000720,machine_tools,CIF,air,304,L,INV430456,DESC machine_tools 615
S0003296,E000862,energy_equipment,FOB,road,42,kg,INV591887,DESC energy_equipment 904
S0003297,E000037,aerospace_uas_avionics,FOB,air,345,kg,INV239405,DESC aerospace_uas_avionics 122
S0003298,E000727,luxury_dual_use_consumer,FOB,sea,485,kg,INV552873,DESC luxury_dual_use_consumer 905
S0003299,E000336,aerospace_uas_avionics,DAP,road,224,pcs,INV864049,DESC aerospace_uas_avionics 691
S0003300,E001680,energy_equipment,DAP,sea,361,L,INV962974,DESC energy_equipment 781
S0003301,E001055,machine_tools,DAP,air,69,L,INV428186,DESC machine_tools 467
S0003302,E000895,energy_equipment,FOB,sea,142,kg,INV731613,DESC energy_equipment 480
S0003303,E000228,maritime_port_equipment,FOB,air,303,L,INV182408,DESC maritime_port_equipment 788
S0003304,E001839,energy_equipment,DAP,sea,312,kg,INV111639,DESC energy_equipment 687
S0003305,E000483,maritime_port_equipment,CIF,air,133,kg,INV295372,DESC maritime_port_equipment 132
S0003306,E001236,medical_bio_lab,FOB,sea,381,pcs,INV705106,DESC medical_bio_lab 337
S0003307,E000636,maritime_port_equipment,CIF,road,67,kg,INV559595,DESC maritime_port_equipment 180
S0003308,E000099,chemicals_precursors,FOB,sea,191,pcs,INV414632,DESC chemicals_precursors 671
S0003309,E000735,luxury_dual_use_consumer,CIF,sea,69,kg,INV180139,DESC luxury_dual_use_consumer 567
S0003310,E000784,aerospace_uas_avionics,CIF,air,52,L,INV433874,DESC aerospace_uas_avionics 23
S0003311,E001039,luxury_dual_use_consumer,DAP,sea,275,pcs,INV573613,DESC luxury_dual_use_consumer 631
S0003312,E001485,machine_tools,DAP,air,294,L,INV903082,DESC machine_tools 164
S0003313,E001737,medical_bio_lab,CIF,road,249,pcs,INV851905,DESC medical_bio_lab 554
S0003314,E001667,energy_equipment,FOB,air,481,pcs,INV929398,DESC energy_equipment 979
S0003315,E001788,maritime_port_equipment,FOB,sea,56,L,INV139290,DESC maritime_port_equipment 880
S0003316,E001382,aerospace_uas_avionics,FOB,air,48,pcs,INV156933,DESC aerospace_uas_avionics 159
S0003317,E001945,energy_equipment,FOB,air,330,L,INV485772,DESC energy_equipment 881
S0003318,E001698,medical_bio_lab,DAP,air,328,kg,INV240223,DESC medical_bio_lab 135
S0003319,E001910,chemicals_precursors,FOB,road,258,kg,INV122501,DESC chemicals_precursors 470
S0003320,E000784,medical_bio_lab,CIF,air,2,L,INV669743,DESC medical_bio_lab 260
S0003321,E000020,chemicals_precursors,CIF,road,31,kg,INV805644,DESC chemicals_precursors 590
S0003322,E001127,medical_bio_lab,DAP,sea,151,kg,INV332740,DESC medical_bio_lab 682
S0003323,E000498,maritime_port_equipment,CIF,sea,168,pcs,INV759682,DESC maritime_port_equipment 573
S0003324,E000171,aerospace_uas_avionics,CIF,road,211,kg,INV205748,DESC aerospace_uas_avionics 445
S0003325,E001656,machine_tools,DAP,road,26,L,INV779377,DESC machine_tools 602
S0003326,E001294,chemicals_precursors,DAP,air,6,L,INV400181,DESC chemicals_precursors 696
S0003327,E000859,machine_tools,DAP,air,42,L,INV262874,DESC machine_tools 623
S0003328,E000891,medical_bio_lab,CIF,air,106,L,INV562202,DESC medical_bio_lab 558
S0003329,E000999,chemicals_precursors,FOB,air,45,L,INV131103,DESC chemicals_precursors 108
S0003330,E000171,maritime_port_equipment,CIF,sea,339,kg,INV471335,DESC maritime_port_equipment 470
S0003331,E001567,luxury_dual_use_consumer,CIF,sea,246,kg,INV103312,DESC luxury_dual_use_consumer 281
S0003332,E000637,chemicals_precursors,FOB,road,305,pcs,INV740899,DESC chemicals_precursors 893
S0003333,E001636,aerospace_uas_avionics,CIF,road,185,kg,INV890300,DESC aerospace_uas_avionics 888
S0003334,E001960,energy_equipment,CIF,sea,183,L,INV483673,DESC energy_equipment 115
S0003335,E001110,energy_equipment,DAP,sea,77,L,INV621947,DESC energy_equipment 123
S0003336,E000176,aerospace_uas_avionics,CIF,sea,220,pcs,INV385430,DESC aerospace_uas_avionics 651
S0003337,E001438,medical_bio_lab,CIF,sea,203,L,INV565284,DESC medical_bio_lab 629
S0003338,E001995,medical_bio_lab,FOB,sea,163,kg,INV915968,DESC medical_bio_lab 35
S0003339,E000230,luxury_dual_use_consumer,CIF,air,422,L,INV757535,DESC luxury_dual_use_consumer 587
S0003340,E001489,maritime_port_equipment,FOB,road,319,pcs,INV375063,DESC maritime_port_equipment 378
S0003341,E001036,machine_tools,CIF,road,383,L,INV836870,DESC machine_tools 882
S0003342,E000880,machine_tools,CIF,air,228,L,INV572076,DESC machine_tools 837
S0003343,E001667,maritime_port_equipment,FOB,air,327,pcs,INV165700,DESC maritime_port_equipment 806
S0003344,E001970,chemicals_precursors,DAP,air,98,kg,INV181653,DESC chemicals_precursors 299
S0003345,E000224,machine_tools,FOB,sea,435,pcs,INV837758,DESC machine_tools 851
S0003346,E001270,machine_tools,DAP,air,297,pcs,INV950921,DESC machine_tools 292
S0003347,E001732,aerospace_uas_avionics,FOB,road,66,kg,INV459895,DESC aerospace_uas_avionics 194
S0003348,E000451,aerospace_uas_avionics,CIF,air,364,pcs,INV393595,DESC aerospace_uas_avionics 111
S0003349,E001542,maritime_port_equipment,DAP,road,475,L,INV139011,DESC maritime_port_equipment 995
S0003350,E000793,energy_equipment,DAP,air,22,L,INV530020,DESC energy_equipment 886
S0003351,E001415,energy_equipment,CIF,road,170,pcs,INV578446,DESC energy_equipment 794
S0003352,E000291,energy_equipment,FOB,air,497,L,INV995560,DESC energy_equipment 631
S0003353,E001427,medical_bio_lab,FOB,air,196,pcs,INV678424,DESC medical_bio_lab 880
S0003354,E001343,medical_bio_lab,CIF,sea,303,pcs,INV569556,DESC medical_bio_lab 491
S0003355,E001134,machine_tools,DAP,sea,91,pcs,INV509733,DESC machine_tools 462
S0003356,E001169,chemicals_precursors,CIF,road,62,L,INV318440,DESC chemicals_precursors 279
S0003357,E001716,machine_tools,FOB,air,364,pcs,INV520851,DESC machine_tools 725
S0003358,E000675,aerospace_uas_avionics,CIF,road,103,L,INV596924,DESC aerospace_uas_avionics 151
S0003359,E001844,medical_bio_lab,FOB,road,14,L,INV172391,DESC medical_bio_lab 650
S0003360,E001966,energy_equipment,CIF,sea,448,pcs,INV151444,DESC energy_equipment 433
S0003361,E001362,aerospace_uas_avionics,FOB,air,12,kg,INV410233,DESC aerospace_uas_avionics 588
S0003362,E001082,maritime_port_equipment,FOB,air,77,L,INV857328,DESC maritime_port_equipment 423
S0003363,E000016,luxury_dual_use_consumer,FOB,air,385,L,INV643667,DESC luxury_dual_use_consumer 239
S0003364,E001875,medical_bio_lab,CIF,air,424,L,INV401438,DESC medical_bio_lab 750
S0003365,E000915,machine_tools,DAP,air,408,pcs,INV717726,DESC machine_tools 693
S0003366,E000736,aerospace_uas_avionics,CIF,air,164,kg,INV154350,DESC aerospace_uas_avionics 600
S0003367,E000654,chemicals_precursors,CIF,road,222,pcs,INV801886,DESC chemicals_precursors 456
S0003368,E000386,medical_bio_lab,DAP,air,216,kg,INV923704,DESC medical_bio_lab 816
S0003369,E001353,energy_equipment,DAP,air,27,kg,INV152890,DESC energy_equipment 15
S0003370,E001397,maritime_port_equipment,FOB,air,420,kg,INV219559,DESC maritime_port_equipment 475
S0003371,E000429,machine_tools,CIF,road,277,L,INV160870,DESC machine_tools 682
S0003372,E001476,machine_tools,CIF,air,447,L,INV740471,DESC machine_tools 445
S0003373,E001969,energy_equipment,FOB,road,352,pcs,INV202137,DESC energy_equipment 208
S0003374,E000978,machine_tools,CIF,air,30,L,INV676637,DESC machine_tools 270
S0003375,E001656,energy_equipment,CIF,air,181,kg,INV535078,DESC energy_equipment 5
S0003376,E001569,aerospace_uas_avionics,CIF,air,269,L,INV269621,DESC aerospace_uas_avionics 278
S0003377,E000633,luxury_dual_use_consumer,CIF,air,145,L,INV793568,DESC luxury_dual_use_consumer 340
S0003378,E001951,aerospace_uas_avionics,CIF,sea,330,L,INV439049,DESC aerospace_uas_avionics 312
S0003379,E000611,machine_tools,DAP,air,22,kg,INV732480,DESC machine_tools 782
S0003380,E000788,aerospace_uas_avionics,CIF,air,77,kg,INV241858,DESC aerospace_uas_avionics 399
S0003381,E000368,luxury_dual_use_consumer,DAP,air,45,pcs,INV482403,DESC luxury_dual_use_consumer 24
S0003382,E001343,machine_tools,DAP,sea,293,L,INV925131,DESC machine_tools 854
S0003383,E000487,aerospace_uas_avionics,CIF,road,481,L,INV261897,DESC aerospace_uas_avionics 655
S0003384,E001651,luxury_dual_use_consumer,CIF,road,321,L,INV743740,DESC luxury_dual_use_consumer 293
S0003385,E000959,luxury_dual_use_consumer,DAP,air,109,pcs,INV958619,DESC luxury_dual_use_consumer 383
S0003386,E000345,aerospace_uas_avionics,CIF,sea,156,kg,INV902819,DESC aerospace_uas_avionics 546
S0003387,E000779,machine_tools,FOB,sea,485,pcs,INV653327,DESC machine_tools 45
S0003388,E000947,chemicals_precursors,CIF,air,179,L,INV147427,DESC chemicals_precursors 366
S0003389,E001055,machine_tools,CIF,sea,373,kg,INV796582,DESC machine_tools 643
S0003390,E001470,maritime_port_equipment,DAP,sea,200,kg,INV281087,DESC maritime_port_equipment 115
S0003391,E001063,aerospace_uas_avionics,FOB,air,49,L,INV525125,DESC aerospace_uas_avionics 284
S0003392,E000566,chemicals_precursors,CIF,air,47,kg,INV284770,DESC chemicals_precursors 835
S0003393,E001440,maritime_port_equipment,FOB,air,255,kg,INV544761,DESC maritime_port_equipment 909
S0003394,E000870,energy_equipment,DAP,road,263,L,INV781906,DESC energy_equipment 178
S0003395,E000644,luxury_dual_use_consumer,DAP,road,473,kg,INV449055,DESC luxury_dual_use_consumer 661
S0003396,E000940,luxury_dual_use_consumer,FOB,road,39,pcs,INV135737,DESC luxury_dual_use_consumer 669
S0003397,E001334,medical_bio_lab,FOB,road,263,pcs,INV903747,DESC medical_bio_lab 776
S0003398,E001397,aerospace_uas_avionics,CIF,air,239,L,INV704620,DESC aerospace_uas_avionics 66
S0003399,E000187,medical_bio_lab,DAP,road,68,L,INV256628,DESC medical_bio_lab 404
S0003400,E001547,medical_bio_lab,CIF,sea,70,pcs,INV633279,DESC medical_bio_lab 918
S0003401,E001829,chemicals_precursors,DAP,air,305,L,INV637462,DESC chemicals_precursors 971
S0003402,E000075,luxury_dual_use_consumer,FOB,road,303,kg,INV248646,DESC luxury_dual_use_consumer 89
S0003403,E001272,energy_equipment,DAP,road,225,L,INV432769,DESC energy_equipment 124
S0003404,E001132,maritime_port_equipment,CIF,road,77,kg,INV571218,DESC maritime_port_equipment 706
S0003405,E001413,maritime_port_equipment,CIF,sea,474,kg,INV674643,DESC maritime_port_equipment 175
S0003406,E001547,chemicals_precursors,CIF,air,309,kg,INV964693,DESC chemicals_precursors 129
S0003407,E000419,medical_bio_lab,DAP,road,94,pcs,INV850088,DESC medical_bio_lab 71
S0003408,E000965,energy_equipment,DAP,air,16,L,INV799273,DESC energy_equipment 560
S0003409,E001345,maritime_port_equipment,FOB,air,367,L,INV922675,DESC maritime_port_equipment 547
S0003410,E001149,luxury_dual_use_consumer,DAP,air,148,kg,INV899883,DESC luxury_dual_use_consumer 632
S0003411,E000238,maritime_port_equipment,CIF,sea,190,kg,INV702652,DESC maritime_port_equipment 547
S0003412,E000071,luxury_dual_use_consumer,CIF,sea,417,pcs,INV327514,DESC luxury_dual_use_consumer 711
S0003413,E001979,maritime_port_equipment,CIF,road,459,kg,INV113108,DESC maritime_port_equipment 386
S0003414,E000412,maritime_port_equipment,DAP,air,70,kg,INV342424,DESC maritime_port_equipment 653
S0003415,E000218,medical_bio_lab,FOB,air,13,kg,INV920239,DESC medical_bio_lab 162
S0003416,E000208,maritime_port_equipment,CIF,sea,65,kg,INV170713,DESC maritime_port_equipment 724
S0003417,E001311,aerospace_uas_avionics,FOB,road,14,pcs,INV758300,DESC aerospace_uas_avionics 390
S0003418,E000978,machine_tools,FOB,sea,219,L,INV868777,DESC machine_tools 274
S0003419,E000122,luxury_dual_use_consumer,DAP,sea,301,kg,INV503056,DESC luxury_dual_use_consumer 835
S0003420,E001802,medical_bio_lab,FOB,road,427,L,INV612042,DESC medical_bio_lab 48
S0003421,E000344,luxury_dual_use_consumer,DAP,sea,340,pcs,INV485285,DESC luxury_dual_use_consumer 970
S0003422,E001892,medical_bio_lab,DAP,sea,381,L,INV190427,DESC medical_bio_lab 995
S0003423,E000929,energy_equipment,FOB,sea,48,L,INV182732,DESC energy_equipment 549
S0003424,E000961,energy_equipment,FOB,sea,149,pcs,INV501204,DESC energy_equipment 134
S0003425,E001503,chemicals_precursors,DAP,road,282,L,INV942134,DESC chemicals_precursors 620
S0003426,E000006,aerospace_uas_avionics,DAP,road,333,kg,INV865984,DESC aerospace_uas_avionics 802
S0003427,E000580,luxury_dual_use_consumer,DAP,air,362,kg,INV868572,DESC luxury_dual_use_consumer 913
S0003428,E000147,machine_tools,CIF,road,358,kg,INV266610,DESC machine_tools 548
S0003429,E001824,medical_bio_lab,FOB,air,376,L,INV267590,DESC medical_bio_lab 242
S0003430,E001374,machine_tools,CIF,road,343,L,INV134211,DESC machine_tools 782
S0003431,E000426,luxury_dual_use_consumer,CIF,air,462,pcs,INV743443,DESC luxury_dual_use_consumer 618
S0003432,E000138,aerospace_uas_avionics,DAP,road,307,pcs,INV156381,DESC aerospace_uas_avionics 892
S0003433,E001275,aerospace_uas_avionics,CIF,sea,216,pcs,INV668961,DESC aerospace_uas_avionics 738
S0003434,E000460,medical_bio_lab,DAP,sea,236,pcs,INV660414,DESC medical_bio_lab 645
S0003435,E000989,aerospace_uas_avionics,FOB,road,375,L,INV961486,DESC aerospace_uas_avionics 717
S0003436,E001979,energy_equipment,FOB,air,47,kg,INV911413,DESC energy_equipment 773
S0003437,E000945,chemicals_precursors,FOB,road,388,pcs,INV292178,DESC chemicals_precursors 271
S0003438,E001736,luxury_dual_use_consumer,DAP,air,44,kg,INV165411,DESC luxury_dual_use_consumer 418
S0003439,E000626,machine_tools,FOB,air,195,kg,INV646788,DESC machine_tools 194
S0003440,E000411,medical_bio_lab,DAP,sea,411,L,INV988495,DESC medical_bio_lab 563
S0003441,E000859,maritime_port_equipment,FOB,road,440,L,INV735593,DESC maritime_port_equipment 33
S0003442,E001692,maritime_port_equipment,CIF,road,131,kg,INV709601,DESC maritime_port_equipment 453
S0003443,E000786,medical_bio_lab,DAP,air,214,pcs,INV219360,DESC medical_bio_lab 165
S0003444,E000284,medical_bio_lab,CIF,sea,450,pcs,INV795620,DESC medical_bio_lab 193
S0003445,E001626,medical_bio_lab,FOB,sea,144,kg,INV590118,DESC medical_bio_lab 404
S0003446,E000281,medical_bio_lab,FOB,road,175,kg,INV926843,DESC medical_bio_lab 828
S0003447,E001823,maritime_port_equipment,CIF,road,30,pcs,INV666339,DESC maritime_port_equipment 964
S0003448,E000196,machine_tools,DAP,sea,163,L,INV909031,DESC machine_tools 611
S0003449,E001649,energy_equipment,DAP,air,438,L,INV980201,DESC energy_equipment 92
S0003450,E000620,medical_bio_lab,FOB,air,387,pcs,INV318794,DESC medical_bio_lab 366
S0003451,E001459,luxury_dual_use_consumer,DAP,road,449,kg,INV709024,DESC luxury_dual_use_consumer 841
S0003452,E001380,energy_equipment,DAP,sea,376,kg,INV226458,DESC energy_equipment 874
S0003453,E000476,medical_bio_lab,DAP,air,128,pcs,INV569734,DESC medical_bio_lab 548
S0003454,E001410,chemicals_precursors,FOB,air,331,L,INV582474,DESC chemicals_precursors 150
S0003455,E000023,luxury_dual_use_consumer,CIF,air,246,kg,INV208029,DESC luxury_dual_use_consumer 611
S0003456,E000685,luxury_dual_use_consumer,FOB,air,496,pcs,INV188594,DESC luxury_dual_use_consumer 419
S0003457,E001558,maritime_port_equipment,DAP,road,456,kg,INV314064,DESC maritime_port_equipment 252
S0003458,E000770,luxury_dual_use_consumer,CIF,air,87,pcs,INV963877,DESC luxury_dual_use_consumer 106
S0003459,E000683,medical_bio_lab,FOB,road,294,kg,INV757326,DESC medical_bio_lab 23
S0003460,E001382,energy_equipment,CIF,sea,73,kg,INV849002,DESC energy_equipment 88
S0003461,E000218,medical_bio_lab,DAP,air,269,L,INV901253,DESC medical_bio_lab 158
S0003462,E000892,maritime_port_equipment,DAP,air,32,pcs,INV359865,DESC maritime_port_equipment 511
S0003463,E000199,luxury_dual_use_consumer,FOB,air,266,pcs,INV556902,DESC luxury_dual_use_consumer 307
S0003464,E001381,medical_bio_lab,DAP,air,72,kg,INV914188,DESC medical_bio_lab 658
S0003465,E000572,machine_tools,FOB,road,265,pcs,INV779577,DESC machine_tools 839
S0003466,E000571,medical_bio_lab,FOB,road,135,pcs,INV442875,DESC medical_bio_lab 360
S0003467,E001295,maritime_port_equipment,CIF,air,138,kg,INV846522,DESC maritime_port_equipment 187
S0003468,E001696,energy_equipment,DAP,road,149,pcs,INV634518,DESC energy_equipment 529
S0003469,E001708,medical_bio_lab,CIF,air,296,L,INV137293,DESC medical_bio_lab 143
S0003470,E000589,chemicals_precursors,CIF,road,275,pcs,INV605100,DESC chemicals_precursors 836
S0003471,E000214,energy_equipment,CIF,sea,481,L,INV475906,DESC energy_equipment 21
S0003472,E001279,machine_tools,FOB,sea,392,kg,INV609171,DESC machine_tools 711
S0003473,E000220,aerospace_uas_avionics,DAP,road,348,kg,INV672039,DESC aerospace_uas_avionics 184
S0003474,E001611,luxury_dual_use_consumer,CIF,air,413,kg,INV246490,DESC luxury_dual_use_consumer 562
S0003475,E000733,luxury_dual_use_consumer,FOB,sea,213,kg,INV380981,DESC luxury_dual_use_consumer 941
S0003476,E000900,energy_equipment,DAP,air,381,kg,INV692402,DESC energy_equipment 52
S0003477,E000679,chemicals_precursors,DAP,road,340,L,INV337467,DESC chemicals_precursors 560
S0003478,E000620,chemicals_precursors,FOB,road,375,L,INV337962,DESC chemicals_precursors 486
S0003479,E001502,machine_tools,FOB,air,325,kg,INV888767,DESC machine_tools 681
S0003480,E000928,machine_tools,DAP,air,460,L,INV768524,DESC machine_tools 13
S0003481,E000713,chemicals_precursors,CIF,sea,295,pcs,INV801188,DESC chemicals_precursors 935
S0003482,E001838,maritime_port_equipment,FOB,air,183,L,INV870393,DESC maritime_port_equipment 35
S0003483,E000419,maritime_port_equipment,CIF,air,111,pcs,INV374663,DESC maritime_port_equipment 222
S0003484,E000634,energy_equipment,CIF,air,32,L,INV207105,DESC energy_equipment 991
S0003485,E001547,chemicals_precursors,FOB,road,338,L,INV472746,DESC chemicals_precursors 914
S0003486,E000470,maritime_port_equipment,FOB,air,499,kg,INV200011,DESC maritime_port_equipment 413
S0003487,E001639,chemicals_precursors,CIF,air,143,pcs,INV753588,DESC chemicals_precursors 592
S0003488,E000671,aerospace_uas_avionics,CIF,road,44,pcs,INV286806,DESC aerospace_uas_avionics 626
S0003489,E000042,aerospace_uas_avionics,DAP,sea,68,L,INV686483,DESC aerospace_uas_avionics 204
S0003490,E001367,energy_equipment,FOB,road,48,pcs,INV305781,DESC energy_equipment 17
S0003491,E001194,medical_bio_lab,DAP,sea,101,pcs,INV641578,DESC medical_bio_lab 800
S0003492,E001017,chemicals_precursors,CIF,road,457,pcs,INV424711,DESC chemicals_precursors 850
S0003493,E001660,energy_equipment,CIF,road,68,kg,INV643807,DESC energy_equipment 953
S0003494,E000421,machine_tools,CIF,road,210,L,INV140204,DESC machine_tools 597
S0003495,E000245,chemicals_precursors,CIF,road,294,pcs,INV262763,DESC chemicals_precursors 561
S0003496,E001267,aerospace_uas_avionics,CIF,road,500,kg,INV512992,DESC aerospace_uas_avionics 184
S0003497,E001400,energy_equipment,DAP,road,63,pcs,INV488008,DESC energy_equipment 568
S0003498,E000741,energy_equipment,CIF,sea,255,kg,INV164943,DESC energy_equipment 649
S0003499,E000800,aerospace_uas_avionics,FOB,road,86,kg,INV461669,DESC aerospace_uas_avionics 12
S0003500,E000441,luxury_dual_use_consumer,FOB,sea,333,L,INV656285,DESC luxury_dual_use_consumer 427
S0003501,E000733,energy_equipment,DAP,road,312,pcs,INV369092,DESC energy_equipment 944
S0003502,E001028,aerospace_uas_avionics,FOB,air,48,L,INV438894,DESC aerospace_uas_avionics 757
S0003503,E000234,maritime_port_equipment,FOB,sea,181,pcs,INV237016,DESC maritime_port_equipment 620
S0003504,E000570,machine_tools,DAP,sea,490,pcs,INV235935,DESC machine_tools 820
S0003505,E001011,chemicals_precursors,FOB,road,492,L,INV875343,DESC chemicals_precursors 491
S0003506,E001585,aerospace_uas_avionics,CIF,sea,102,pcs,INV520000,DESC aerospace_uas_avionics 823
S0003507,E001523,maritime_port_equipment,FOB,sea,41,L,INV425359,DESC maritime_port_equipment 665
S0003508,E000497,medical_bio_lab,FOB,sea,127,L,INV821506,DESC medical_bio_lab 959
S0003509,E001680,luxury_dual_use_consumer,FOB,road,92,L,INV392699,DESC luxury_dual_use_consumer 999
S0003510,E001557,aerospace_uas_avionics,FOB,air,427,pcs,INV829109,DESC aerospace_uas_avionics 331
S0003511,E001947,machine_tools,CIF,air,296,kg,INV837134,DESC machine_tools 773
S0003512,E001519,machine_tools,FOB,air,245,L,INV447656,DESC machine_tools 918
S0003513,E000842,luxury_dual_use_consumer,FOB,road,403,kg,INV691901,DESC luxury_dual_use_consumer 576
S0003514,E001405,luxury_dual_use_consumer,DAP,air,328,pcs,INV749612,DESC luxury_dual_use_consumer 538
S0003515,E000377,luxury_dual_use_consumer,DAP,air,214,L,INV175260,DESC luxury_dual_use_consumer 50
S0003516,E000502,energy_equipment,FOB,road,353,L,INV806935,DESC energy_equipment 217
S0003517,E000273,luxury_dual_use_consumer,CIF,sea,129,pcs,INV853731,DESC luxury_dual_use_consumer 385
S0003518,E000122,aerospace_uas_avionics,CIF,air,309,L,INV482272,DESC aerospace_uas_avionics 906
S0003519,E000576,machine_tools,CIF,road,149,kg,INV261023,DESC machine_tools 900
S0003520,E000008,maritime_port_equipment,DAP,road,96,pcs,INV538190,DESC maritime_port_equipment 603
S0003521,E001093,aerospace_uas_avionics,CIF,sea,290,pcs,INV502971,DESC aerospace_uas_avionics 172
S0003522,E001096,maritime_port_equipment,CIF,sea,473,L,INV409023,DESC maritime_port_equipment 163
S0003523,E000421,machine_tools,FOB,sea,436,kg,INV529644,DESC machine_tools 666
S0003524,E001224,luxury_dual_use_consumer,FOB,road,409,L,INV544695,DESC luxury_dual_use_consumer 392
S0003525,E001029,medical_bio_lab,CIF,road,133,kg,INV179690,DESC medical_bio_lab 206
S0003526,E001880,machine_tools,DAP,sea,382,L,INV997425,DESC machine_tools 269
S0003527,E001283,chemicals_precursors,FOB,air,305,L,INV961905,DESC chemicals_precursors 618
S0003528,E000219,maritime_port_equipment,DAP,sea,491,kg,INV778037,DESC maritime_port_equipment 769
S0003529,E000001,chemicals_precursors,DAP,air,196,pcs,INV882851,DESC chemicals_precursors 662
S0003530,E000615,energy_equipment,FOB,road,106,L,INV438457,DESC energy_equipment 908
S0003531,E000892,medical_bio_lab,DAP,road,231,pcs,INV330950,DESC medical_bio_lab 466
S0003532,E000390,luxury_dual_use_consumer,FOB,air,134,L,INV136519,DESC luxury_dual_use_consumer 485
S0003533,E000250,maritime_port_equipment,CIF,air,376,pcs,INV971106,DESC maritime_port_equipment 889
S0003534,E001813,machine_tools,CIF,road,249,pcs,INV338401,DESC machine_tools 468
S0003535,E000263,luxury_dual_use_consumer,FOB,sea,315,pcs,INV832797,DESC luxury_dual_use_consumer 25
S0003536,E001543,aerospace_uas_avionics,FOB,air,466,kg,INV119274,DESC aerospace_uas_avionics 713
S0003537,E000886,luxury_dual_use_consumer,FOB,sea,500,pcs,INV816059,DESC luxury_dual_use_consumer 431
S0003538,E001409,aerospace_uas_avionics,DAP,air,226,kg,INV550564,DESC aerospace_uas_avionics 43
S0003539,E000761,maritime_port_equipment,DAP,road,193,L,INV135062,DESC maritime_port_equipment 120
S0003540,E001895,chemicals_precursors,FOB,road,262,L,INV839633,DESC chemicals_precursors 710
S0003541,E000311,luxury_dual_use_consumer,DAP,sea,125,L,INV625638,DESC luxury_dual_use_consumer 291
S0003542,E001460,chemicals_precursors,CIF,sea,169,kg,INV529539,DESC chemicals_precursors 771
S0003543,E001120,energy_equipment,FOB,air,239,pcs,INV203356,DESC energy_equipment 998
S0003544,E001053,medical_bio_lab,FOB,sea,408,L,INV944383,DESC medical_bio_lab 369
S0003545,E000984,energy_equipment,DAP,air,326,pcs,INV937179,DESC energy_equipment 639
S0003546,E001556,machine_tools,FOB,air,71,kg,INV162989,DESC machine_tools 489
S0003547,E000953,maritime_port_equipment,DAP,road,486,kg,INV737585,DESC maritime_port_equipment 100
S0003548,E000205,luxury_dual_use_consumer,FOB,road,468,L,INV873225,DESC luxury_dual_use_consumer 69
S0003549,E000685,medical_bio_lab,DAP,road,231,L,INV912003,DESC medical_bio_lab 529
S0003550,E001725,luxury_dual_use_consumer,DAP,road,214,L,INV778444,DESC luxury_dual_use_consumer 709
S0003551,E000403,machine_tools,FOB,road,418,L,INV973117,DESC machine_tools 736
S0003552,E001273,machine_tools,DAP,air,118,kg,INV264156,DESC machine_tools 527
S0003553,E001914,luxury_dual_use_consumer,CIF,road,424,L,INV281780,DESC luxury_dual_use_consumer 302
S0003554,E000987,machine_tools,FOB,road,183,pcs,INV856101,DESC machine_tools 261
S0003555,E000942,machine_tools,DAP,air,25,pcs,INV573917,DESC machine_tools 161
S0003556,E000863,maritime_port_equipment,DAP,road,392,pcs,INV690132,DESC maritime_port_equipment 416
S0003557,E000528,energy_equipment,CIF,road,1,kg,INV935759,DESC energy_equipment 859
S0003558,E001419,machine_tools,FOB,sea,264,pcs,INV715526,DESC machine_tools 593
S0003559,E001580,machine_tools,FOB,air,297,pcs,INV600266,DESC machine_tools 494
S0003560,E001666,maritime_port_equipment,CIF,road,205,L,INV146791,DESC maritime_port_equipment 331
S0003561,E000442,machine_tools,DAP,road,207,L,INV899925,DESC machine_tools 134
S0003562,E000123,aerospace_uas_avionics,FOB,air,398,kg,INV980898,DESC aerospace_uas_avionics 579
S0003563,E000226,medical_bio_lab,CIF,road,185,L,INV330963,DESC medical_bio_lab 936
S0003564,E000607,aerospace_uas_avionics,FOB,air,363,pcs,INV113723,DESC aerospace_uas_avionics 951
S0003565,E000424,energy_equipment,FOB,road,30,L,INV316862,DESC energy_equipment 134
S0003566,E000218,aerospace_uas_avionics,DAP,air,453,L,INV203673,DESC aerospace_uas_avionics 580
S0003567,E000845,machine_tools,DAP,road,149,kg,INV262014,DESC machine_tools 596
S0003568,E000958,medical_bio_lab,CIF,air,307,L,INV892313,DESC medical_bio_lab 775
S0003569,E001737,energy_equipment,CIF,road,475,L,INV230521,DESC energy_equipment 899
S0003570,E000549,medical_bio_lab,DAP,air,161,pcs,INV133793,DESC medical_bio_lab 284
S0003571,E001081,chemicals_precursors,FOB,road,416,L,INV779733,DESC chemicals_precursors 20
S0003572,E000403,medical_bio_lab,DAP,road,136,L,INV612585,DESC medical_bio_lab 940
S0003573,E000568,medical_bio_lab,FOB,road,208,kg,INV795879,DESC medical_bio_lab 114
S0003574,E001110,medical_bio_lab,FOB,air,322,L,INV564372,DESC medical_bio_lab 672
S0003575,E001357,chemicals_precursors,CIF,road,211,kg,INV859911,DESC chemicals_precursors 526
S0003576,E001272,maritime_port_equipment,DAP,sea,91,kg,INV658750,DESC maritime_port_equipment 272
S0003577,E001735,chemicals_precursors,CIF,sea,326,L,INV363292,DESC chemicals_precursors 855
S0003578,E001941,luxury_dual_use_consumer,FOB,road,292,kg,INV763067,DESC luxury_dual_use_consumer 74
S0003579,E000153,aerospace_uas_avionics,FOB,air,365,kg,INV316009,DESC aerospace_uas_avionics 299
S0003580,E001784,chemicals_precursors,CIF,road,110,pcs,INV754811,DESC chemicals_precursors 544
S0003581,E000170,aerospace_uas_avionics,FOB,air,207,L,INV319895,DESC aerospace_uas_avionics 973
S0003582,E000673,machine_tools,FOB,sea,184,kg,INV804047,DESC machine_tools 946
S0003583,E000803,machine_tools,CIF,sea,219,L,INV472502,DESC machine_tools 819
S0003584,E001363,machine_tools,DAP,road,394,pcs,INV829610,DESC machine_tools 817
S0003585,E000122,chemicals_precursors,DAP,road,209,L,INV895870,DESC chemicals_precursors 52
S0003586,E001551,medical_bio_lab,DAP,road,441,kg,INV231459,DESC medical_bio_lab 393
S0003587,E001770,luxury_dual_use_consumer,FOB,sea,405,pcs,INV950281,DESC luxury_dual_use_consumer 784
S0003588,E000726,aerospace_uas_avionics,CIF,sea,73,kg,INV362405,DESC aerospace_uas_avionics 128
S0003589,E001147,energy_equipment,DAP,sea,135,kg,INV879940,DESC energy_equipment 808
S0003590,E001748,medical_bio_lab,DAP,road,350,L,INV679460,DESC medical_bio_lab 575
S0003591,E001484,aerospace_uas_avionics,CIF,sea,197,kg,INV378140,DESC aerospace_uas_avionics 282
S0003592,E000744,energy_equipment,DAP,sea,230,kg,INV155218,DESC energy_equipment 996
S0003593,E000668,chemicals_precursors,CIF,sea,473,L,INV720633,DESC chemicals_precursors 24
S0003594,E001884,chemicals_precursors,DAP,sea,81,L,INV447342,DESC chemicals_precursors 436
S0003595,E001809,medical_bio_lab,CIF,sea,452,L,INV860646,DESC medical_bio_lab 833
S0003596,E001414,maritime_port_equipment,DAP,sea,160,pcs,INV897435,DESC maritime_port_equipment 978
S0003597,E000614,maritime_port_equipment,DAP,sea,291,kg,INV956827,DESC maritime_port_equipment 156
S0003598,E000154,maritime_port_equipment,FOB,road,104,pcs,INV404781,DESC maritime_port_equipment 527
S0003599,E001293,energy_equipment,CIF,sea,397,L,INV358106,DESC energy_equipment 492
S0003600,E000899,aerospace_uas_avionics,CIF,road,395,kg,INV194269,DESC aerospace_uas_avionics 649
S0003601,E000725,luxury_dual_use_consumer,FOB,road,473,L,INV749274,DESC luxury_dual_use_consumer 12
S0003602,E000996,machine_tools,FOB,sea,82,L,INV140600,DESC machine_tools 132
S0003603,E000541,maritime_port_equipment,FOB,sea,427,L,INV267874,DESC maritime_port_equipment 163
S0003604,E000135,maritime_port_equipment,DAP,sea,348,pcs,INV361008,DESC maritime_port_equipment 564
S0003605,E001209,maritime_port_equipment,DAP,air,465,pcs,INV168159,DESC maritime_port_equipment 324
S0003606,E000478,energy_equipment,CIF,air,499,pcs,INV712261,DESC energy_equipment 609
S0003607,E001294,chemicals_precursors,CIF,sea,349,kg,INV635156,DESC chemicals_precursors 558
S0003608,E001897,medical_bio_lab,DAP,sea,195,L,INV266505,DESC medical_bio_lab 960
S0003609,E000031,chemicals_precursors,DAP,sea,480,kg,INV707329,DESC chemicals_precursors 639
S0003610,E001502,aerospace_uas_avionics,FOB,road,382,kg,INV402507,DESC aerospace_uas_avionics 993
S0003611,E001785,medical_bio_lab,CIF,air,238,kg,INV906678,DESC medical_bio_lab 576
S0003612,E000557,luxury_dual_use_consumer,FOB,air,46,kg,INV577127,DESC luxury_dual_use_consumer 989
S0003613,E001149,luxury_dual_use_consumer,CIF,road,34,kg,INV391467,DESC luxury_dual_use_consumer 259
S0003614,E001561,machine_tools,CIF,road,388,kg,INV191074,DESC machine_tools 564
S0003615,E001983,chemicals_precursors,DAP,air,336,pcs,INV372775,DESC chemicals_precursors 315
S0003616,E001652,medical_bio_lab,FOB,sea,420,kg,INV732239,DESC medical_bio_lab 754
S0003617,E000249,energy_equipment,CIF,air,271,kg,INV391946,DESC energy_equipment 258
S0003618,E001400,chemicals_precursors,CIF,air,399,pcs,INV755765,DESC chemicals_precursors 967
S0003619,E000591,chemicals_precursors,FOB,road,478,L,INV381333,DESC chemicals_precursors 918
S0003620,E001101,maritime_port_equipment,CIF,air,312,L,INV857677,DESC maritime_port_equipment 931
S0003621,E001043,aerospace_uas_avionics,DAP,air,293,pcs,INV981352,DESC aerospace_uas_avionics 311
S0003622,E000673,energy_equipment,CIF,road,400,kg,INV903085,DESC energy_equipment 929
S0003623,E000723,energy_equipment,DAP,sea,431,pcs,INV678975,DESC energy_equipment 776
S0003624,E000504,medical_bio_lab,DAP,sea,277,pcs,INV549128,DESC medical_bio_lab 909
S0003625,E000931,machine_tools,DAP,air,96,L,INV759905,DESC machine_tools 516
S0003626,E001140,chemicals_precursors,CIF,road,426,kg,INV899396,DESC chemicals_precursors 544
S0003627,E001547,luxury_dual_use_consumer,CIF,road,90,L,INV831570,DESC luxury_dual_use_consumer 783
S0003628,E000834,energy_equipment,FOB,sea,77,kg,INV500366,DESC energy_equipment 477
S0003629,E000426,chemicals_precursors,CIF,road,362,pcs,INV522856,DESC chemicals_precursors 287
S0003630,E001662,medical_bio_lab,CIF,sea,166,L,INV207634,DESC medical_bio_lab 178
S0003631,E000680,machine_tools,DAP,road,46,L,INV479526,DESC machine_tools 298
S0003632,E000593,machine_tools,CIF,road,242,L,INV157556,DESC machine_tools 508
S0003633,E001966,luxury_dual_use_consumer,FOB,sea,180,pcs,INV425629,DESC luxury_dual_use_consumer 670
S0003634,E000162,medical_bio_lab,DAP,road,247,L,INV339270,DESC medical_bio_lab 438
S0003635,E000749,chemicals_precursors,FOB,road,21,L,INV670499,DESC chemicals_precursors 758
S0003636,E001554,aerospace_uas_avionics,DAP,air,447,kg,INV958344,DESC aerospace_uas_avionics 251
S0003637,E001057,chemicals_precursors,CIF,sea,38,pcs,INV765842,DESC chemicals_precursors 220
S0003638,E001809,aerospace_uas_avionics,FOB,sea,259,kg,INV623020,DESC aerospace_uas_avionics 876
S0003639,E000332,machine_tools,FOB,road,3,pcs,INV973509,DESC machine_tools 913
S0003640,E000092,chemicals_precursors,FOB,sea,492,pcs,INV175880,DESC chemicals_precursors 662
S0003641,E000516,energy_equipment,CIF,sea,156,kg,INV936359,DESC energy_equipment 734
S0003642,E000904,chemicals_precursors,DAP,sea,383,L,INV453239,DESC chemicals_precursors 167
S0003643,E000021,maritime_port_equipment,CIF,road,25,L,INV571154,DESC maritime_port_equipment 488
S0003644,E000436,energy_equipment,FOB,sea,491,L,INV366015,DESC energy_equipment 640
S0003645,E001320,energy_equipment,CIF,road,287,kg,INV950845,DESC energy_equipment 749
S0003646,E000431,medical_bio_lab,FOB,air,224,L,INV542772,DESC medical_bio_lab 706
S0003647,E000845,aerospace_uas_avionics,CIF,road,438,kg,INV829912,DESC aerospace_uas_avionics 292
S0003648,E000380,medical_bio_lab,DAP,sea,492,pcs,INV584453,DESC medical_bio_lab 394
S0003649,E001901,maritime_port_equipment,FOB,air,385,kg,INV861310,DESC maritime_port_equipment 155
S0003650,E000286,aerospace_uas_avionics,CIF,sea,95,kg,INV552316,DESC aerospace_uas_avionics 583
S0003651,E000396,maritime_port_equipment,DAP,air,154,pcs,INV428574,DESC maritime_port_equipment 720
S0003652,E000518,machine_tools,DAP,road,79,kg,INV876569,DESC machine_tools 737
S0003653,E000805,chemicals_precursors,DAP,sea,354,L,INV883900,DESC chemicals_precursors 659
S0003654,E001448,maritime_port_equipment,FOB,sea,416,kg,INV248232,DESC maritime_port_equipment 26
S0003655,E001625,luxury_dual_use_consumer,CIF,air,282,pcs,INV900801,DESC luxury_dual_use_consumer 405
S0003656,E001990,medical_bio_lab,DAP,road,39,pcs,INV417777,DESC medical_bio_lab 453
S0003657,E001036,maritime_port_equipment,FOB,sea,374,L,INV541968,DESC maritime_port_equipment 631
S0003658,E001826,maritime_port_equipment,FOB,sea,36,L,INV225128,DESC maritime_port_equipment 873
S0003659,E001698,aerospace_uas_avionics,CIF,sea,6,L,INV141089,DESC aerospace_uas_avionics 348
S0003660,E000037,machine_tools,DAP,sea,140,kg,INV309655,DESC machine_tools 286
S0003661,E001143,aerospace_uas_avionics,FOB,sea,16,pcs,INV643852,DESC aerospace_uas_avionics 360
S0003662,E000693,aerospace_uas_avionics,FOB,air,371,kg,INV815089,DESC aerospace_uas_avionics 734
S0003663,E001355,aerospace_uas_avionics,DAP,road,372,L,INV363922,DESC aerospace_uas_avionics 130
S0003664,E001733,machine_tools,DAP,air,409,L,INV403376,DESC machine_tools 81
S0003665,E000883,aerospace_uas_avionics,DAP,sea,38,kg,INV880723,DESC aerospace_uas_avionics 506
S0003666,E001295,chemicals_precursors,CIF,road,407,kg,INV284896,DESC chemicals_precursors 428
S0003667,E001769,medical_bio_lab,CIF,road,192,kg,INV566066,DESC medical_bio_lab 598
S0003668,E001267,medical_bio_lab,DAP,air,362,L,INV269441,DESC medical_bio_lab 821
S0003669,E000787,medical_bio_lab,CIF,road,141,kg,INV818626,DESC medical_bio_lab 878
S0003670,E001809,luxury_dual_use_consumer,FOB,air,201,L,INV919847,DESC luxury_dual_use_consumer 759
S0003671,E000965,chemicals_precursors,CIF,sea,53,pcs,INV794546,DESC chemicals_precursors 889
S0003672,E001793,luxury_dual_use_consumer,DAP,air,262,kg,INV763135,DESC luxury_dual_use_consumer 389
S0003673,E001029,energy_equipment,FOB,road,125,L,INV560699,DESC energy_equipment 852
S0003674,E000458,maritime_port_equipment,DAP,air,57,pcs,INV522043,DESC maritime_port_equipment 76
S0003675,E001798,energy_equipment,CIF,air,76,kg,INV384515,DESC energy_equipment 485
S0003676,E001405,luxury_dual_use_consumer,FOB,road,247,kg,INV972961,DESC luxury_dual_use_consumer 799
S0003677,E000177,medical_bio_lab,DAP,road,421,L,INV389920,DESC medical_bio_lab 265
S0003678,E000490,machine_tools,CIF,air,414,L,INV474499,DESC machine_tools 277
S0003679,E001160,medical_bio_lab,FOB,air,3,pcs,INV712377,DESC medical_bio_lab 726
S0003680,E000679,energy_equipment,CIF,air,273,pcs,INV190028,DESC energy_equipment 577
S0003681,E000432,medical_bio_lab,DAP,sea,221,L,INV971432,DESC medical_bio_lab 136
S0003682,E000337,maritime_port_equipment,CIF,sea,40,kg,INV117404,DESC maritime_port_equipment 853
S0003683,E000040,aerospace_uas_avionics,DAP,air,83,L,INV191228,DESC aerospace_uas_avionics 672
S0003684,E000581,maritime_port_equipment,CIF,air,441,kg,INV978362,DESC maritime_port_equipment 795
S0003685,E000342,medical_bio_lab,FOB,road,90,kg,INV725247,DESC medical_bio_lab 781
S0003686,E000261,maritime_port_equipment,CIF,air,382,pcs,INV834824,DESC maritime_port_equipment 12
S0003687,E001446,energy_equipment,FOB,road,84,pcs,INV179279,DESC energy_equipment 409
S0003688,E001059,chemicals_precursors,FOB,air,393,kg,INV288393,DESC chemicals_precursors 691
S0003689,E001358,machine_tools,CIF,air,187,kg,INV894086,DESC machine_tools 550
S0003690,E001523,machine_tools,DAP,road,270,kg,INV459915,DESC machine_tools 381
S0003691,E000550,luxury_dual_use_consumer,DAP,air,299,kg,INV194447,DESC luxury_dual_use_consumer 618
S0003692,E001212,aerospace_uas_avionics,CIF,sea,231,pcs,INV948346,DESC aerospace_uas_avionics 956
S0003693,E000680,luxury_dual_use_consumer,FOB,road,396,pcs,INV253800,DESC luxury_dual_use_consumer 703
S0003694,E000138,medical_bio_lab,DAP,sea,225,L,INV475279,DESC medical_bio_lab 691
S0003695,E000035,luxury_dual_use_consumer,CIF,air,456,L,INV995479,DESC luxury_dual_use_consumer 64
S0003696,E000756,medical_bio_lab,DAP,air,289,L,INV789608,DESC medical_bio_lab 640
S0003697,E000772,maritime_port_equipment,FOB,road,189,kg,INV208260,DESC maritime_port_equipment 303
S0003698,E000780,luxury_dual_use_consumer,DAP,road,400,L,INV917668,DESC luxury_dual_use_consumer 229
S0003699,E000529,chemicals_precursors,FOB,sea,226,L,INV201174,DESC chemicals_precursors 920
S0003700,E001820,machine_tools,FOB,sea,439,kg,INV225725,DESC machine_tools 264
S0003701,E001273,medical_bio_lab,FOB,sea,309,kg,INV838176,DESC medical_bio_lab 285
S0003702,E001616,energy_equipment,FOB,sea,467,pcs,INV789095,DESC energy_equipment 637
S0003703,E000411,maritime_port_equipment,FOB,road,443,pcs,INV721710,DESC maritime_port_equipment 770
S0003704,E000530,machine_tools,FOB,air,258,kg,INV686354,DESC machine_tools 624
S0003705,E001197,medical_bio_lab,CIF,sea,65,pcs,INV960630,DESC medical_bio_lab 197
S0003706,E000081,luxury_dual_use_consumer,CIF,air,11,L,INV364322,DESC luxury_dual_use_consumer 805
S0003707,E000562,energy_equipment,DAP,road,443,pcs,INV527345,DESC energy_equipment 482
S0003708,E000002,machine_tools,DAP,sea,491,pcs,INV914142,DESC machine_tools 535
S0003709,E001925,aerospace_uas_avionics,DAP,road,154,pcs,INV276658,DESC aerospace_uas_avionics 797
S0003710,E000758,luxury_dual_use_consumer,DAP,sea,234,kg,INV861883,DESC luxury_dual_use_consumer 258
S0003711,E001685,medical_bio_lab,DAP,sea,162,L,INV273691,DESC medical_bio_lab 901
S0003712,E001026,maritime_port_equipment,CIF,air,220,kg,INV757619,DESC maritime_port_equipment 427
S0003713,E000655,maritime_port_equipment,DAP,road,98,pcs,INV281593,DESC maritime_port_equipment 349
S0003714,E000657,luxury_dual_use_consumer,FOB,road,330,kg,INV451010,DESC luxury_dual_use_consumer 959
S0003715,E000515,machine_tools,CIF,air,386,kg,INV321982,DESC machine_tools 909
S0003716,E000642,machine_tools,DAP,sea,131,L,INV774640,DESC machine_tools 605
S0003717,E000106,maritime_port_equipment,CIF,air,264,pcs,INV351531,DESC maritime_port_equipment 317
S0003718,E000055,chemicals_precursors,FOB,sea,35,kg,INV203757,DESC chemicals_precursors 527
S0003719,E000295,maritime_port_equipment,DAP,air,416,L,INV852372,DESC maritime_port_equipment 969
S0003720,E001686,maritime_port_equipment,CIF,road,39,pcs,INV959378,DESC maritime_port_equipment 137
S0003721,E001839,maritime_port_equipment,CIF,sea,386,L,INV851978,DESC maritime_port_equipment 116
S0003722,E000600,energy_equipment,FOB,road,384,pcs,INV630199,DESC energy_equipment 921
S0003723,E000586,energy_equipment,FOB,road,412,pcs,INV893191,DESC energy_equipment 242
S0003724,E000823,aerospace_uas_avionics,CIF,road,316,kg,INV872532,DESC aerospace_uas_avionics 945
S0003725,E001711,chemicals_precursors,FOB,air,267,kg,INV533862,DESC chemicals_precursors 766
S0003726,E001747,medical_bio_lab,CIF,sea,423,pcs,INV660165,DESC medical_bio_lab 836
S0003727,E001070,energy_equipment,FOB,sea,484,pcs,INV349228,DESC energy_equipment 973
S0003728,E000999,machine_tools,CIF,sea,400,kg,INV434199,DESC machine_tools 38
S0003729,E000842,energy_equipment,FOB,road,338,pcs,INV587483,DESC energy_equipment 347
S0003730,E001372,machine_tools,DAP,air,23,kg,INV136896,DESC machine_tools 648
S0003731,E000312,chemicals_precursors,CIF,sea,454,pcs,INV656691,DESC chemicals_precursors 747
S0003732,E001810,machine_tools,DAP,sea,13,pcs,INV785668,DESC machine_tools 867
S0003733,E000647,chemicals_precursors,FOB,sea,355,L,INV718988,DESC chemicals_precursors 968
S0003734,E000622,chemicals_precursors,DAP,sea,295,kg,INV163438,DESC chemicals_precursors 342
S0003735,E001425,maritime_port_equipment,FOB,road,321,pcs,INV665266,DESC maritime_port_equipment 671
S0003736,E001618,luxury_dual_use_consumer,FOB,road,343,kg,INV426918,DESC luxury_dual_use_consumer 761
S0003737,E001507,maritime_port_equipment,CIF,sea,92,kg,INV133800,DESC maritime_port_equipment 781
S0003738,E000838,maritime_port_equipment,FOB,road,332,pcs,INV915566,DESC maritime_port_equipment 242
S0003739,E001121,aerospace_uas_avionics,FOB,road,447,L,INV252898,DESC aerospace_uas_avionics 880
S0003740,E000861,maritime_port_equipment,CIF,sea,3,kg,INV741927,DESC maritime_port_equipment 305
S0003741,E001705,medical_bio_lab,FOB,road,101,L,INV721326,DESC medical_bio_lab 878
S0003742,E001508,luxury_dual_use_consumer,DAP,road,149,L,INV694570,DESC luxury_dual_use_consumer 720
S0003743,E000151,medical_bio_lab,DAP,road,125,kg,INV591539,DESC medical_bio_lab 273
S0003744,E001265,energy_equipment,FOB,road,73,kg,INV157178,DESC energy_equipment 268
S0003745,E000187,chemicals_precursors,FOB,air,256,L,INV666135,DESC chemicals_precursors 117
S0003746,E001823,chemicals_precursors,CIF,air,75,L,INV814049,DESC chemicals_precursors 803
S0003747,E001279,maritime_port_equipment,CIF,sea,489,pcs,INV832465,DESC maritime_port_equipment 933
S0003748,E001862,medical_bio_lab,DAP,air,367,L,INV391690,DESC medical_bio_lab 827
S0003749,E000854,machine_tools,CIF,road,93,L,INV709112,DESC machine_tools 249
S0003750,E001774,aerospace_uas_avionics,FOB,sea,313,L,INV170891,DESC aerospace_uas_avionics 213
S0003751,E001937,machine_tools,FOB,sea,226,kg,INV575921,DESC machine_tools 825
S0003752,E001414,maritime_port_equipment,FOB,sea,25,kg,INV170718,DESC maritime_port_equipment 426
S0003753,E000670,machine_tools,CIF,sea,117,kg,INV215816,DESC machine_tools 980
S0003754,E001913,aerospace_uas_avionics,DAP,road,169,pcs,INV515299,DESC aerospace_uas_avionics 80
S0003755,E000398,maritime_port_equipment,FOB,sea,202,pcs,INV848581,DESC maritime_port_equipment 800
S0003756,E001277,maritime_port_equipment,FOB,sea,384,kg,INV885936,DESC maritime_port_equipment 572
S0003757,E000655,medical_bio_lab,FOB,air,415,kg,INV706657,DESC medical_bio_lab 292
S0003758,E001852,aerospace_uas_avionics,FOB,sea,387,kg,INV645662,DESC aerospace_uas_avionics 487
S0003759,E001552,aerospace_uas_avionics,DAP,sea,461,kg,INV426863,DESC aerospace_uas_avionics 779
S0003760,E000888,machine_tools,FOB,road,155,kg,INV643751,DESC machine_tools 794
S0003761,E001813,medical_bio_lab,DAP,road,200,pcs,INV931031,DESC medical_bio_lab 232
S0003762,E001185,luxury_dual_use_consumer,CIF,sea,238,pcs,INV897435,DESC luxury_dual_use_consumer 153
S0003763,E001768,maritime_port_equipment,FOB,road,467,L,INV275931,DESC maritime_port_equipment 246
S0003764,E001473,luxury_dual_use_consumer,DAP,road,332,pcs,INV712145,DESC luxury_dual_use_consumer 703
S0003765,E001684,energy_equipment,DAP,air,336,L,INV598190,DESC energy_equipment 50
S0003766,E001956,energy_equipment,DAP,road,54,pcs,INV614093,DESC energy_equipment 848
S0003767,E000253,energy_equipment,FOB,road,448,pcs,INV353772,DESC energy_equipment 451
S0003768,E001766,energy_equipment,CIF,air,46,pcs,INV364991,DESC energy_equipment 769
S0003769,E001354,energy_equipment,FOB,road,275,L,INV441851,DESC energy_equipment 62
S0003770,E001994,aerospace_uas_avionics,DAP,road,367,kg,INV457521,DESC aerospace_uas_avionics 122
S0003771,E001242,medical_bio_lab,FOB,air,477,kg,INV502102,DESC medical_bio_lab 608
S0003772,E000445,medical_bio_lab,FOB,sea,438,kg,INV232657,DESC medical_bio_lab 885
S0003773,E001944,chemicals_precursors,DAP,road,312,kg,INV592271,DESC chemicals_precursors 290
S0003774,E000703,chemicals_precursors,DAP,road,494,pcs,INV263074,DESC chemicals_precursors 523
S0003775,E000248,maritime_port_equipment,DAP,air,47,L,INV632120,DESC maritime_port_equipment 188
S0003776,E000544,energy_equipment,FOB,road,203,L,INV329052,DESC energy_equipment 965
S0003777,E001420,chemicals_precursors,FOB,air,248,L,INV734904,DESC chemicals_precursors 835
S0003778,E001829,medical_bio_lab,CIF,sea,119,L,INV779432,DESC medical_bio_lab 908
S0003779,E000384,maritime_port_equipment,CIF,sea,239,pcs,INV803346,DESC maritime_port_equipment 63
S0003780,E000979,aerospace_uas_avionics,DAP,road,88,pcs,INV962844,DESC aerospace_uas_avionics 508
S0003781,E000624,chemicals_precursors,CIF,road,339,pcs,INV958670,DESC chemicals_precursors 646
S0003782,E001315,maritime_port_equipment,CIF,road,259,L,INV312248,DESC maritime_port_equipment 5
S0003783,E001639,chemicals_precursors,CIF,road,267,pcs,INV435489,DESC chemicals_precursors 901
S0003784,E000884,energy_equipment,FOB,road,64,L,INV616963,DESC energy_equipment 549
S0003785,E000278,medical_bio_lab,DAP,sea,377,L,INV875076,DESC medical_bio_lab 215
S0003786,E001368,energy_equipment,DAP,air,58,pcs,INV532905,DESC energy_equipment 46
S0003787,E001323,aerospace_uas_avionics,DAP,sea,15,pcs,INV676007,DESC aerospace_uas_avionics 643
S0003788,E000902,energy_equipment,DAP,air,20,pcs,INV671404,DESC energy_equipment 635
S0003789,E000974,maritime_port_equipment,FOB,air,203,kg,INV264315,DESC maritime_port_equipment 29
S0003790,E001466,medical_bio_lab,CIF,air,486,L,INV260384,DESC medical_bio_lab 119
S0003791,E000705,energy_equipment,DAP,air,407,L,INV373644,DESC energy_equipment 192
S0003792,E001329,energy_equipment,DAP,air,156,L,INV324716,DESC energy_equipment 122
S0003793,E001623,luxury_dual_use_consumer,FOB,road,59,L,INV865737,DESC luxury_dual_use_consumer 346
S0003794,E000028,luxury_dual_use_consumer,FOB,air,245,kg,INV405507,DESC luxury_dual_use_consumer 433
S0003795,E000188,chemicals_precursors,FOB,road,267,kg,INV800046,DESC chemicals_precursors 738
S0003796,E000454,aerospace_uas_avionics,CIF,sea,247,pcs,INV371623,DESC aerospace_uas_avionics 160
S0003797,E001113,medical_bio_lab,DAP,air,439,L,INV726007,DESC medical_bio_lab 300
S0003798,E001367,aerospace_uas_avionics,CIF,sea,225,L,INV763867,DESC aerospace_uas_avionics 372
S0003799,E000533,maritime_port_equipment,CIF,sea,467,pcs,INV750199,DESC maritime_port_equipment 448
S0003800,E000298,chemicals_precursors,DAP,air,160,kg,INV896682,DESC chemicals_precursors 584
S0003801,E001627,energy_equipment,FOB,air,280,L,INV546473,DESC energy_equipment 1
S0003802,E000496,luxury_dual_use_consumer,DAP,sea,412,L,INV768031,DESC luxury_dual_use_consumer 897
S0003803,E001585,machine_tools,FOB,sea,330,kg,INV684938,DESC machine_tools 274
S0003804,E000260,aerospace_uas_avionics,FOB,sea,471,L,INV412849,DESC aerospace_uas_avionics 745
S0003805,E000612,maritime_port_equipment,CIF,air,356,kg,INV386996,DESC maritime_port_equipment 29
S0003806,E001581,medical_bio_lab,DAP,road,148,L,INV969418,DESC medical_bio_lab 748
S0003807,E000436,medical_bio_lab,CIF,air,154,pcs,INV565320,DESC medical_bio_lab 211
S0003808,E000998,medical_bio_lab,DAP,air,227,L,INV392120,DESC medical_bio_lab 891
S0003809,E001890,luxury_dual_use_consumer,CIF,sea,13,pcs,INV360705,DESC luxury_dual_use_consumer 541
S0003810,E000046,aerospace_uas_avionics,CIF,air,381,pcs,INV845300,DESC aerospace_uas_avionics 425
S0003811,E001190,luxury_dual_use_consumer,DAP,air,121,kg,INV135393,DESC luxury_dual_use_consumer 905
S0003812,E000174,machine_tools,DAP,road,471,kg,INV398429,DESC machine_tools 123
S0003813,E001446,energy_equipment,CIF,air,344,pcs,INV928487,DESC energy_equipment 501
S0003814,E001957,luxury_dual_use_consumer,DAP,road,454,pcs,INV678711,DESC luxury_dual_use_consumer 548
S0003815,E000452,chemicals_precursors,CIF,sea,235,pcs,INV236298,DESC chemicals_precursors 18
S0003816,E001309,energy_equipment,DAP,sea,62,L,INV834949,DESC energy_equipment 473
S0003817,E000534,luxury_dual_use_consumer,DAP,air,262,kg,INV801099,DESC luxury_dual_use_consumer 425
S0003818,E000567,maritime_port_equipment,CIF,air,142,kg,INV456727,DESC maritime_port_equipment 883
S0003819,E000453,chemicals_precursors,CIF,road,76,L,INV765890,DESC chemicals_precursors 897
S0003820,E000966,medical_bio_lab,CIF,air,470,kg,INV604175,DESC medical_bio_lab 846
S0003821,E000781,energy_equipment,CIF,sea,46,L,INV683056,DESC energy_equipment 866
S0003822,E001394,chemicals_precursors,CIF,road,275,kg,INV368047,DESC chemicals_precursors 312
S0003823,E001490,energy_equipment,DAP,sea,309,L,INV149514,DESC energy_equipment 234
S0003824,E000602,aerospace_uas_avionics,DAP,road,382,pcs,INV482026,DESC aerospace_uas_avionics 199
S0003825,E001074,medical_bio_lab,FOB,sea,374,pcs,INV339279,DESC medical_bio_lab 742
S0003826,E001041,chemicals_precursors,FOB,road,4,pcs,INV803557,DESC chemicals_precursors 110
S0003827,E000770,medical_bio_lab,CIF,road,3,kg,INV582599,DESC medical_bio_lab 91
S0003828,E001862,aerospace_uas_avionics,FOB,road,114,pcs,INV978202,DESC aerospace_uas_avionics 230
S0003829,E001733,maritime_port_equipment,CIF,road,454,kg,INV618739,DESC maritime_port_equipment 441
S0003830,E000505,machine_tools,CIF,sea,170,kg,INV924780,DESC machine_tools 534
S0003831,E000854,aerospace_uas_avionics,CIF,air,305,pcs,INV905760,DESC aerospace_uas_avionics 731
S0003832,E000695,medical_bio_lab,FOB,sea,207,L,INV567882,DESC medical_bio_lab 737
S0003833,E000230,energy_equipment,CIF,sea,241,L,INV641615,DESC energy_equipment 263
S0003834,E001936,chemicals_precursors,FOB,road,90,L,INV491514,DESC chemicals_precursors 123
S0003835,E000979,medical_bio_lab,DAP,sea,255,pcs,INV966134,DESC medical_bio_lab 986
S0003836,E000207,machine_tools,CIF,road,179,pcs,INV594316,DESC machine_tools 947
S0003837,E001629,chemicals_precursors,DAP,sea,13,kg,INV696115,DESC chemicals_precursors 295
S0003838,E000004,maritime_port_equipment,CIF,road,3,L,INV831604,DESC maritime_port_equipment 164
S0003839,E001321,luxury_dual_use_consumer,CIF,air,487,L,INV412578,DESC luxury_dual_use_consumer 489
S0003840,E001313,energy_equipment,DAP,road,231,L,INV584092,DESC energy_equipment 9
S0003841,E001475,machine_tools,CIF,sea,455,kg,INV451510,DESC machine_tools 380
S0003842,E000638,machine_tools,DAP,road,349,kg,INV268805,DESC machine_tools 758
S0003843,E000769,chemicals_precursors,CIF,air,401,kg,INV655425,DESC chemicals_precursors 205
S0003844,E000496,medical_bio_lab,FOB,air,91,kg,INV889278,DESC medical_bio_lab 214
S0003845,E001688,chemicals_precursors,CIF,air,290,L,INV368977,DESC chemicals_precursors 234
S0003846,E001063,medical_bio_lab,FOB,air,115,L,INV996129,DESC medical_bio_lab 403
S0003847,E000133,aerospace_uas_avionics,DAP,sea,356,kg,INV981581,DESC aerospace_uas_avionics 253
S0003848,E000768,aerospace_uas_avionics,FOB,road,228,kg,INV359401,DESC aerospace_uas_avionics 229
S0003849,E000512,chemicals_precursors,FOB,sea,239,kg,INV264792,DESC chemicals_precursors 988
S0003850,E001640,chemicals_precursors,FOB,air,427,L,INV846816,DESC chemicals_precursors 4
S0003851,E001333,machine_tools,DAP,road,374,kg,INV948257,DESC machine_tools 727
S0003852,E001151,aerospace_uas_avionics,CIF,air,407,pcs,INV859300,DESC aerospace_uas_avionics 801
S0003853,E001169,machine_tools,DAP,sea,291,L,INV274324,DESC machine_tools 789
S0003854,E001958,machine_tools,FOB,road,229,kg,INV508387,DESC machine_tools 971
S0003855,E000971,luxury_dual_use_consumer,DAP,sea,181,L,INV371452,DESC luxury_dual_use_consumer 266
S0003856,E001573,aerospace_uas_avionics,DAP,road,276,kg,INV582306,DESC aerospace_uas_avionics 132
S0003857,E001546,aerospace_uas_avionics,CIF,road,217,kg,INV217202,DESC aerospace_uas_avionics 92
S0003858,E001619,luxury_dual_use_consumer,CIF,road,500,kg,INV899322,DESC luxury_dual_use_consumer 82
S0003859,E001533,energy_equipment,DAP,air,172,L,INV378787,DESC energy_equipment 651
S0003860,E001872,medical_bio_lab,DAP,road,145,L,INV415542,DESC medical_bio_lab 361
S0003861,E001639,medical_bio_lab,CIF,sea,20,kg,INV370186,DESC medical_bio_lab 621
S0003862,E001674,aerospace_uas_avionics,CIF,air,273,pcs,INV405296,DESC aerospace_uas_avionics 543
S0003863,E001167,medical_bio_lab,CIF,road,244,L,INV469486,DESC medical_bio_lab 934
S0003864,E001243,medical_bio_lab,DAP,air,176,kg,INV396650,DESC medical_bio_lab 882
S0003865,E000614,aerospace_uas_avionics,DAP,air,164,kg,INV632976,DESC aerospace_uas_avionics 694
S0003866,E000285,energy_equipment,DAP,air,235,L,INV904282,DESC energy_equipment 789
S0003867,E000391,luxury_dual_use_consumer,DAP,road,337,pcs,INV613677,DESC luxury_dual_use_consumer 437
S0003868,E001298,maritime_port_equipment,FOB,air,486,pcs,INV359256,DESC maritime_port_equipment 61
S0003869,E001631,machine_tools,FOB,road,184,L,INV987248,DESC machine_tools 978
S0003870,E000279,machine_tools,FOB,air,287,pcs,INV187381,DESC machine_tools 59
S0003871,E000528,chemicals_precursors,FOB,air,222,L,INV468413,DESC chemicals_precursors 356
S0003872,E000629,machine_tools,CIF,sea,75,kg,INV863047,DESC machine_tools 167
S0003873,E000040,maritime_port_equipment,DAP,air,177,L,INV258024,DESC maritime_port_equipment 706
S0003874,E001634,medical_bio_lab,DAP,air,233,kg,INV315333,DESC medical_bio_lab 359
S0003875,E000631,chemicals_precursors,CIF,sea,329,L,INV619714,DESC chemicals_precursors 303
S0003876,E000245,aerospace_uas_avionics,DAP,road,311,pcs,INV671468,DESC aerospace_uas_avionics 865
S0003877,E001454,maritime_port_equipment,DAP,sea,26,pcs,INV303936,DESC maritime_port_equipment 221
S0003878,E000562,machine_tools,FOB,sea,379,kg,INV843774,DESC machine_tools 717
S0003879,E001630,luxury_dual_use_consumer,DAP,sea,428,pcs,INV447708,DESC luxury_dual_use_consumer 718
S0003880,E000198,aerospace_uas_avionics,CIF,road,39,pcs,INV746949,DESC aerospace_uas_avionics 577
S0003881,E001714,luxury_dual_use_consumer,CIF,sea,500,L,INV584854,DESC luxury_dual_use_consumer 513
S0003882,E000150,medical_bio_lab,CIF,air,496,kg,INV351799,DESC medical_bio_lab 720
S0003883,E000209,chemicals_precursors,CIF,road,478,kg,INV572352,DESC chemicals_precursors 769
S0003884,E001763,chemicals_precursors,CIF,sea,219,kg,INV755426,DESC chemicals_precursors 943
S0003885,E000495,machine_tools,DAP,road,286,L,INV739802,DESC machine_tools 228
S0003886,E000379,aerospace_uas_avionics,CIF,air,250,pcs,INV524009,DESC aerospace_uas_avionics 123
S0003887,E001466,machine_tools,DAP,sea,53,L,INV574146,DESC machine_tools 781
S0003888,E000103,luxury_dual_use_consumer,CIF,road,447,L,INV350472,DESC luxury_dual_use_consumer 567
S0003889,E001761,maritime_port_equipment,DAP,road,495,pcs,INV389566,DESC maritime_port_equipment 25
S0003890,E000980,machine_tools,FOB,air,265,L,INV474379,DESC machine_tools 482
S0003891,E000300,machine_tools,FOB,road,366,kg,INV329445,DESC machine_tools 32
S0003892,E001180,chemicals_precursors,CIF,sea,478,kg,INV469392,DESC chemicals_precursors 876
S0003893,E001558,luxury_dual_use_consumer,FOB,road,141,pcs,INV855281,DESC luxury_dual_use_consumer 880
S0003894,E000841,machine_tools,DAP,road,177,L,INV175579,DESC machine_tools 388
S0003895,E000977,chemicals_precursors,DAP,air,288,kg,INV803595,DESC chemicals_precursors 768
S0003896,E000394,energy_equipment,CIF,sea,9,kg,INV117621,DESC energy_equipment 534
S0003897,E001903,luxury_dual_use_consumer,FOB,sea,197,pcs,INV890139,DESC luxury_dual_use_consumer 160
S0003898,E000421,medical_bio_lab,CIF,road,99,kg,INV353626,DESC medical_bio_lab 351
S0003899,E000081,energy_equipment,CIF,air,10,L,INV867502,DESC energy_equipment 448
S0003900,E001769,aerospace_uas_avionics,DAP,sea,441,pcs,INV467211,DESC aerospace_uas_avionics 810
S0003901,E000836,machine_tools,CIF,sea,294,kg,INV772116,DESC machine_tools 651
S0003902,E000310,machine_tools,FOB,air,430,pcs,INV720599,DESC machine_tools 499
S0003903,E000622,energy_equipment,FOB,air,499,pcs,INV462080,DESC energy_equipment 992
S0003904,E001689,medical_bio_lab,CIF,sea,239,pcs,INV422289,DESC medical_bio_lab 6
S0003905,E001696,luxury_dual_use_consumer,DAP,sea,326,pcs,INV743098,DESC luxury_dual_use_consumer 222
S0003906,E000052,chemicals_precursors,FOB,air,229,kg,INV378738,DESC chemicals_precursors 892
S0003907,E000405,energy_equipment,FOB,road,26,kg,INV253148,DESC energy_equipment 515
S0003908,E001048,luxury_dual_use_consumer,DAP,sea,194,kg,INV730799,DESC luxury_dual_use_consumer 16
S0003909,E000171,maritime_port_equipment,CIF,road,323,kg,INV469106,DESC maritime_port_equipment 315
S0003910,E001393,aerospace_uas_avionics,DAP,air,329,kg,INV967079,DESC aerospace_uas_avionics 634
S0003911,E000012,chemicals_precursors,FOB,sea,401,kg,INV977172,DESC chemicals_precursors 936
S0003912,E001015,chemicals_precursors,CIF,sea,15,kg,INV849045,DESC chemicals_precursors 734
S0003913,E000153,chemicals_precursors,CIF,sea,406,L,INV202689,DESC chemicals_precursors 906
S0003914,E001404,chemicals_precursors,DAP,sea,121,kg,INV345224,DESC chemicals_precursors 522
S0003915,E001725,machine_tools,CIF,sea,391,L,INV537992,DESC machine_tools 608
S0003916,E001345,medical_bio_lab,DAP,road,274,kg,INV638035,DESC medical_bio_lab 21
S0003917,E000886,luxury_dual_use_consumer,DAP,air,110,L,INV196534,DESC luxury_dual_use_consumer 772
S0003918,E000795,maritime_port_equipment,DAP,sea,410,kg,INV361891,DESC maritime_port_equipment 622
S0003919,E001903,medical_bio_lab,FOB,air,280,kg,INV160561,DESC medical_bio_lab 374
S0003920,E001651,luxury_dual_use_consumer,DAP,air,1,pcs,INV296462,DESC luxury_dual_use_consumer 712
S0003921,E001754,medical_bio_lab,DAP,air,271,L,INV316488,DESC medical_bio_lab 185
S0003922,E001270,energy_equipment,CIF,road,422,pcs,INV116267,DESC energy_equipment 447
S0003923,E000974,luxury_dual_use_consumer,CIF,air,410,kg,INV531456,DESC luxury_dual_use_consumer 351
S0003924,E000925,maritime_port_equipment,CIF,road,484,kg,INV848001,DESC maritime_port_equipment 854
S0003925,E000079,maritime_port_equipment,CIF,air,322,kg,INV122498,DESC maritime_port_equipment 358
S0003926,E000783,energy_equipment,CIF,sea,453,kg,INV970566,DESC energy_equipment 462
S0003927,E000467,energy_equipment,CIF,air,366,L,INV683633,DESC energy_equipment 105
S0003928,E001841,machine_tools,DAP,air,387,L,INV170183,DESC machine_tools 427
S0003929,E000243,luxury_dual_use_consumer,DAP,air,270,pcs,INV593964,DESC luxury_dual_use_consumer 497
S0003930,E000781,machine_tools,CIF,sea,236,kg,INV653092,DESC machine_tools 52
S0003931,E001584,chemicals_precursors,CIF,road,106,pcs,INV750685,DESC chemicals_precursors 167
S0003932,E000822,aerospace_uas_avionics,FOB,road,255,kg,INV122818,DESC aerospace_uas_avionics 696
S0003933,E000384,maritime_port_equipment,DAP,sea,396,kg,INV307387,DESC maritime_port_equipment 613
S0003934,E001692,luxury_dual_use_consumer,FOB,sea,219,kg,INV206646,DESC luxury_dual_use_consumer 232
S0003935,E001947,chemicals_precursors,CIF,sea,77,L,INV874105,DESC chemicals_precursors 926
S0003936,E000514,maritime_port_equipment,CIF,road,440,pcs,INV289927,DESC maritime_port_equipment 270
S0003937,E001930,aerospace_uas_avionics,DAP,sea,167,L,INV681673,DESC aerospace_uas_avionics 488
S0003938,E000189,aerospace_uas_avionics,FOB,sea,426,L,INV222148,DESC aerospace_uas_avionics 369
S0003939,E000000,machine_tools,CIF,air,36,kg,INV158044,DESC machine_tools 448
S0003940,E001081,chemicals_precursors,CIF,road,490,pcs,INV764654,DESC chemicals_precursors 89
S0003941,E001432,medical_bio_lab,DAP,road,153,pcs,INV941834,DESC medical_bio_lab 571
S0003942,E000285,maritime_port_equipment,CIF,air,96,L,INV630918,DESC maritime_port_equipment 597
S0003943,E000442,maritime_port_equipment,FOB,sea,175,kg,INV106885,DESC maritime_port_equipment 395
S0003944,E000470,chemicals_precursors,FOB,sea,81,L,INV435085,DESC chemicals_precursors 69
S0003945,E001475,maritime_port_equipment,DAP,road,486,kg,INV733224,DESC maritime_port_equipment 974
S0003946,E001147,chemicals_precursors,DAP,sea,119,L,INV968185,DESC chemicals_precursors 700
S0003947,E000931,energy_equipment,FOB,road,275,kg,INV794924,DESC energy_equipment 956
S0003948,E000744,luxury_dual_use_consumer,DAP,sea,49,L,INV254365,DESC luxury_dual_use_consumer 457
S0003949,E001514,chemicals_precursors,DAP,road,425,pcs,INV728190,DESC chemicals_precursors 753
S0003950,E000506,luxury_dual_use_consumer,CIF,sea,275,kg,INV659648,DESC luxury_dual_use_consumer 913
S0003951,E001539,maritime_port_equipment,FOB,air,147,kg,INV101485,DESC maritime_port_equipment 514
S0003952,E001623,medical_bio_lab,DAP,sea,306,kg,INV812619,DESC medical_bio_lab 646
S0003953,E000525,luxury_dual_use_consumer,DAP,air,66,kg,INV431539,DESC luxury_dual_use_consumer 848
S0003954,E000896,energy_equipment,FOB,road,189,kg,INV724994,DESC energy_equipment 646
S0003955,E000278,machine_tools,FOB,sea,472,L,INV355593,DESC machine_tools 382
S0003956,E001767,energy_equipment,DAP,sea,261,L,INV580497,DESC energy_equipment 674
S0003957,E000176,chemicals_precursors,CIF,air,169,pcs,INV576283,DESC chemicals_precursors 412
S0003958,E001227,energy_equipment,DAP,sea,126,pcs,INV788759,DESC energy_equipment 541
S0003959,E000090,luxury_dual_use_consumer,FOB,road,165,L,INV799337,DESC luxury_dual_use_consumer 288
S0003960,E001487,luxury_dual_use_consumer,FOB,road,485,kg,INV639119,DESC luxury_dual_use_consumer 299
S0003961,E001528,aerospace_uas_avionics,DAP,air,281,kg,INV346222,DESC aerospace_uas_avionics 251
S0003962,E001937,luxury_dual_use_consumer,FOB,sea,351,pcs,INV377053,DESC luxury_dual_use_consumer 671
S0003963,E001646,aerospace_uas_avionics,FOB,air,146,pcs,INV758525,DESC aerospace_uas_avionics 954
S0003964,E001115,maritime_port_equipment,FOB,air,330,pcs,INV450247,DESC maritime_port_equipment 737
S0003965,E000549,machine_tools,DAP,road,307,L,INV668023,DESC machine_tools 465
S0003966,E000676,machine_tools,CIF,road,158,kg,INV831453,DESC machine_tools 806
S0003967,E001808,maritime_port_equipment,FOB,air,419,kg,INV143765,DESC maritime_port_equipment 160
S0003968,E001340,medical_bio_lab,FOB,sea,375,kg,INV215205,DESC medical_bio_lab 365
S0003969,E000858,luxury_dual_use_consumer,CIF,sea,51,L,INV994442,DESC luxury_dual_use_consumer 995
S0003970,E000811,energy_equipment,DAP,air,419,kg,INV100093,DESC energy_equipment 82
S0003971,E000395,maritime_port_equipment,CIF,sea,354,L,INV482081,DESC maritime_port_equipment 625
S0003972,E000903,energy_equipment,CIF,air,478,kg,INV970130,DESC energy_equipment 835
S0003973,E001785,luxury_dual_use_consumer,DAP,sea,393,L,INV754476,DESC luxury_dual_use_consumer 210
S0003974,E000492,chemicals_precursors,DAP,air,41,L,INV401357,DESC chemicals_precursors 556
S0003975,E001488,chemicals_precursors,DAP,air,376,pcs,INV540582,DESC chemicals_precursors 809
S0003976,E000596,maritime_port_equipment,DAP,sea,142,L,INV474215,DESC maritime_port_equipment 677
S0003977,E001896,aerospace_uas_avionics,DAP,road,447,L,INV184949,DESC aerospace_uas_avionics 380
S0003978,E000981,machine_tools,DAP,road,319,L,INV490433,DESC machine_tools 375
S0003979,E000714,luxury_dual_use_consumer,FOB,air,88,L,INV386945,DESC luxury_dual_use_consumer 626
S0003980,E000478,machine_tools,DAP,air,99,kg,INV773383,DESC machine_tools 390
S0003981,E000246,machine_tools,CIF,road,261,L,INV728081,DESC machine_tools 779
S0003982,E000495,energy_equipment,CIF,sea,99,pcs,INV925794,DESC energy_equipment 233
S0003983,E000580,aerospace_uas_avionics,CIF,road,253,kg,INV659985,DESC aerospace_uas_avionics 993
S0003984,E000397,machine_tools,DAP,sea,208,L,INV100037,DESC machine_tools 260
S0003985,E001080,aerospace_uas_avionics,DAP,air,236,kg,INV982926,DESC aerospace_uas_avionics 891
S0003986,E000476,aerospace_uas_avionics,DAP,air,329,kg,INV916898,DESC aerospace_uas_avionics 802
S0003987,E000298,energy_equipment,CIF,air,219,L,INV506430,DESC energy_equipment 60
S0003988,E001973,energy_equipment,DAP,sea,404,kg,INV223405,DESC energy_equipment 44
S0003989,E000826,medical_bio_lab,DAP,road,90,kg,INV229991,DESC medical_bio_lab 878
S0003990,E000648,energy_equipment,DAP,air,286,L,INV978637,DESC energy_equipment 700
S0003991,E001767,luxury_dual_use_consumer,DAP,sea,356,L,INV670228,DESC luxury_dual_use_consumer 673
S0003992,E001080,machine_tools,CIF,air,352,kg,INV517861,DESC machine_tools 542
S0003993,E001277,maritime_port_equipment,DAP,air,214,L,INV684395,DESC maritime_port_equipment 63
S0003994,E001393,chemicals_precursors,FOB,air,343,kg,INV383890,DESC chemicals_precursors 922
S0003995,E000576,aerospace_uas_avionics,CIF,sea,88,L,INV489480,DESC aerospace_uas_avionics 234
S0003996,E001527,aerospace_uas_avionics,CIF,sea,202,pcs,INV414322,DESC aerospace_uas_avionics 659
S0003997,E001826,chemicals_precursors,FOB,road,365,kg,INV431016,DESC chemicals_precursors 155
S0003998,E001951,aerospace_uas_avionics,FOB,air,466,pcs,INV397075,DESC aerospace_uas_avionics 652
S0003999,E001791,luxury_dual_use_consumer,CIF,sea,117,kg,INV424031,DESC luxury_dual_use_consumer 268
S0004000,E000699,chemicals_precursors,FOB,sea,218,kg,INV846123,DESC chemicals_precursors 378
S0004001,E000253,medical_bio_lab,FOB,sea,489,L,INV352439,DESC medical_bio_lab 504
S0004002,E000547,maritime_port_equipment,FOB,air,50,L,INV245191,DESC maritime_port_equipment 807
S0004003,E000958,aerospace_uas_avionics,DAP,sea,370,pcs,INV379549,DESC aerospace_uas_avionics 45
S0004004,E000593,chemicals_precursors,FOB,sea,259,L,INV517043,DESC chemicals_precursors 377
S0004005,E000660,luxury_dual_use_consumer,DAP,sea,433,L,INV894834,DESC luxury_dual_use_consumer 914
S0004006,E001542,machine_tools,DAP,road,169,kg,INV390511,DESC machine_tools 992
S0004007,E001133,machine_tools,CIF,air,74,L,INV646559,DESC machine_tools 440
S0004008,E001701,energy_equipment,FOB,sea,164,L,INV371999,DESC energy_equipment 669
S0004009,E000194,maritime_port_equipment,CIF,air,208,kg,INV287902,DESC maritime_port_equipment 485
S0004010,E001472,aerospace_uas_avionics,FOB,air,70,L,INV299551,DESC aerospace_uas_avionics 434
S0004011,E000160,luxury_dual_use_consumer,DAP,road,153,L,INV615510,DESC luxury_dual_use_consumer 399
S0004012,E000778,chemicals_precursors,FOB,air,99,L,INV755892,DESC chemicals_precursors 626
S0004013,E001789,medical_bio_lab,CIF,sea,78,pcs,INV945156,DESC medical_bio_lab 311
S0004014,E000900,machine_tools,CIF,air,481,L,INV538033,DESC machine_tools 322
S0004015,E001230,aerospace_uas_avionics,CIF,road,188,kg,INV849197,DESC aerospace_uas_avionics 188
S0004016,E000117,energy_equipment,FOB,air,226,pcs,INV804694,DESC energy_equipment 976
S0004017,E000834,machine_tools,DAP,sea,338,kg,INV419179,DESC machine_tools 71
S0004018,E000395,energy_equipment,CIF,road,22,L,INV441388,DESC energy_equipment 451
S0004019,E000890,aerospace_uas_avionics,DAP,road,366,L,INV790326,DESC aerospace_uas_avionics 235
S0004020,E000794,maritime_port_equipment,DAP,road,104,L,INV782734,DESC maritime_port_equipment 177
S0004021,E001068,machine_tools,FOB,air,293,L,INV593154,DESC machine_tools 282
S0004022,E000289,luxury_dual_use_consumer,CIF,road,336,kg,INV122918,DESC luxury_dual_use_consumer 300
S0004023,E000508,energy_equipment,FOB,air,286,kg,INV328707,DESC energy_equipment 38
S0004024,E001674,luxury_dual_use_consumer,FOB,air,458,pcs,INV380919,DESC luxury_dual_use_consumer 241
S0004025,E000977,chemicals_precursors,DAP,sea,174,pcs,INV240287,DESC chemicals_precursors 560
S0004026,E000449,machine_tools,FOB,air,120,kg,INV304111,DESC machine_tools 657
S0004027,E001638,energy_equipment,FOB,sea,489,kg,INV791489,DESC energy_equipment 557
S0004028,E001462,energy_equipment,DAP,air,126,L,INV820210,DESC energy_equipment 233
S0004029,E001678,aerospace_uas_avionics,CIF,sea,9,pcs,INV743285,DESC aerospace_uas_avionics 455
S0004030,E001534,medical_bio_lab,FOB,sea,186,pcs,INV497912,DESC medical_bio_lab 711
S0004031,E000385,luxury_dual_use_consumer,FOB,air,395,pcs,INV265685,DESC luxury_dual_use_consumer 630
S0004032,E000297,chemicals_precursors,FOB,road,364,L,INV719618,DESC chemicals_precursors 460
S0004033,E001745,energy_equipment,CIF,air,397,kg,INV119541,DESC energy_equipment 442
S0004034,E001240,machine_tools,FOB,air,83,L,INV141668,DESC machine_tools 434
S0004035,E000979,chemicals_precursors,DAP,sea,293,pcs,INV526529,DESC chemicals_precursors 746
S0004036,E001588,chemicals_precursors,DAP,road,175,kg,INV494684,DESC chemicals_precursors 926
S0004037,E001781,luxury_dual_use_consumer,CIF,road,194,kg,INV938860,DESC luxury_dual_use_consumer 308
S0004038,E000360,medical_bio_lab,DAP,air,237,L,INV872866,DESC medical_bio_lab 784
S0004039,E000910,chemicals_precursors,CIF,air,495,pcs,INV442021,DESC chemicals_precursors 597
S0004040,E001904,energy_equipment,CIF,road,255,pcs,INV493368,DESC energy_equipment 576
S0004041,E000568,machine_tools,DAP,air,309,L,INV766428,DESC machine_tools 767
S0004042,E001955,medical_bio_lab,CIF,air,471,L,INV684117,DESC medical_bio_lab 381
S0004043,E000720,chemicals_precursors,CIF,road,340,pcs,INV138197,DESC chemicals_precursors 526
S0004044,E001279,medical_bio_lab,DAP,air,216,L,INV965718,DESC medical_bio_lab 181
S0004045,E001339,medical_bio_lab,FOB,road,300,kg,INV518088,DESC medical_bio_lab 814
S0004046,E001123,machine_tools,CIF,sea,25,kg,INV638663,DESC machine_tools 145
S0004047,E001986,aerospace_uas_avionics,DAP,air,188,pcs,INV799959,DESC aerospace_uas_avionics 610
S0004048,E001029,medical_bio_lab,CIF,sea,83,pcs,INV645754,DESC medical_bio_lab 26
S0004049,E001611,energy_equipment,CIF,road,329,pcs,INV729666,DESC energy_equipment 568
S0004050,E000476,medical_bio_lab,CIF,sea,320,L,INV943079,DESC medical_bio_lab 155
S0004051,E001369,luxury_dual_use_consumer,FOB,road,322,kg,INV896718,DESC luxury_dual_use_consumer 902
S0004052,E001995,maritime_port_equipment,FOB,air,492,kg,INV451108,DESC maritime_port_equipment 162
S0004053,E000739,maritime_port_equipment,DAP,sea,20,kg,INV217124,DESC maritime_port_equipment 99
S0004054,E001307,aerospace_uas_avionics,FOB,air,332,pcs,INV790710,DESC aerospace_uas_avionics 980
S0004055,E000947,machine_tools,DAP,road,426,L,INV323785,DESC machine_tools 594
S0004056,E001117,machine_tools,CIF,sea,199,L,INV317790,DESC machine_tools 80
S0004057,E001086,machine_tools,FOB,sea,69,L,INV131793,DESC machine_tools 599
S0004058,E000031,aerospace_uas_avionics,DAP,road,467,pcs,INV658498,DESC aerospace_uas_avionics 580
S0004059,E001599,aerospace_uas_avionics,FOB,road,413,pcs,INV900883,DESC aerospace_uas_avionics 456
S0004060,E000084,aerospace_uas_avionics,CIF,sea,267,pcs,INV890382,DESC aerospace_uas_avionics 269
S0004061,E000186,chemicals_precursors,DAP,air,316,L,INV885001,DESC chemicals_precursors 936
S0004062,E001315,energy_equipment,FOB,air,435,pcs,INV184648,DESC energy_equipment 151
S0004063,E001762,luxury_dual_use_consumer,FOB,road,321,kg,INV700081,DESC luxury_dual_use_consumer 174
S0004064,E000594,chemicals_precursors,CIF,sea,272,kg,INV870257,DESC chemicals_precursors 15
S0004065,E001628,machine_tools,CIF,air,420,L,INV659703,DESC machine_tools 44
S0004066,E000560,luxury_dual_use_consumer,DAP,air,499,pcs,INV214820,DESC luxury_dual_use_consumer 825
S0004067,E001764,luxury_dual_use_consumer,CIF,road,494,kg,INV859229,DESC luxury_dual_use_consumer 704
S0004068,E000921,maritime_port_equipment,FOB,road,330,pcs,INV757271,DESC maritime_port_equipment 985
S0004069,E000487,luxury_dual_use_consumer,DAP,air,291,kg,INV255017,DESC luxury_dual_use_consumer 71
S0004070,E001600,energy_equipment,FOB,sea,364,pcs,INV866704,DESC energy_equipment 839
S0004071,E001339,medical_bio_lab,CIF,sea,41,L,INV592162,DESC medical_bio_lab 522
S0004072,E001265,energy_equipment,DAP,road,203,kg,INV571668,DESC energy_equipment 126
S0004073,E000576,machine_tools,DAP,air,218,pcs,INV533114,DESC machine_tools 528
S0004074,E000304,energy_equipment,CIF,road,369,pcs,INV448478,DESC energy_equipment 244
S0004075,E001175,medical_bio_lab,CIF,air,169,L,INV705812,DESC medical_bio_lab 346
S0004076,E001593,luxury_dual_use_consumer,DAP,air,94,L,INV884234,DESC luxury_dual_use_consumer 914
S0004077,E000534,machine_tools,CIF,sea,370,pcs,INV525842,DESC machine_tools 262
S0004078,E001726,energy_equipment,CIF,air,264,pcs,INV401368,DESC energy_equipment 551
S0004079,E000034,machine_tools,CIF,air,338,L,INV876224,DESC machine_tools 55
S0004080,E000010,machine_tools,CIF,air,452,pcs,INV392126,DESC machine_tools 252
S0004081,E000058,medical_bio_lab,FOB,air,86,pcs,INV136660,DESC medical_bio_lab 821
S0004082,E001050,energy_equipment,DAP,sea,470,L,INV306924,DESC energy_equipment 327
S0004083,E000900,aerospace_uas_avionics,CIF,air,250,kg,INV848322,DESC aerospace_uas_avionics 664
S0004084,E001801,medical_bio_lab,DAP,sea,50,L,INV969350,DESC medical_bio_lab 10
S0004085,E001719,chemicals_precursors,FOB,air,439,L,INV610777,DESC chemicals_precursors 209
S0004086,E001739,maritime_port_equipment,FOB,air,369,kg,INV978925,DESC maritime_port_equipment 971
S0004087,E001582,maritime_port_equipment,DAP,road,371,pcs,INV633448,DESC maritime_port_equipment 8
S0004088,E001113,machine_tools,CIF,sea,490,kg,INV268075,DESC machine_tools 581
S0004089,E001268,aerospace_uas_avionics,CIF,air,472,kg,INV109787,DESC aerospace_uas_avionics 394
S0004090,E001601,aerospace_uas_avionics,FOB,road,367,pcs,INV420215,DESC aerospace_uas_avionics 855
S0004091,E001305,energy_equipment,FOB,road,32,kg,INV604977,DESC energy_equipment 812
S0004092,E000180,chemicals_precursors,CIF,air,119,kg,INV929624,DESC chemicals_precursors 242
S0004093,E000211,chemicals_precursors,CIF,air,221,L,INV379296,DESC chemicals_precursors 162
S0004094,E000341,luxury_dual_use_consumer,FOB,air,125,pcs,INV608448,DESC luxury_dual_use_consumer 699
S0004095,E000165,energy_equipment,FOB,air,314,pcs,INV496407,DESC energy_equipment 711
S0004096,E000366,chemicals_precursors,CIF,road,419,pcs,INV750543,DESC chemicals_precursors 812
S0004097,E001371,maritime_port_equipment,DAP,air,320,pcs,INV958158,DESC maritime_port_equipment 778
S0004098,E001060,chemicals_precursors,DAP,sea,256,pcs,INV967733,DESC chemicals_precursors 422
S0004099,E001533,machine_tools,FOB,air,329,pcs,INV627370,DESC machine_tools 141
S0004100,E001071,machine_tools,DAP,sea,340,L,INV497975,DESC machine_tools 644
S0004101,E001902,aerospace_uas_avionics,FOB,air,69,L,INV337452,DESC aerospace_uas_avionics 683
S0004102,E000759,chemicals_precursors,CIF,air,206,pcs,INV708705,DESC chemicals_precursors 855
S0004103,E000655,medical_bio_lab,DAP,road,71,pcs,INV949009,DESC medical_bio_lab 11
S0004104,E001058,luxury_dual_use_consumer,FOB,road,408,pcs,INV299930,DESC luxury_dual_use_consumer 36
S0004105,E001454,aerospace_uas_avionics,FOB,sea,218,kg,INV869214,DESC aerospace_uas_avionics 463
S0004106,E000117,aerospace_uas_avionics,CIF,road,52,L,INV798567,DESC aerospace_uas_avionics 661
S0004107,E001702,luxury_dual_use_consumer,FOB,sea,446,pcs,INV487873,DESC luxury_dual_use_consumer 525
S0004108,E000651,maritime_port_equipment,CIF,sea,7,L,INV618203,DESC maritime_port_equipment 423
S0004109,E001590,luxury_dual_use_consumer,CIF,road,218,pcs,INV161478,DESC luxury_dual_use_consumer 844
S0004110,E001134,aerospace_uas_avionics,CIF,air,466,kg,INV634451,DESC aerospace_uas_avionics 304
S0004111,E001056,chemicals_precursors,DAP,road,255,pcs,INV990109,DESC chemicals_precursors 580
S0004112,E001674,maritime_port_equipment,FOB,sea,271,pcs,INV378242,DESC maritime_port_equipment 496
S0004113,E000195,aerospace_uas_avionics,FOB,air,479,kg,INV841755,DESC aerospace_uas_avionics 171
S0004114,E000897,energy_equipment,FOB,road,214,L,INV221119,DESC energy_equipment 319
S0004115,E000311,aerospace_uas_avionics,FOB,road,218,kg,INV935908,DESC aerospace_uas_avionics 36
S0004116,E000386,luxury_dual_use_consumer,FOB,road,484,pcs,INV823196,DESC luxury_dual_use_consumer 339
S0004117,E000813,machine_tools,DAP,road,144,L,INV988833,DESC machine_tools 217
S0004118,E001825,chemicals_precursors,CIF,sea,82,L,INV782961,DESC chemicals_precursors 112
S0004119,E000881,aerospace_uas_avionics,DAP,air,135,L,INV629268,DESC aerospace_uas_avionics 622
S0004120,E000046,energy_equipment,FOB,air,250,kg,INV234926,DESC energy_equipment 506
S0004121,E001211,chemicals_precursors,CIF,sea,415,pcs,INV337947,DESC chemicals_precursors 397
S0004122,E000936,medical_bio_lab,DAP,air,262,L,INV809545,DESC medical_bio_lab 618
S0004123,E000955,chemicals_precursors,CIF,sea,106,L,INV686036,DESC chemicals_precursors 149
S0004124,E001673,machine_tools,CIF,road,461,L,INV583177,DESC machine_tools 522
S0004125,E000007,energy_equipment,FOB,road,54,pcs,INV624808,DESC energy_equipment 828
S0004126,E001638,machine_tools,CIF,air,277,kg,INV841855,DESC machine_tools 997
S0004127,E001335,aerospace_uas_avionics,DAP,sea,360,kg,INV703287,DESC aerospace_uas_avionics 431
S0004128,E000073,aerospace_uas_avionics,DAP,road,459,L,INV443345,DESC aerospace_uas_avionics 854
S0004129,E000388,aerospace_uas_avionics,DAP,road,307,L,INV893958,DESC aerospace_uas_avionics 536
S0004130,E000288,energy_equipment,FOB,sea,333,L,INV683007,DESC energy_equipment 993
S0004131,E001365,aerospace_uas_avionics,FOB,air,279,kg,INV653574,DESC aerospace_uas_avionics 791
S0004132,E000736,maritime_port_equipment,DAP,air,236,L,INV310681,DESC maritime_port_equipment 673
S0004133,E001325,luxury_dual_use_consumer,DAP,sea,4,kg,INV537133,DESC luxury_dual_use_consumer 13
S0004134,E000341,energy_equipment,FOB,air,487,pcs,INV128813,DESC energy_equipment 182
S0004135,E001166,machine_tools,FOB,sea,10,kg,INV285501,DESC machine_tools 167
S0004136,E000213,maritime_port_equipment,CIF,road,318,L,INV921419,DESC maritime_port_equipment 823
S0004137,E001927,machine_tools,CIF,air,385,kg,INV112566,DESC machine_tools 599
S0004138,E000149,machine_tools,FOB,road,360,pcs,INV529090,DESC machine_tools 153
S0004139,E000339,chemicals_precursors,FOB,sea,311,kg,INV757593,DESC chemicals_precursors 269
S0004140,E001044,aerospace_uas_avionics,FOB,road,23,pcs,INV747065,DESC aerospace_uas_avionics 560
S0004141,E001247,maritime_port_equipment,DAP,road,69,pcs,INV123512,DESC maritime_port_equipment 584
S0004142,E000674,chemicals_precursors,DAP,road,103,kg,INV369061,DESC chemicals_precursors 245
S0004143,E001598,luxury_dual_use_consumer,CIF,air,449,kg,INV327964,DESC luxury_dual_use_consumer 729
S0004144,E001118,energy_equipment,DAP,road,205,kg,INV262727,DESC energy_equipment 263
S0004145,E001862,medical_bio_lab,CIF,road,282,kg,INV252367,DESC medical_bio_lab 574
S0004146,E000888,maritime_port_equipment,DAP,sea,26,L,INV802354,DESC maritime_port_equipment 430
S0004147,E000833,maritime_port_equipment,CIF,sea,153,L,INV455853,DESC maritime_port_equipment 126
S0004148,E000282,maritime_port_equipment,DAP,air,385,pcs,INV212099,DESC maritime_port_equipment 544
S0004149,E001859,energy_equipment,CIF,sea,248,kg,INV974705,DESC energy_equipment 599
S0004150,E001676,luxury_dual_use_consumer,FOB,sea,47,pcs,INV492269,DESC luxury_dual_use_consumer 482
S0004151,E001443,energy_equipment,CIF,road,39,pcs,INV645924,DESC energy_equipment 625
S0004152,E000332,machine_tools,FOB,sea,186,kg,INV623035,DESC machine_tools 415
S0004153,E000050,aerospace_uas_avionics,DAP,road,237,L,INV468162,DESC aerospace_uas_avionics 347
S0004154,E000216,luxury_dual_use_consumer,CIF,air,372,L,INV763774,DESC luxury_dual_use_consumer 554
S0004155,E000594,medical_bio_lab,FOB,sea,72,L,INV626160,DESC medical_bio_lab 885
S0004156,E001172,energy_equipment,CIF,road,445,L,INV292773,DESC energy_equipment 466
S0004157,E000985,machine_tools,DAP,air,108,L,INV316950,DESC machine_tools 922
S0004158,E000727,aerospace_uas_avionics,DAP,sea,130,kg,INV356337,DESC aerospace_uas_avionics 277
S0004159,E001715,chemicals_precursors,FOB,sea,223,L,INV584699,DESC chemicals_precursors 418
S0004160,E001200,energy_equipment,CIF,sea,313,L,INV320513,DESC energy_equipment 432
S0004161,E001445,machine_tools,DAP,air,356,kg,INV642647,DESC machine_tools 235
S0004162,E000930,medical_bio_lab,CIF,air,16,pcs,INV622436,DESC medical_bio_lab 454
S0004163,E001094,medical_bio_lab,DAP,sea,417,pcs,INV579064,DESC medical_bio_lab 910
S0004164,E000349,machine_tools,DAP,sea,336,kg,INV688099,DESC machine_tools 497
S0004165,E001482,maritime_port_equipment,CIF,road,55,kg,INV187877,DESC maritime_port_equipment 704
S0004166,E001716,maritime_port_equipment,CIF,road,92,pcs,INV725750,DESC maritime_port_equipment 860
S0004167,E001625,medical_bio_lab,FOB,road,94,kg,INV812562,DESC medical_bio_lab 33
S0004168,E000141,luxury_dual_use_consumer,DAP,road,127,L,INV253753,DESC luxury_dual_use_consumer 318
S0004169,E000917,luxury_dual_use_consumer,FOB,sea,425,pcs,INV591851,DESC luxury_dual_use_consumer 297
S0004170,E001903,aerospace_uas_avionics,FOB,sea,93,kg,INV363410,DESC aerospace_uas_avionics 399
S0004171,E000687,chemicals_precursors,FOB,road,115,pcs,INV978607,DESC chemicals_precursors 929
S0004172,E001993,energy_equipment,DAP,road,22,L,INV998582,DESC energy_equipment 228
S0004173,E001842,maritime_port_equipment,CIF,sea,351,L,INV117679,DESC maritime_port_equipment 249
S0004174,E001280,aerospace_uas_avionics,FOB,sea,402,L,INV750011,DESC aerospace_uas_avionics 363
S0004175,E001199,energy_equipment,FOB,sea,302,kg,INV419566,DESC energy_equipment 326
S0004176,E000133,energy_equipment,FOB,air,448,L,INV997843,DESC energy_equipment 385
S0004177,E000823,luxury_dual_use_consumer,CIF,sea,487,L,INV137905,DESC luxury_dual_use_consumer 636
S0004178,E000697,chemicals_precursors,FOB,road,90,kg,INV901706,DESC chemicals_precursors 382
S0004179,E001449,medical_bio_lab,DAP,road,493,kg,INV421443,DESC medical_bio_lab 723
S0004180,E001622,luxury_dual_use_consumer,DAP,road,273,pcs,INV512562,DESC luxury_dual_use_consumer 377
S0004181,E001207,machine_tools,CIF,air,485,L,INV562389,DESC machine_tools 676
S0004182,E001193,energy_equipment,FOB,sea,305,L,INV726704,DESC energy_equipment 824
S0004183,E001688,aerospace_uas_avionics,DAP,air,80,L,INV336729,DESC aerospace_uas_avionics 510
S0004184,E001337,luxury_dual_use_consumer,FOB,road,408,pcs,INV385008,DESC luxury_dual_use_consumer 793
S0004185,E001676,medical_bio_lab,DAP,road,386,L,INV735828,DESC medical_bio_lab 660
S0004186,E000026,medical_bio_lab,DAP,road,22,pcs,INV175691,DESC medical_bio_lab 626
S0004187,E000818,chemicals_precursors,CIF,air,127,kg,INV989410,DESC chemicals_precursors 396
S0004188,E001718,maritime_port_equipment,FOB,sea,116,kg,INV412062,DESC maritime_port_equipment 892
S0004189,E000997,luxury_dual_use_consumer,FOB,road,383,L,INV186663,DESC luxury_dual_use_consumer 507
S0004190,E001943,energy_equipment,FOB,road,242,L,INV533383,DESC energy_equipment 26
S0004191,E001425,maritime_port_equipment,DAP,road,361,L,INV542652,DESC maritime_port_equipment 417
S0004192,E001119,medical_bio_lab,DAP,air,492,L,INV163104,DESC medical_bio_lab 955
S0004193,E000788,chemicals_precursors,CIF,air,453,L,INV857997,DESC chemicals_precursors 288
S0004194,E000149,medical_bio_lab,DAP,road,64,L,INV689961,DESC medical_bio_lab 286
S0004195,E000458,energy_equipment,DAP,air,461,L,INV510819,DESC energy_equipment 166
S0004196,E000986,maritime_port_equipment,FOB,sea,137,L,INV442192,DESC maritime_port_equipment 705
S0004197,E001544,medical_bio_lab,CIF,sea,476,L,INV303915,DESC medical_bio_lab 521
S0004198,E000314,maritime_port_equipment,CIF,sea,138,pcs,INV588620,DESC maritime_port_equipment 322
S0004199,E000003,machine_tools,DAP,road,192,L,INV647640,DESC machine_tools 308
S0004200,E001814,chemicals_precursors,FOB,sea,350,pcs,INV697053,DESC chemicals_precursors 921
S0004201,E000260,chemicals_precursors,CIF,sea,483,pcs,INV606655,DESC chemicals_precursors 687
S0004202,E000277,chemicals_precursors,FOB,air,139,L,INV201447,DESC chemicals_precursors 38
S0004203,E000721,energy_equipment,DAP,air,220,pcs,INV339202,DESC energy_equipment 40
S0004204,E000783,energy_equipment,FOB,road,125,L,INV938939,DESC energy_equipment 469
S0004205,E001011,aerospace_uas_avionics,DAP,road,450,L,INV823509,DESC aerospace_uas_avionics 694
S0004206,E001553,luxury_dual_use_consumer,FOB,sea,110,pcs,INV939192,DESC luxury_dual_use_consumer 407
S0004207,E000557,maritime_port_equipment,DAP,road,471,pcs,INV425136,DESC maritime_port_equipment 69
S0004208,E000453,machine_tools,DAP,air,489,pcs,INV135933,DESC machine_tools 575
S0004209,E001348,luxury_dual_use_consumer,FOB,air,20,L,INV548299,DESC luxury_dual_use_consumer 43
S0004210,E001699,chemicals_precursors,CIF,air,350,L,INV823838,DESC chemicals_precursors 334
S0004211,E001221,medical_bio_lab,CIF,sea,246,L,INV388184,DESC medical_bio_lab 246
S0004212,E000735,medical_bio_lab,DAP,air,478,pcs,INV566373,DESC medical_bio_lab 268
S0004213,E000096,machine_tools,FOB,road,414,kg,INV328456,DESC machine_tools 915
S0004214,E000557,energy_equipment,CIF,sea,168,kg,INV587716,DESC energy_equipment 153
S0004215,E000427,luxury_dual_use_consumer,FOB,road,199,pcs,INV118630,DESC luxury_dual_use_consumer 213
S0004216,E001420,aerospace_uas_avionics,DAP,air,478,kg,INV692597,DESC aerospace_uas_avionics 585
S0004217,E001875,energy_equipment,FOB,air,275,kg,INV191804,DESC energy_equipment 154
S0004218,E001731,energy_equipment,DAP,sea,41,L,INV981596,DESC energy_equipment 365
S0004219,E000192,aerospace_uas_avionics,DAP,air,236,kg,INV681596,DESC aerospace_uas_avionics 892
S0004220,E001574,medical_bio_lab,FOB,air,17,pcs,INV643733,DESC medical_bio_lab 70
S0004221,E001532,aerospace_uas_avionics,FOB,road,483,kg,INV741089,DESC aerospace_uas_avionics 230
S0004222,E000340,energy_equipment,CIF,road,456,pcs,INV318869,DESC energy_equipment 765
S0004223,E001015,chemicals_precursors,FOB,road,187,kg,INV785274,DESC chemicals_precursors 48
S0004224,E001326,maritime_port_equipment,FOB,air,359,L,INV625923,DESC maritime_port_equipment 940
S0004225,E001675,energy_equipment,FOB,road,204,pcs,INV948552,DESC energy_equipment 631
S0004226,E000740,luxury_dual_use_consumer,FOB,air,235,L,INV236949,DESC luxury_dual_use_consumer 878
S0004227,E000182,maritime_port_equipment,CIF,air,173,kg,INV189784,DESC maritime_port_equipment 887
S0004228,E000490,aerospace_uas_avionics,CIF,air,379,L,INV938145,DESC aerospace_uas_avionics 870
S0004229,E001197,energy_equipment,CIF,sea,472,L,INV966243,DESC energy_equipment 528
S0004230,E001659,aerospace_uas_avionics,DAP,road,479,L,INV193154,DESC aerospace_uas_avionics 74
S0004231,E001443,luxury_dual_use_consumer,DAP,sea,308,kg,INV950480,DESC luxury_dual_use_consumer 986
S0004232,E001205,aerospace_uas_avionics,FOB,sea,128,kg,INV453118,DESC aerospace_uas_avionics 639
S0004233,E001178,aerospace_uas_avionics,CIF,sea,427,kg,INV199266,DESC aerospace_uas_avionics 227
S0004234,E000092,machine_tools,FOB,road,229,kg,INV170250,DESC machine_tools 989
S0004235,E001325,energy_equipment,CIF,air,320,kg,INV946484,DESC energy_equipment 603
S0004236,E001849,chemicals_precursors,FOB,road,5,kg,INV238620,DESC chemicals_precursors 501
S0004237,E000488,aerospace_uas_avionics,CIF,sea,32,kg,INV404418,DESC aerospace_uas_avionics 861
S0004238,E000793,medical_bio_lab,FOB,sea,425,L,INV640864,DESC medical_bio_lab 60
S0004239,E001527,maritime_port_equipment,DAP,air,286,kg,INV729613,DESC maritime_port_equipment 712
S0004240,E001273,machine_tools,DAP,air,126,pcs,INV214571,DESC machine_tools 926
S0004241,E001886,medical_bio_lab,FOB,road,33,L,INV439539,DESC medical_bio_lab 956
S0004242,E000776,luxury_dual_use_consumer,FOB,sea,62,L,INV120145,DESC luxury_dual_use_consumer 872
S0004243,E000937,medical_bio_lab,CIF,air,74,L,INV775537,DESC medical_bio_lab 709
S0004244,E001963,maritime_port_equipment,DAP,sea,93,pcs,INV502343,DESC maritime_port_equipment 629
S0004245,E000002,aerospace_uas_avionics,CIF,air,227,kg,INV714001,DESC aerospace_uas_avionics 269
S0004246,E000131,aerospace_uas_avionics,DAP,road,125,pcs,INV919672,DESC aerospace_uas_avionics 288
S0004247,E001510,maritime_port_equipment,DAP,road,123,pcs,INV822187,DESC maritime_port_equipment 537
S0004248,E001721,energy_equipment,DAP,air,4,pcs,INV323530,DESC energy_equipment 915
S0004249,E000870,machine_tools,CIF,sea,335,L,INV669132,DESC machine_tools 211
S0004250,E001468,luxury_dual_use_consumer,CIF,road,125,pcs,INV132659,DESC luxury_dual_use_consumer 271
S0004251,E001222,maritime_port_equipment,DAP,road,136,kg,INV778314,DESC maritime_port_equipment 543
S0004252,E001101,machine_tools,CIF,road,405,L,INV555158,DESC machine_tools 556
S0004253,E001022,luxury_dual_use_consumer,FOB,sea,136,L,INV244418,DESC luxury_dual_use_consumer 364
S0004254,E000052,machine_tools,CIF,road,318,pcs,INV176782,DESC machine_tools 559
S0004255,E000050,maritime_port_equipment,FOB,air,258,kg,INV779545,DESC maritime_port_equipment 462
S0004256,E000326,machine_tools,FOB,sea,142,kg,INV433110,DESC machine_tools 84
S0004257,E000599,chemicals_precursors,DAP,sea,1,pcs,INV207401,DESC chemicals_precursors 916
S0004258,E001825,maritime_port_equipment,FOB,road,246,L,INV799478,DESC maritime_port_equipment 938
S0004259,E001032,aerospace_uas_avionics,CIF,air,280,pcs,INV308004,DESC aerospace_uas_avionics 295
S0004260,E001782,luxury_dual_use_consumer,DAP,road,215,pcs,INV328869,DESC luxury_dual_use_consumer 252
S0004261,E000106,luxury_dual_use_consumer,DAP,road,499,kg,INV903857,DESC luxury_dual_use_consumer 811
S0004262,E000117,energy_equipment,DAP,air,27,kg,INV939095,DESC energy_equipment 671
S0004263,E000606,medical_bio_lab,DAP,road,396,L,INV169974,DESC medical_bio_lab 661
S0004264,E001433,chemicals_precursors,FOB,sea,264,L,INV434183,DESC chemicals_precursors 890
S0004265,E000412,energy_equipment,DAP,sea,318,kg,INV948881,DESC energy_equipment 834
S0004266,E000322,machine_tools,CIF,air,37,pcs,INV669531,DESC machine_tools 516
S0004267,E001571,chemicals_precursors,FOB,air,294,pcs,INV761516,DESC chemicals_precursors 301
S0004268,E000513,chemicals_precursors,FOB,road,354,kg,INV788490,DESC chemicals_precursors 263
S0004269,E001342,machine_tools,DAP,sea,133,L,INV763798,DESC machine_tools 438
S0004270,E000579,luxury_dual_use_consumer,CIF,road,20,pcs,INV915241,DESC luxury_dual_use_consumer 284
S0004271,E000277,energy_equipment,FOB,sea,346,pcs,INV850840,DESC energy_equipment 829
S0004272,E001306,maritime_port_equipment,DAP,road,222,pcs,INV720961,DESC maritime_port_equipment 984
S0004273,E001123,machine_tools,DAP,sea,172,L,INV984216,DESC machine_tools 943
S0004274,E001097,machine_tools,CIF,road,200,pcs,INV791212,DESC machine_tools 489
S0004275,E001096,medical_bio_lab,FOB,sea,475,L,INV140827,DESC medical_bio_lab 69
S0004276,E000051,luxury_dual_use_consumer,FOB,sea,414,L,INV395078,DESC luxury_dual_use_consumer 462
S0004277,E001156,machine_tools,DAP,sea,475,kg,INV657213,DESC machine_tools 961
S0004278,E000384,maritime_port_equipment,CIF,sea,392,pcs,INV465688,DESC maritime_port_equipment 447
S0004279,E001925,energy_equipment,FOB,sea,220,kg,INV175505,DESC energy_equipment 661
S0004280,E001213,energy_equipment,FOB,sea,471,pcs,INV424223,DESC energy_equipment 623
S0004281,E000658,chemicals_precursors,CIF,sea,338,kg,INV132701,DESC chemicals_precursors 993
S0004282,E000729,luxury_dual_use_consumer,FOB,road,342,kg,INV556362,DESC luxury_dual_use_consumer 49
S0004283,E001722,chemicals_precursors,DAP,air,212,kg,INV677095,DESC chemicals_precursors 974
S0004284,E000932,chemicals_precursors,CIF,road,172,L,INV829254,DESC chemicals_precursors 309
S0004285,E001551,energy_equipment,CIF,air,378,kg,INV877100,DESC energy_equipment 260
S0004286,E001962,machine_tools,CIF,sea,22,pcs,INV893517,DESC machine_tools 390
S0004287,E001274,aerospace_uas_avionics,CIF,air,48,pcs,INV950124,DESC aerospace_uas_avionics 260
S0004288,E001900,aerospace_uas_avionics,FOB,air,21,pcs,INV199507,DESC aerospace_uas_avionics 445
S0004289,E000844,maritime_port_equipment,CIF,road,345,L,INV379357,DESC maritime_port_equipment 730
S0004290,E001215,maritime_port_equipment,DAP,air,174,kg,INV969357,DESC maritime_port_equipment 649
S0004291,E001968,energy_equipment,CIF,road,425,L,INV889656,DESC energy_equipment 921
S0004292,E000339,maritime_port_equipment,DAP,road,37,pcs,INV733204,DESC maritime_port_equipment 201
S0004293,E001441,aerospace_uas_avionics,FOB,sea,480,pcs,INV635659,DESC aerospace_uas_avionics 769
S0004294,E001521,luxury_dual_use_consumer,FOB,air,462,kg,INV205358,DESC luxury_dual_use_consumer 388
S0004295,E000490,maritime_port_equipment,DAP,air,183,pcs,INV771546,DESC maritime_port_equipment 935
S0004296,E001578,energy_equipment,DAP,sea,395,kg,INV200544,DESC energy_equipment 820
S0004297,E001159,luxury_dual_use_consumer,CIF,air,187,L,INV268500,DESC luxury_dual_use_consumer 506
S0004298,E000608,luxury_dual_use_consumer,CIF,sea,227,kg,INV211271,DESC luxury_dual_use_consumer 990
S0004299,E000135,chemicals_precursors,DAP,road,413,pcs,INV186486,DESC chemicals_precursors 762
S0004300,E001852,energy_equipment,CIF,air,149,kg,INV841968,DESC energy_equipment 177
S0004301,E001662,medical_bio_lab,CIF,air,330,L,INV944886,DESC medical_bio_lab 955
S0004302,E001567,machine_tools,CIF,sea,267,kg,INV937960,DESC machine_tools 53
S0004303,E000132,luxury_dual_use_consumer,DAP,air,14,kg,INV378172,DESC luxury_dual_use_consumer 735
S0004304,E000364,machine_tools,DAP,sea,374,L,INV725937,DESC machine_tools 957
S0004305,E001711,medical_bio_lab,CIF,air,306,pcs,INV827646,DESC medical_bio_lab 76
S0004306,E001938,medical_bio_lab,FOB,sea,217,L,INV303950,DESC medical_bio_lab 457
S0004307,E001210,energy_equipment,FOB,road,186,pcs,INV164814,DESC energy_equipment 64
S0004308,E001078,luxury_dual_use_consumer,FOB,air,335,kg,INV576726,DESC luxury_dual_use_consumer 846
S0004309,E001936,energy_equipment,CIF,road,91,kg,INV440735,DESC energy_equipment 255
S0004310,E001447,energy_equipment,DAP,air,405,pcs,INV576051,DESC energy_equipment 826
S0004311,E001173,energy_equipment,CIF,air,182,pcs,INV383361,DESC energy_equipment 57
S0004312,E000180,energy_equipment,FOB,sea,292,kg,INV484365,DESC energy_equipment 758
S0004313,E000805,maritime_port_equipment,DAP,air,179,pcs,INV687702,DESC maritime_port_equipment 245
S0004314,E000214,machine_tools,FOB,air,485,kg,INV297348,DESC machine_tools 643
S0004315,E000307,luxury_dual_use_consumer,CIF,sea,440,pcs,INV288342,DESC luxury_dual_use_consumer 97
S0004316,E000302,luxury_dual_use_consumer,FOB,road,248,L,INV735681,DESC luxury_dual_use_consumer 634
S0004317,E001460,medical_bio_lab,FOB,sea,239,kg,INV194845,DESC medical_bio_lab 610
S0004318,E000250,chemicals_precursors,CIF,air,146,L,INV511118,DESC chemicals_precursors 249
S0004319,E000048,energy_equipment,CIF,road,334,pcs,INV275047,DESC energy_equipment 419
S0004320,E000164,machine_tools,FOB,sea,61,pcs,INV744984,DESC machine_tools 162
S0004321,E001501,aerospace_uas_avionics,CIF,sea,3,kg,INV540200,DESC aerospace_uas_avionics 211
S0004322,E001345,medical_bio_lab,CIF,road,334,L,INV887320,DESC medical_bio_lab 835
S0004323,E001677,luxury_dual_use_consumer,DAP,sea,335,pcs,INV879734,DESC luxury_dual_use_consumer 8
S0004324,E000593,machine_tools,DAP,road,293,L,INV815383,DESC machine_tools 383
S0004325,E001201,maritime_port_equipment,CIF,air,294,L,INV902481,DESC maritime_port_equipment 440
S0004326,E000053,chemicals_precursors,CIF,road,51,pcs,INV247044,DESC chemicals_precursors 316
S0004327,E001456,maritime_port_equipment,DAP,air,478,L,INV893189,DESC maritime_port_equipment 442
S0004328,E001557,machine_tools,CIF,road,478,L,INV362870,DESC machine_tools 566
S0004329,E000284,luxury_dual_use_consumer,FOB,road,371,kg,INV580030,DESC luxury_dual_use_consumer 382
S0004330,E000867,luxury_dual_use_consumer,DAP,sea,316,L,INV479114,DESC luxury_dual_use_consumer 583
S0004331,E001211,aerospace_uas_avionics,FOB,road,389,pcs,INV623011,DESC aerospace_uas_avionics 478
S0004332,E000496,energy_equipment,FOB,road,358,L,INV691270,DESC energy_equipment 33
S0004333,E000611,energy_equipment,DAP,sea,378,L,INV854047,DESC energy_equipment 346
S0004334,E000319,machine_tools,FOB,air,17,L,INV528072,DESC machine_tools 255
S0004335,E001848,chemicals_precursors,DAP,road,417,L,INV406275,DESC chemicals_precursors 54
S0004336,E001710,luxury_dual_use_consumer,FOB,road,242,kg,INV451372,DESC luxury_dual_use_consumer 33
S0004337,E000838,maritime_port_equipment,FOB,air,64,kg,INV841496,DESC maritime_port_equipment 381
S0004338,E001648,medical_bio_lab,FOB,road,127,pcs,INV181436,DESC medical_bio_lab 523
S0004339,E000713,chemicals_precursors,DAP,air,15,L,INV222126,DESC chemicals_precursors 812
S0004340,E001582,machine_tools,FOB,road,228,pcs,INV268611,DESC machine_tools 326
S0004341,E001477,maritime_port_equipment,FOB,air,38,kg,INV997049,DESC maritime_port_equipment 760
S0004342,E001328,maritime_port_equipment,DAP,sea,304,pcs,INV498462,DESC maritime_port_equipment 584
S0004343,E000227,chemicals_precursors,DAP,air,138,pcs,INV715147,DESC chemicals_precursors 647
S0004344,E000786,energy_equipment,CIF,air,356,L,INV559346,DESC energy_equipment 200
S0004345,E000567,medical_bio_lab,CIF,air,242,kg,INV674622,DESC medical_bio_lab 135
S0004346,E000284,medical_bio_lab,FOB,road,37,pcs,INV961676,DESC medical_bio_lab 870
S0004347,E001212,chemicals_precursors,CIF,sea,235,pcs,INV666631,DESC chemicals_precursors 910
S0004348,E000885,energy_equipment,FOB,sea,356,pcs,INV265371,DESC energy_equipment 192
S0004349,E001705,chemicals_precursors,CIF,air,8,L,INV775652,DESC chemicals_precursors 677
S0004350,E000076,maritime_port_equipment,DAP,road,380,kg,INV740667,DESC maritime_port_equipment 298
S0004351,E000353,aerospace_uas_avionics,DAP,sea,123,pcs,INV169841,DESC aerospace_uas_avionics 401
S0004352,E000865,maritime_port_equipment,CIF,sea,445,L,INV956719,DESC maritime_port_equipment 318
S0004353,E000459,maritime_port_equipment,FOB,road,317,pcs,INV456799,DESC maritime_port_equipment 777
S0004354,E000219,chemicals_precursors,DAP,air,124,L,INV447171,DESC chemicals_precursors 939
S0004355,E001677,aerospace_uas_avionics,FOB,road,261,pcs,INV272123,DESC aerospace_uas_avionics 563
S0004356,E000437,luxury_dual_use_consumer,DAP,sea,149,L,INV774176,DESC luxury_dual_use_consumer 151
S0004357,E000426,luxury_dual_use_consumer,DAP,road,489,kg,INV230219,DESC luxury_dual_use_consumer 432
S0004358,E000801,chemicals_precursors,DAP,sea,394,pcs,INV129749,DESC chemicals_precursors 538
S0004359,E001756,aerospace_uas_avionics,FOB,sea,90,pcs,INV160579,DESC aerospace_uas_avionics 492
S0004360,E001394,chemicals_precursors,FOB,road,73,kg,INV563484,DESC chemicals_precursors 976
S0004361,E001628,medical_bio_lab,FOB,road,10,kg,INV618650,DESC medical_bio_lab 500
S0004362,E000396,medical_bio_lab,DAP,air,268,L,INV980125,DESC medical_bio_lab 589
S0004363,E001841,luxury_dual_use_consumer,DAP,sea,330,pcs,INV326097,DESC luxury_dual_use_consumer 701
S0004364,E000656,luxury_dual_use_consumer,DAP,air,492,pcs,INV811540,DESC luxury_dual_use_consumer 128
S0004365,E000567,maritime_port_equipment,CIF,air,490,kg,INV468849,DESC maritime_port_equipment 785
S0004366,E001275,aerospace_uas_avionics,DAP,road,325,pcs,INV601563,DESC aerospace_uas_avionics 258
S0004367,E000489,machine_tools,FOB,sea,416,pcs,INV977394,DESC machine_tools 108
S0004368,E000885,energy_equipment,DAP,sea,256,L,INV586587,DESC energy_equipment 404
S0004369,E001603,energy_equipment,DAP,air,321,kg,INV175523,DESC energy_equipment 374
S0004370,E000373,chemicals_precursors,FOB,air,215,kg,INV488444,DESC chemicals_precursors 757
S0004371,E000584,luxury_dual_use_consumer,FOB,sea,36,kg,INV199735,DESC luxury_dual_use_consumer 281
S0004372,E001124,machine_tools,CIF,air,267,pcs,INV206475,DESC machine_tools 81
S0004373,E000096,aerospace_uas_avionics,CIF,sea,241,L,INV240102,DESC aerospace_uas_avionics 632
S0004374,E000739,medical_bio_lab,DAP,air,325,kg,INV819250,DESC medical_bio_lab 692
S0004375,E001704,medical_bio_lab,CIF,road,372,kg,INV250721,DESC medical_bio_lab 979
S0004376,E001721,machine_tools,CIF,sea,122,pcs,INV550082,DESC machine_tools 256
S0004377,E000397,chemicals_precursors,FOB,air,353,kg,INV785368,DESC chemicals_precursors 898
S0004378,E000636,chemicals_precursors,FOB,sea,220,kg,INV115471,DESC chemicals_precursors 145
S0004379,E000410,energy_equipment,CIF,air,165,L,INV673171,DESC energy_equipment 803
S0004380,E000385,aerospace_uas_avionics,FOB,road,3,pcs,INV157581,DESC aerospace_uas_avionics 61
S0004381,E001717,luxury_dual_use_consumer,CIF,air,451,kg,INV753528,DESC luxury_dual_use_consumer 219
S0004382,E001152,machine_tools,DAP,road,196,pcs,INV722351,DESC machine_tools 89
S0004383,E000995,machine_tools,DAP,air,253,L,INV277267,DESC machine_tools 209
S0004384,E001221,medical_bio_lab,DAP,road,275,L,INV366655,DESC medical_bio_lab 876
S0004385,E001633,chemicals_precursors,CIF,air,284,kg,INV563781,DESC chemicals_precursors 113
S0004386,E001699,aerospace_uas_avionics,FOB,sea,32,L,INV902167,DESC aerospace_uas_avionics 406
S0004387,E000562,chemicals_precursors,FOB,road,256,L,INV665994,DESC chemicals_precursors 933
S0004388,E001203,aerospace_uas_avionics,CIF,road,260,kg,INV390538,DESC aerospace_uas_avionics 819
S0004389,E001481,medical_bio_lab,FOB,road,399,kg,INV716199,DESC medical_bio_lab 859
S0004390,E000386,aerospace_uas_avionics,DAP,air,270,kg,INV469099,DESC aerospace_uas_avionics 856
S0004391,E001681,aerospace_uas_avionics,DAP,sea,288,kg,INV646677,DESC aerospace_uas_avionics 57
S0004392,E001160,luxury_dual_use_consumer,FOB,air,45,pcs,INV631041,DESC luxury_dual_use_consumer 386
S0004393,E000886,machine_tools,FOB,sea,315,pcs,INV988074,DESC machine_tools 254
S0004394,E001606,maritime_port_equipment,FOB,road,468,pcs,INV891174,DESC maritime_port_equipment 403
S0004395,E000812,energy_equipment,DAP,road,435,kg,INV770994,DESC energy_equipment 359
S0004396,E001583,luxury_dual_use_consumer,CIF,air,341,L,INV944002,DESC luxury_dual_use_consumer 307
S0004397,E000773,chemicals_precursors,DAP,road,14,pcs,INV828611,DESC chemicals_precursors 458
S0004398,E000259,medical_bio_lab,FOB,road,51,L,INV202331,DESC medical_bio_lab 995
S0004399,E001842,energy_equipment,DAP,sea,277,pcs,INV637532,DESC energy_equipment 976
S0004400,E001257,maritime_port_equipment,FOB,air,252,pcs,INV576737,DESC maritime_port_equipment 563
S0004401,E001789,aerospace_uas_avionics,FOB,road,129,kg,INV673548,DESC aerospace_uas_avionics 5
S0004402,E000153,luxury_dual_use_consumer,FOB,sea,402,L,INV670898,DESC luxury_dual_use_consumer 928
S0004403,E001121,chemicals_precursors,FOB,road,442,pcs,INV979653,DESC chemicals_precursors 977
S0004404,E000987,aerospace_uas_avionics,FOB,sea,94,kg,INV374442,DESC aerospace_uas_avionics 475
S0004405,E001517,machine_tools,FOB,road,281,L,INV828752,DESC machine_tools 616
S0004406,E000948,luxury_dual_use_consumer,CIF,sea,259,kg,INV801197,DESC luxury_dual_use_consumer 439
S0004407,E000716,energy_equipment,CIF,sea,356,pcs,INV897177,DESC energy_equipment 592
S0004408,E001043,maritime_port_equipment,FOB,road,377,pcs,INV680408,DESC maritime_port_equipment 372
S0004409,E000963,luxury_dual_use_consumer,CIF,sea,321,L,INV796272,DESC luxury_dual_use_consumer 245
S0004410,E001143,chemicals_precursors,FOB,air,493,pcs,INV837588,DESC chemicals_precursors 941
S0004411,E000157,medical_bio_lab,FOB,sea,319,pcs,INV156689,DESC medical_bio_lab 656
S0004412,E001686,energy_equipment,CIF,air,204,kg,INV993854,DESC energy_equipment 909
S0004413,E001343,luxury_dual_use_consumer,FOB,sea,128,pcs,INV363027,DESC luxury_dual_use_consumer 263
S0004414,E000650,maritime_port_equipment,CIF,sea,381,L,INV306656,DESC maritime_port_equipment 481
S0004415,E001959,luxury_dual_use_consumer,CIF,sea,482,L,INV183804,DESC luxury_dual_use_consumer 720
S0004416,E001130,luxury_dual_use_consumer,FOB,sea,281,kg,INV810607,DESC luxury_dual_use_consumer 971
S0004417,E001285,machine_tools,DAP,sea,292,kg,INV785166,DESC machine_tools 4
S0004418,E000841,medical_bio_lab,FOB,air,409,kg,INV626992,DESC medical_bio_lab 806
S0004419,E000732,chemicals_precursors,DAP,sea,447,pcs,INV572548,DESC chemicals_precursors 758
S0004420,E001439,maritime_port_equipment,FOB,sea,403,pcs,INV938681,DESC maritime_port_equipment 355
S0004421,E001015,aerospace_uas_avionics,DAP,road,491,pcs,INV275692,DESC aerospace_uas_avionics 183
S0004422,E000399,machine_tools,FOB,road,253,kg,INV869317,DESC machine_tools 487
S0004423,E001045,luxury_dual_use_consumer,DAP,sea,212,kg,INV732103,DESC luxury_dual_use_consumer 539
S0004424,E001983,aerospace_uas_avionics,DAP,air,231,kg,INV703876,DESC aerospace_uas_avionics 679
S0004425,E000387,aerospace_uas_avionics,CIF,air,422,kg,INV375281,DESC aerospace_uas_avionics 758
S0004426,E001584,energy_equipment,CIF,road,405,L,INV288986,DESC energy_equipment 636
S0004427,E000194,medical_bio_lab,CIF,sea,290,pcs,INV619892,DESC medical_bio_lab 503
S0004428,E000286,energy_equipment,CIF,sea,250,kg,INV386780,DESC energy_equipment 391
S0004429,E001955,medical_bio_lab,FOB,sea,210,L,INV945481,DESC medical_bio_lab 371
S0004430,E001079,luxury_dual_use_consumer,FOB,air,368,L,INV257403,DESC luxury_dual_use_consumer 41
S0004431,E001091,chemicals_precursors,FOB,air,264,kg,INV695633,DESC chemicals_precursors 937
S0004432,E001667,medical_bio_lab,FOB,sea,306,pcs,INV813639,DESC medical_bio_lab 626
S0004433,E001333,luxury_dual_use_consumer,CIF,road,363,L,INV255108,DESC luxury_dual_use_consumer 127
S0004434,E000148,aerospace_uas_avionics,CIF,air,333,L,INV384255,DESC aerospace_uas_avionics 510
S0004435,E000757,luxury_dual_use_consumer,FOB,road,326,pcs,INV502572,DESC luxury_dual_use_consumer 342
S0004436,E001646,energy_equipment,CIF,road,127,L,INV427665,DESC energy_equipment 882
S0004437,E001507,aerospace_uas_avionics,DAP,sea,431,kg,INV692401,DESC aerospace_uas_avionics 281
S0004438,E000029,aerospace_uas_avionics,CIF,road,391,L,INV446380,DESC aerospace_uas_avionics 437
S0004439,E001369,machine_tools,FOB,air,480,L,INV357231,DESC machine_tools 947
S0004440,E001084,medical_bio_lab,FOB,sea,67,L,INV830624,DESC medical_bio_lab 238
S0004441,E001929,maritime_port_equipment,DAP,air,301,L,INV947757,DESC maritime_port_equipment 698
S0004442,E001093,aerospace_uas_avionics,DAP,road,109,kg,INV674251,DESC aerospace_uas_avionics 719
S0004443,E001707,aerospace_uas_avionics,DAP,road,152,L,INV439200,DESC aerospace_uas_avionics 663
S0004444,E000749,energy_equipment,FOB,air,140,pcs,INV214455,DESC energy_equipment 614
S0004445,E001736,machine_tools,CIF,road,409,pcs,INV681274,DESC machine_tools 437
S0004446,E001536,chemicals_precursors,CIF,air,192,pcs,INV764544,DESC chemicals_precursors 106
S0004447,E001249,machine_tools,DAP,road,360,pcs,INV827644,DESC machine_tools 956
S0004448,E001498,machine_tools,FOB,road,374,L,INV540949,DESC machine_tools 505
S0004449,E000323,machine_tools,FOB,sea,136,kg,INV375595,DESC machine_tools 30
S0004450,E001471,chemicals_precursors,CIF,sea,110,pcs,INV110900,DESC chemicals_precursors 165
S0004451,E001783,luxury_dual_use_consumer,CIF,road,235,kg,INV961211,DESC luxury_dual_use_consumer 231
S0004452,E001563,energy_equipment,CIF,air,166,kg,INV488866,DESC energy_equipment 955
S0004453,E000486,energy_equipment,CIF,air,354,kg,INV322071,DESC energy_equipment 436
S0004454,E000376,luxury_dual_use_consumer,FOB,sea,160,kg,INV851521,DESC luxury_dual_use_consumer 600
S0004455,E001926,machine_tools,CIF,sea,285,kg,INV839595,DESC machine_tools 653
S0004456,E000124,maritime_port_equipment,DAP,air,40,pcs,INV280808,DESC maritime_port_equipment 381
S0004457,E001180,aerospace_uas_avionics,DAP,road,471,kg,INV732373,DESC aerospace_uas_avionics 418
S0004458,E001521,luxury_dual_use_consumer,FOB,road,31,pcs,INV731717,DESC luxury_dual_use_consumer 997
S0004459,E001129,maritime_port_equipment,CIF,air,140,pcs,INV169147,DESC maritime_port_equipment 945
S0004460,E000872,machine_tools,CIF,sea,388,kg,INV981955,DESC machine_tools 357
S0004461,E001365,maritime_port_equipment,CIF,road,34,L,INV420291,DESC maritime_port_equipment 111
S0004462,E001769,energy_equipment,DAP,sea,337,kg,INV714011,DESC energy_equipment 149
S0004463,E000439,luxury_dual_use_consumer,CIF,sea,499,kg,INV879215,DESC luxury_dual_use_consumer 6
S0004464,E000336,luxury_dual_use_consumer,DAP,road,22,pcs,INV708362,DESC luxury_dual_use_consumer 693
S0004465,E001716,energy_equipment,DAP,air,428,L,INV922468,DESC energy_equipment 845
S0004466,E000549,maritime_port_equipment,FOB,air,70,pcs,INV748414,DESC maritime_port_equipment 938
S0004467,E000969,chemicals_precursors,CIF,air,318,pcs,INV487657,DESC chemicals_precursors 499
S0004468,E001654,maritime_port_equipment,FOB,road,340,L,INV948053,DESC maritime_port_equipment 362
S0004469,E001223,medical_bio_lab,CIF,road,226,L,INV906103,DESC medical_bio_lab 92
S0004470,E000626,energy_equipment,DAP,sea,14,pcs,INV195446,DESC energy_equipment 765
S0004471,E000366,machine_tools,CIF,road,476,kg,INV857515,DESC machine_tools 722
S0004472,E001362,medical_bio_lab,CIF,road,366,pcs,INV123225,DESC medical_bio_lab 83
S0004473,E001550,maritime_port_equipment,FOB,sea,299,L,INV930764,DESC maritime_port_equipment 208
S0004474,E000599,maritime_port_equipment,FOB,sea,378,L,INV772656,DESC maritime_port_equipment 40
S0004475,E000313,luxury_dual_use_consumer,CIF,sea,35,L,INV108620,DESC luxury_dual_use_consumer 251
S0004476,E000717,medical_bio_lab,DAP,sea,375,L,INV252088,DESC medical_bio_lab 830
S0004477,E000845,energy_equipment,DAP,sea,223,kg,INV794827,DESC energy_equipment 487
S0004478,E000670,medical_bio_lab,FOB,sea,359,L,INV802523,DESC medical_bio_lab 95
S0004479,E000298,luxury_dual_use_consumer,FOB,air,456,kg,INV527213,DESC luxury_dual_use_consumer 540
S0004480,E000355,luxury_dual_use_consumer,FOB,air,263,L,INV112030,DESC luxury_dual_use_consumer 964
S0004481,E001113,maritime_port_equipment,DAP,sea,196,pcs,INV526779,DESC maritime_port_equipment 345
S0004482,E000405,luxury_dual_use_consumer,FOB,air,221,pcs,INV616641,DESC luxury_dual_use_consumer 432
S0004483,E000847,aerospace_uas_avionics,CIF,road,222,pcs,INV445484,DESC aerospace_uas_avionics 821
S0004484,E000737,luxury_dual_use_consumer,FOB,road,269,L,INV178118,DESC luxury_dual_use_consumer 440
S0004485,E001765,machine_tools,CIF,air,62,pcs,INV934798,DESC machine_tools 376
S0004486,E001525,luxury_dual_use_consumer,DAP,road,93,L,INV937577,DESC luxury_dual_use_consumer 96
S0004487,E001767,machine_tools,DAP,air,397,pcs,INV325002,DESC machine_tools 5
S0004488,E001961,maritime_port_equipment,CIF,road,89,pcs,INV586851,DESC maritime_port_equipment 730
S0004489,E001234,luxury_dual_use_consumer,DAP,sea,396,kg,INV725883,DESC luxury_dual_use_consumer 237
S0004490,E000249,luxury_dual_use_consumer,DAP,sea,128,L,INV974175,DESC luxury_dual_use_consumer 944
S0004491,E001636,chemicals_precursors,CIF,sea,218,L,INV993165,DESC chemicals_precursors 455
S0004492,E000446,aerospace_uas_avionics,DAP,sea,367,L,INV703585,DESC aerospace_uas_avionics 528
S0004493,E001674,machine_tools,FOB,road,289,pcs,INV100813,DESC machine_tools 113
S0004494,E000685,medical_bio_lab,DAP,road,453,kg,INV346318,DESC medical_bio_lab 89
S0004495,E000882,aerospace_uas_avionics,DAP,road,345,kg,INV875801,DESC aerospace_uas_avionics 880
S0004496,E000908,chemicals_precursors,DAP,road,114,pcs,INV638703,DESC chemicals_precursors 14
S0004497,E000160,luxury_dual_use_consumer,CIF,sea,347,pcs,INV991758,DESC luxury_dual_use_consumer 339
S0004498,E000587,medical_bio_lab,DAP,sea,293,L,INV273939,DESC medical_bio_lab 245
S0004499,E001274,luxury_dual_use_consumer,DAP,air,316,L,INV866854,DESC luxury_dual_use_consumer 598
S0004500,E001316,energy_equipment,DAP,sea,205,pcs,INV204858,DESC energy_equipment 440
S0004501,E001736,chemicals_precursors,DAP,road,213,pcs,INV712460,DESC chemicals_precursors 949
S0004502,E000213,luxury_dual_use_consumer,FOB,sea,346,L,INV824454,DESC luxury_dual_use_consumer 541
S0004503,E001263,energy_equipment,CIF,air,457,pcs,INV442788,DESC energy_equipment 201
S0004504,E000480,machine_tools,DAP,air,220,pcs,INV994127,DESC machine_tools 505
S0004505,E000056,medical_bio_lab,CIF,road,449,pcs,INV992741,DESC medical_bio_lab 733
S0004506,E000840,luxury_dual_use_consumer,FOB,air,182,pcs,INV349514,DESC luxury_dual_use_consumer 82
S0004507,E000163,energy_equipment,FOB,sea,263,kg,INV405996,DESC energy_equipment 595
S0004508,E001123,chemicals_precursors,FOB,road,299,pcs,INV529928,DESC chemicals_precursors 507
S0004509,E001117,medical_bio_lab,FOB,sea,477,kg,INV363841,DESC medical_bio_lab 303
S0004510,E000900,luxury_dual_use_consumer,CIF,road,478,kg,INV911994,DESC luxury_dual_use_consumer 397
S0004511,E001905,maritime_port_equipment,CIF,air,436,pcs,INV312088,DESC maritime_port_equipment 650
S0004512,E001796,machine_tools,FOB,air,491,L,INV345909,DESC machine_tools 311
S0004513,E000887,chemicals_precursors,FOB,road,8,pcs,INV343297,DESC chemicals_precursors 358
S0004514,E000776,luxury_dual_use_consumer,DAP,air,221,pcs,INV404336,DESC luxury_dual_use_consumer 554
S0004515,E000437,luxury_dual_use_consumer,CIF,road,161,pcs,INV826737,DESC luxury_dual_use_consumer 28
S0004516,E000609,chemicals_precursors,FOB,sea,151,L,INV799318,DESC chemicals_precursors 404
S0004517,E000992,aerospace_uas_avionics,CIF,road,225,kg,INV270477,DESC aerospace_uas_avionics 82
S0004518,E001680,maritime_port_equipment,CIF,road,449,kg,INV107613,DESC maritime_port_equipment 898
S0004519,E000100,energy_equipment,CIF,air,83,kg,INV220215,DESC energy_equipment 136
S0004520,E001515,aerospace_uas_avionics,CIF,sea,83,kg,INV976012,DESC aerospace_uas_avionics 264
S0004521,E001849,machine_tools,DAP,air,58,kg,INV891073,DESC machine_tools 474
S0004522,E001291,energy_equipment,CIF,sea,350,pcs,INV340315,DESC energy_equipment 791
S0004523,E000120,maritime_port_equipment,DAP,air,97,kg,INV580941,DESC maritime_port_equipment 747
S0004524,E000309,chemicals_precursors,CIF,air,112,L,INV970515,DESC chemicals_precursors 761
S0004525,E000288,maritime_port_equipment,FOB,road,455,kg,INV559087,DESC maritime_port_equipment 437
S0004526,E001544,medical_bio_lab,FOB,road,136,kg,INV448854,DESC medical_bio_lab 754
S0004527,E000661,maritime_port_equipment,DAP,sea,413,pcs,INV976221,DESC maritime_port_equipment 866
S0004528,E000529,medical_bio_lab,DAP,sea,87,kg,INV601559,DESC medical_bio_lab 900
S0004529,E001551,maritime_port_equipment,CIF,road,394,pcs,INV205460,DESC maritime_port_equipment 553
S0004530,E000177,chemicals_precursors,CIF,road,215,L,INV652200,DESC chemicals_precursors 601
S0004531,E000811,medical_bio_lab,CIF,air,383,L,INV367291,DESC medical_bio_lab 856
S0004532,E000593,medical_bio_lab,FOB,sea,283,kg,INV190819,DESC medical_bio_lab 423
S0004533,E001049,maritime_port_equipment,FOB,road,281,L,INV734968,DESC maritime_port_equipment 815
S0004534,E001210,aerospace_uas_avionics,CIF,air,54,kg,INV402649,DESC aerospace_uas_avionics 537
S0004535,E000757,chemicals_precursors,DAP,air,297,pcs,INV517429,DESC chemicals_precursors 230
S0004536,E000578,maritime_port_equipment,FOB,road,235,L,INV667950,DESC maritime_port_equipment 419
S0004537,E000822,aerospace_uas_avionics,DAP,sea,263,kg,INV424890,DESC aerospace_uas_avionics 535
S0004538,E000977,aerospace_uas_avionics,FOB,sea,279,pcs,INV222247,DESC aerospace_uas_avionics 904
S0004539,E000764,luxury_dual_use_consumer,CIF,air,126,pcs,INV190258,DESC luxury_dual_use_consumer 980
S0004540,E000307,aerospace_uas_avionics,DAP,sea,185,kg,INV825515,DESC aerospace_uas_avionics 276
S0004541,E000548,medical_bio_lab,DAP,road,277,L,INV557478,DESC medical_bio_lab 565
S0004542,E000826,aerospace_uas_avionics,CIF,road,362,L,INV252935,DESC aerospace_uas_avionics 686
S0004543,E001293,maritime_port_equipment,DAP,sea,120,pcs,INV244490,DESC maritime_port_equipment 477
S0004544,E001170,luxury_dual_use_consumer,CIF,road,91,L,INV317543,DESC luxury_dual_use_consumer 934
S0004545,E000362,maritime_port_equipment,FOB,air,40,L,INV292908,DESC maritime_port_equipment 423
S0004546,E000988,chemicals_precursors,DAP,road,133,pcs,INV701254,DESC chemicals_precursors 384
S0004547,E001612,maritime_port_equipment,FOB,road,142,L,INV267689,DESC maritime_port_equipment 165
S0004548,E001324,medical_bio_lab,FOB,road,293,pcs,INV631835,DESC medical_bio_lab 564
S0004549,E000655,medical_bio_lab,FOB,air,52,kg,INV407352,DESC medical_bio_lab 78
S0004550,E000730,maritime_port_equipment,CIF,road,70,pcs,INV348329,DESC maritime_port_equipment 85
S0004551,E001967,maritime_port_equipment,DAP,air,493,kg,INV891259,DESC maritime_port_equipment 421
S0004552,E001018,energy_equipment,DAP,sea,28,kg,INV270186,DESC energy_equipment 828
S0004553,E000711,maritime_port_equipment,CIF,road,39,L,INV653514,DESC maritime_port_equipment 415
S0004554,E000233,aerospace_uas_avionics,FOB,air,190,L,INV946777,DESC aerospace_uas_avionics 56
S0004555,E001229,medical_bio_lab,DAP,air,64,pcs,INV633316,DESC medical_bio_lab 709
S0004556,E000682,chemicals_precursors,CIF,air,360,pcs,INV889911,DESC chemicals_precursors 80
S0004557,E000360,maritime_port_equipment,DAP,air,132,pcs,INV821860,DESC maritime_port_equipment 570
S0004558,E001020,aerospace_uas_avionics,DAP,road,494,kg,INV157811,DESC aerospace_uas_avionics 751
S0004559,E000470,aerospace_uas_avionics,DAP,sea,345,pcs,INV410828,DESC aerospace_uas_avionics 415
S0004560,E001446,maritime_port_equipment,CIF,air,34,L,INV480691,DESC maritime_port_equipment 684
S0004561,E000629,maritime_port_equipment,FOB,sea,389,kg,INV151590,DESC maritime_port_equipment 334
S0004562,E001562,machine_tools,DAP,sea,412,pcs,INV392929,DESC machine_tools 853
S0004563,E001759,medical_bio_lab,FOB,road,148,L,INV376882,DESC medical_bio_lab 117
S0004564,E001155,energy_equipment,FOB,road,424,pcs,INV318537,DESC energy_equipment 685
S0004565,E000938,machine_tools,DAP,sea,443,kg,INV717940,DESC machine_tools 159
S0004566,E001553,maritime_port_equipment,CIF,air,227,kg,INV672160,DESC maritime_port_equipment 520
S0004567,E001837,luxury_dual_use_consumer,FOB,air,458,pcs,INV508306,DESC luxury_dual_use_consumer 316
S0004568,E000282,luxury_dual_use_consumer,CIF,sea,180,L,INV294615,DESC luxury_dual_use_consumer 219
S0004569,E001518,machine_tools,CIF,road,253,kg,INV127862,DESC machine_tools 943
S0004570,E001362,energy_equipment,DAP,air,417,kg,INV787949,DESC energy_equipment 570
S0004571,E000314,maritime_port_equipment,FOB,sea,417,L,INV368581,DESC maritime_port_equipment 244
S0004572,E000372,aerospace_uas_avionics,CIF,air,477,L,INV901178,DESC aerospace_uas_avionics 242
S0004573,E000918,machine_tools,DAP,road,87,pcs,INV718143,DESC machine_tools 287
S0004574,E001432,machine_tools,CIF,air,314,pcs,INV864046,DESC machine_tools 94
S0004575,E000592,energy_equipment,FOB,sea,267,L,INV943599,DESC energy_equipment 180
S0004576,E000897,luxury_dual_use_consumer,FOB,sea,280,pcs,INV767803,DESC luxury_dual_use_consumer 258
S0004577,E000396,aerospace_uas_avionics,FOB,road,260,pcs,INV977292,DESC aerospace_uas_avionics 274
S0004578,E000395,chemicals_precursors,DAP,road,133,kg,INV757544,DESC chemicals_precursors 946
S0004579,E000092,maritime_port_equipment,FOB,sea,135,pcs,INV941936,DESC maritime_port_equipment 17
S0004580,E001245,chemicals_precursors,FOB,road,294,L,INV106131,DESC chemicals_precursors 92
S0004581,E000489,chemicals_precursors,FOB,sea,23,kg,INV471895,DESC chemicals_precursors 496
S0004582,E001029,medical_bio_lab,DAP,air,96,pcs,INV823699,DESC medical_bio_lab 30
S0004583,E001803,maritime_port_equipment,FOB,air,482,L,INV588156,DESC maritime_port_equipment 509
S0004584,E001269,maritime_port_equipment,CIF,air,18,kg,INV986943,DESC maritime_port_equipment 220
S0004585,E001023,energy_equipment,CIF,air,312,pcs,INV419536,DESC energy_equipment 106
S0004586,E000216,machine_tools,CIF,road,73,kg,INV117561,DESC machine_tools 438
S0004587,E001677,aerospace_uas_avionics,FOB,road,472,pcs,INV465346,DESC aerospace_uas_avionics 853
S0004588,E000818,chemicals_precursors,DAP,air,376,pcs,INV797393,DESC chemicals_precursors 860
S0004589,E000694,medical_bio_lab,DAP,road,283,L,INV337881,DESC medical_bio_lab 795
S0004590,E001204,aerospace_uas_avionics,CIF,road,455,kg,INV707879,DESC aerospace_uas_avionics 648
S0004591,E001581,aerospace_uas_avionics,CIF,road,115,kg,INV610134,DESC aerospace_uas_avionics 532
S0004592,E001000,maritime_port_equipment,CIF,sea,233,kg,INV848616,DESC maritime_port_equipment 930
S0004593,E000244,luxury_dual_use_consumer,DAP,air,287,pcs,INV992318,DESC luxury_dual_use_consumer 693
S0004594,E001581,aerospace_uas_avionics,FOB,air,264,L,INV875904,DESC aerospace_uas_avionics 749
S0004595,E000991,medical_bio_lab,DAP,sea,108,kg,INV392701,DESC medical_bio_lab 265
S0004596,E001088,medical_bio_lab,DAP,air,301,L,INV621769,DESC medical_bio_lab 123
S0004597,E000567,aerospace_uas_avionics,FOB,road,490,pcs,INV673843,DESC aerospace_uas_avionics 896
S0004598,E000119,aerospace_uas_avionics,DAP,sea,297,L,INV924212,DESC aerospace_uas_avionics 589
S0004599,E000547,maritime_port_equipment,DAP,air,198,L,INV163217,DESC maritime_port_equipment 372
S0004600,E000549,chemicals_precursors,DAP,air,496,kg,INV658318,DESC chemicals_precursors 658
S0004601,E001473,energy_equipment,CIF,air,149,kg,INV196044,DESC energy_equipment 584
S0004602,E000738,medical_bio_lab,FOB,air,420,pcs,INV631504,DESC medical_bio_lab 647
S0004603,E000828,maritime_port_equipment,DAP,road,345,kg,INV800661,DESC maritime_port_equipment 180
S0004604,E000014,energy_equipment,DAP,sea,184,kg,INV600212,DESC energy_equipment 517
S0004605,E000527,aerospace_uas_avionics,FOB,road,51,pcs,INV889954,DESC aerospace_uas_avionics 243
S0004606,E001269,energy_equipment,CIF,air,346,L,INV205228,DESC energy_equipment 94
S0004607,E001702,machine_tools,DAP,sea,480,L,INV330881,DESC machine_tools 957
S0004608,E000241,maritime_port_equipment,CIF,sea,3,L,INV780088,DESC maritime_port_equipment 377
S0004609,E000666,medical_bio_lab,CIF,road,364,L,INV767659,DESC medical_bio_lab 847
S0004610,E001274,aerospace_uas_avionics,DAP,road,210,pcs,INV292082,DESC aerospace_uas_avionics 582
S0004611,E001319,medical_bio_lab,FOB,road,109,pcs,INV528226,DESC medical_bio_lab 196
S0004612,E001754,energy_equipment,FOB,road,273,pcs,INV117980,DESC energy_equipment 743
S0004613,E001862,medical_bio_lab,FOB,road,380,kg,INV157056,DESC medical_bio_lab 378
S0004614,E001287,luxury_dual_use_consumer,DAP,road,231,pcs,INV682703,DESC luxury_dual_use_consumer 428
S0004615,E001077,aerospace_uas_avionics,DAP,air,127,L,INV932766,DESC aerospace_uas_avionics 672
S0004616,E000848,maritime_port_equipment,CIF,sea,314,L,INV957173,DESC maritime_port_equipment 171
S0004617,E000939,medical_bio_lab,CIF,air,236,pcs,INV123544,DESC medical_bio_lab 938
S0004618,E000335,machine_tools,FOB,road,394,pcs,INV501138,DESC machine_tools 766
S0004619,E001519,energy_equipment,FOB,road,111,pcs,INV391336,DESC energy_equipment 736
S0004620,E000269,maritime_port_equipment,DAP,air,117,kg,INV368976,DESC maritime_port_equipment 533
S0004621,E001128,chemicals_precursors,DAP,sea,386,kg,INV819360,DESC chemicals_precursors 566
S0004622,E000750,machine_tools,FOB,road,180,pcs,INV882696,DESC machine_tools 399
S0004623,E000391,maritime_port_equipment,FOB,sea,465,pcs,INV392344,DESC maritime_port_equipment 451
S0004624,E000651,machine_tools,FOB,road,167,kg,INV267130,DESC machine_tools 772
S0004625,E000743,machine_tools,DAP,air,246,L,INV448015,DESC machine_tools 901
S0004626,E000652,luxury_dual_use_consumer,DAP,air,273,pcs,INV996004,DESC luxury_dual_use_consumer 926
S0004627,E001776,maritime_port_equipment,DAP,road,86,L,INV116213,DESC maritime_port_equipment 935
S0004628,E000633,chemicals_precursors,CIF,sea,265,kg,INV593388,DESC chemicals_precursors 9
S0004629,E001533,machine_tools,DAP,air,82,pcs,INV619658,DESC machine_tools 302
S0004630,E001451,luxury_dual_use_consumer,CIF,sea,87,L,INV639324,DESC luxury_dual_use_consumer 548
S0004631,E001319,medical_bio_lab,DAP,road,31,kg,INV358696,DESC medical_bio_lab 614
S0004632,E000685,machine_tools,DAP,road,21,kg,INV719728,DESC machine_tools 516
S0004633,E000703,energy_equipment,CIF,road,432,L,INV143250,DESC energy_equipment 658
S0004634,E001614,machine_tools,DAP,sea,316,pcs,INV477248,DESC machine_tools 862
S0004635,E001355,medical_bio_lab,DAP,air,209,pcs,INV715623,DESC medical_bio_lab 430
S0004636,E000051,luxury_dual_use_consumer,CIF,air,145,pcs,INV849163,DESC luxury_dual_use_consumer 87
S0004637,E000882,aerospace_uas_avionics,CIF,air,307,L,INV812191,DESC aerospace_uas_avionics 142
S0004638,E000016,machine_tools,FOB,air,45,L,INV115518,DESC machine_tools 136
S0004639,E001302,machine_tools,CIF,road,116,pcs,INV169946,DESC machine_tools 614
S0004640,E001578,maritime_port_equipment,DAP,air,299,pcs,INV423510,DESC maritime_port_equipment 594
S0004641,E000935,medical_bio_lab,DAP,road,338,L,INV208334,DESC medical_bio_lab 74
S0004642,E001782,luxury_dual_use_consumer,CIF,road,195,pcs,INV312536,DESC luxury_dual_use_consumer 256
S0004643,E000107,luxury_dual_use_consumer,DAP,air,59,L,INV755088,DESC luxury_dual_use_consumer 658
S0004644,E000359,aerospace_uas_avionics,DAP,air,92,pcs,INV683925,DESC aerospace_uas_avionics 943
S0004645,E000250,luxury_dual_use_consumer,DAP,air,207,kg,INV700871,DESC luxury_dual_use_consumer 238
S0004646,E000592,chemicals_precursors,FOB,road,466,L,INV382222,DESC chemicals_precursors 691
S0004647,E001927,medical_bio_lab,CIF,sea,46,kg,INV107562,DESC medical_bio_lab 32
S0004648,E000748,medical_bio_lab,CIF,road,63,kg,INV583786,DESC medical_bio_lab 356
S0004649,E001584,aerospace_uas_avionics,CIF,air,374,kg,INV211712,DESC aerospace_uas_avionics 552
S0004650,E000063,energy_equipment,FOB,road,356,L,INV754660,DESC energy_equipment 880
S0004651,E000878,aerospace_uas_avionics,FOB,road,174,L,INV833829,DESC aerospace_uas_avionics 513
S0004652,E001960,energy_equipment,CIF,road,415,L,INV390967,DESC energy_equipment 627
S0004653,E000931,maritime_port_equipment,DAP,sea,478,pcs,INV189506,DESC maritime_port_equipment 347
S0004654,E001535,chemicals_precursors,DAP,air,388,pcs,INV429411,DESC chemicals_precursors 309
S0004655,E001290,energy_equipment,DAP,sea,83,L,INV227626,DESC energy_equipment 909
S0004656,E000990,chemicals_precursors,DAP,road,227,L,INV406371,DESC chemicals_precursors 47
S0004657,E000201,chemicals_precursors,DAP,sea,404,kg,INV336826,DESC chemicals_precursors 427
S0004658,E001761,energy_equipment,DAP,air,109,L,INV669050,DESC energy_equipment 76
S0004659,E000791,energy_equipment,CIF,air,190,pcs,INV988780,DESC energy_equipment 181
S0004660,E000196,maritime_port_equipment,FOB,air,131,pcs,INV623451,DESC maritime_port_equipment 916
S0004661,E001729,luxury_dual_use_consumer,CIF,road,351,L,INV179021,DESC luxury_dual_use_consumer 342
S0004662,E000752,energy_equipment,FOB,road,248,pcs,INV682813,DESC energy_equipment 878
S0004663,E000096,medical_bio_lab,DAP,air,18,pcs,INV436876,DESC medical_bio_lab 574
S0004664,E001753,medical_bio_lab,FOB,road,491,L,INV622488,DESC medical_bio_lab 932
S0004665,E001805,chemicals_precursors,DAP,road,375,kg,INV584784,DESC chemicals_precursors 634
S0004666,E000272,luxury_dual_use_consumer,FOB,air,479,kg,INV507123,DESC luxury_dual_use_consumer 694
S0004667,E000539,medical_bio_lab,DAP,road,482,kg,INV768606,DESC medical_bio_lab 461
S0004668,E000871,aerospace_uas_avionics,CIF,road,218,L,INV134863,DESC aerospace_uas_avionics 388
S0004669,E000373,machine_tools,FOB,air,13,pcs,INV863951,DESC machine_tools 748
S0004670,E000567,aerospace_uas_avionics,DAP,sea,287,L,INV726675,DESC aerospace_uas_avionics 773
S0004671,E001566,energy_equipment,DAP,road,345,pcs,INV967934,DESC energy_equipment 920
S0004672,E001213,machine_tools,DAP,air,118,L,INV288957,DESC machine_tools 485
S0004673,E001630,aerospace_uas_avionics,FOB,road,294,kg,INV964844,DESC aerospace_uas_avionics 136
S0004674,E001367,energy_equipment,CIF,road,316,pcs,INV698748,DESC energy_equipment 3
S0004675,E001442,aerospace_uas_avionics,FOB,air,252,pcs,INV717712,DESC aerospace_uas_avionics 482
S0004676,E001210,medical_bio_lab,DAP,sea,268,kg,INV379143,DESC medical_bio_lab 299
S0004677,E001277,machine_tools,CIF,road,495,L,INV659286,DESC machine_tools 824
S0004678,E000325,maritime_port_equipment,CIF,road,478,pcs,INV806109,DESC maritime_port_equipment 586
S0004679,E001446,luxury_dual_use_consumer,FOB,sea,453,L,INV474463,DESC luxury_dual_use_consumer 512
S0004680,E001829,chemicals_precursors,FOB,air,195,pcs,INV382428,DESC chemicals_precursors 920
S0004681,E000132,aerospace_uas_avionics,DAP,road,177,pcs,INV236306,DESC aerospace_uas_avionics 159
S0004682,E001748,luxury_dual_use_consumer,DAP,road,145,pcs,INV262576,DESC luxury_dual_use_consumer 7
S0004683,E001119,luxury_dual_use_consumer,DAP,air,423,pcs,INV862810,DESC luxury_dual_use_consumer 683
S0004684,E000318,chemicals_precursors,FOB,air,162,kg,INV839114,DESC chemicals_precursors 410
S0004685,E001566,aerospace_uas_avionics,FOB,sea,164,pcs,INV450841,DESC aerospace_uas_avionics 6
S0004686,E000542,energy_equipment,DAP,sea,116,kg,INV724195,DESC energy_equipment 796
S0004687,E001966,machine_tools,FOB,sea,442,pcs,INV666786,DESC machine_tools 865
S0004688,E000299,luxury_dual_use_consumer,CIF,sea,110,pcs,INV765169,DESC luxury_dual_use_consumer 394
S0004689,E001900,energy_equipment,FOB,road,33,L,INV851239,DESC energy_equipment 205
S0004690,E000270,chemicals_precursors,DAP,air,264,pcs,INV921069,DESC chemicals_precursors 462
S0004691,E001239,medical_bio_lab,CIF,air,13,kg,INV777525,DESC medical_bio_lab 106
S0004692,E001590,maritime_port_equipment,DAP,air,122,pcs,INV803636,DESC maritime_port_equipment 353
S0004693,E000925,machine_tools,DAP,road,189,L,INV702778,DESC machine_tools 243
S0004694,E000427,energy_equipment,CIF,air,426,kg,INV887488,DESC energy_equipment 560
S0004695,E000522,medical_bio_lab,CIF,road,310,L,INV211357,DESC medical_bio_lab 851
S0004696,E001119,aerospace_uas_avionics,FOB,air,6,pcs,INV570745,DESC aerospace_uas_avionics 907
S0004697,E001845,medical_bio_lab,CIF,air,232,kg,INV979223,DESC medical_bio_lab 82
S0004698,E000031,machine_tools,DAP,road,9,kg,INV122821,DESC machine_tools 934
S0004699,E000245,maritime_port_equipment,CIF,sea,401,L,INV878165,DESC maritime_port_equipment 243
S0004700,E001912,energy_equipment,FOB,sea,93,L,INV761717,DESC energy_equipment 394
S0004701,E000460,chemicals_precursors,CIF,road,352,L,INV536697,DESC chemicals_precursors 670
S0004702,E000752,maritime_port_equipment,FOB,road,396,L,INV809203,DESC maritime_port_equipment 521
S0004703,E000086,aerospace_uas_avionics,DAP,air,100,pcs,INV207648,DESC aerospace_uas_avionics 154
S0004704,E001060,maritime_port_equipment,DAP,road,420,pcs,INV969982,DESC maritime_port_equipment 556
S0004705,E000522,aerospace_uas_avionics,DAP,sea,216,pcs,INV955627,DESC aerospace_uas_avionics 584
S0004706,E000671,aerospace_uas_avionics,DAP,sea,239,pcs,INV133952,DESC aerospace_uas_avionics 489
S0004707,E001725,machine_tools,DAP,air,352,L,INV738792,DESC machine_tools 922
S0004708,E001118,luxury_dual_use_consumer,CIF,air,188,kg,INV208923,DESC luxury_dual_use_consumer 309
S0004709,E001672,medical_bio_lab,CIF,air,125,kg,INV627504,DESC medical_bio_lab 115
S0004710,E000766,machine_tools,FOB,air,28,pcs,INV915286,DESC machine_tools 905
S0004711,E001393,aerospace_uas_avionics,CIF,sea,380,L,INV979034,DESC aerospace_uas_avionics 573
S0004712,E000606,maritime_port_equipment,FOB,air,383,L,INV331195,DESC maritime_port_equipment 269
S0004713,E000569,aerospace_uas_avionics,DAP,air,18,L,INV119773,DESC aerospace_uas_avionics 44
S0004714,E001585,machine_tools,FOB,road,313,pcs,INV303608,DESC machine_tools 460
S0004715,E001221,aerospace_uas_avionics,CIF,sea,170,L,INV420083,DESC aerospace_uas_avionics 486
S0004716,E001269,medical_bio_lab,FOB,road,493,pcs,INV632604,DESC medical_bio_lab 301
S0004717,E001694,energy_equipment,DAP,road,381,kg,INV583903,DESC energy_equipment 11
S0004718,E001428,aerospace_uas_avionics,DAP,air,296,pcs,INV963839,DESC aerospace_uas_avionics 926
S0004719,E000469,machine_tools,FOB,road,439,pcs,INV840589,DESC machine_tools 309
S0004720,E001396,machine_tools,CIF,sea,261,pcs,INV629893,DESC machine_tools 612
S0004721,E000473,chemicals_precursors,FOB,sea,464,L,INV478857,DESC chemicals_precursors 386
S0004722,E001633,machine_tools,CIF,road,395,L,INV903636,DESC machine_tools 17
S0004723,E000727,aerospace_uas_avionics,CIF,sea,98,pcs,INV256951,DESC aerospace_uas_avionics 181
S0004724,E000802,luxury_dual_use_consumer,FOB,air,374,pcs,INV216207,DESC luxury_dual_use_consumer 762
S0004725,E000936,luxury_dual_use_consumer,FOB,sea,365,L,INV264260,DESC luxury_dual_use_consumer 903
S0004726,E001585,medical_bio_lab,FOB,air,446,kg,INV970872,DESC medical_bio_lab 309
S0004727,E001944,luxury_dual_use_consumer,DAP,air,63,pcs,INV564965,DESC luxury_dual_use_consumer 715
S0004728,E000531,chemicals_precursors,FOB,road,352,pcs,INV889096,DESC chemicals_precursors 620
S0004729,E001104,aerospace_uas_avionics,FOB,road,276,L,INV593601,DESC aerospace_uas_avionics 674
S0004730,E001233,machine_tools,DAP,air,484,L,INV849973,DESC machine_tools 403
S0004731,E000710,medical_bio_lab,CIF,road,8,pcs,INV360603,DESC medical_bio_lab 417
S0004732,E000606,aerospace_uas_avionics,CIF,sea,93,kg,INV520549,DESC aerospace_uas_avionics 333
S0004733,E000529,energy_equipment,FOB,sea,352,L,INV667288,DESC energy_equipment 983
S0004734,E001218,maritime_port_equipment,FOB,air,397,pcs,INV535193,DESC maritime_port_equipment 503
S0004735,E000316,chemicals_precursors,DAP,sea,249,pcs,INV575137,DESC chemicals_precursors 894
S0004736,E001517,energy_equipment,DAP,sea,413,L,INV942874,DESC energy_equipment 812
S0004737,E000006,energy_equipment,FOB,road,164,L,INV501799,DESC energy_equipment 107
S0004738,E001528,aerospace_uas_avionics,CIF,road,20,pcs,INV192576,DESC aerospace_uas_avionics 453
S0004739,E000106,machine_tools,DAP,sea,272,kg,INV430237,DESC machine_tools 614
S0004740,E001232,luxury_dual_use_consumer,DAP,sea,223,kg,INV396818,DESC luxury_dual_use_consumer 275
S0004741,E000805,medical_bio_lab,DAP,road,378,pcs,INV678125,DESC medical_bio_lab 96
S0004742,E001737,machine_tools,DAP,sea,143,pcs,INV381955,DESC machine_tools 163
S0004743,E000752,medical_bio_lab,CIF,road,91,L,INV904767,DESC medical_bio_lab 662
S0004744,E000338,machine_tools,FOB,road,404,kg,INV942363,DESC machine_tools 706
S0004745,E000623,machine_tools,CIF,air,479,L,INV709316,DESC machine_tools 739
S0004746,E000520,maritime_port_equipment,DAP,road,234,L,INV591855,DESC maritime_port_equipment 176
S0004747,E000262,luxury_dual_use_consumer,DAP,road,150,kg,INV966902,DESC luxury_dual_use_consumer 22
S0004748,E001863,machine_tools,DAP,air,355,pcs,INV116045,DESC machine_tools 509
S0004749,E001134,medical_bio_lab,CIF,air,81,pcs,INV733497,DESC medical_bio_lab 882
S0004750,E001840,machine_tools,CIF,road,240,kg,INV506293,DESC machine_tools 338
S0004751,E000367,medical_bio_lab,DAP,sea,392,kg,INV507115,DESC medical_bio_lab 353
S0004752,E001023,chemicals_precursors,DAP,air,455,L,INV546376,DESC chemicals_precursors 823
S0004753,E000080,medical_bio_lab,FOB,air,208,pcs,INV978600,DESC medical_bio_lab 298
S0004754,E001208,machine_tools,CIF,air,472,kg,INV549896,DESC machine_tools 818
S0004755,E001785,energy_equipment,CIF,sea,270,pcs,INV278907,DESC energy_equipment 497
S0004756,E000875,energy_equipment,DAP,road,378,pcs,INV821463,DESC energy_equipment 765
S0004757,E001095,energy_equipment,CIF,sea,169,pcs,INV640859,DESC energy_equipment 379
S0004758,E001675,maritime_port_equipment,FOB,road,169,L,INV475433,DESC maritime_port_equipment 294
S0004759,E000522,machine_tools,FOB,air,68,pcs,INV642497,DESC machine_tools 45
S0004760,E001524,luxury_dual_use_consumer,DAP,sea,245,L,INV566185,DESC luxury_dual_use_consumer 238
S0004761,E000141,medical_bio_lab,DAP,air,60,kg,INV531122,DESC medical_bio_lab 373
S0004762,E000509,maritime_port_equipment,CIF,road,116,pcs,INV590442,DESC maritime_port_equipment 338
S0004763,E000499,aerospace_uas_avionics,DAP,air,337,L,INV644530,DESC aerospace_uas_avionics 833
S0004764,E001947,maritime_port_equipment,CIF,sea,418,L,INV505059,DESC maritime_port_equipment 524
S0004765,E001197,medical_bio_lab,CIF,air,317,pcs,INV564366,DESC medical_bio_lab 621
S0004766,E000775,luxury_dual_use_consumer,DAP,air,375,L,INV207071,DESC luxury_dual_use_consumer 642
S0004767,E001940,aerospace_uas_avionics,FOB,road,153,pcs,INV758551,DESC aerospace_uas_avionics 923
S0004768,E001687,aerospace_uas_avionics,DAP,sea,197,L,INV910906,DESC aerospace_uas_avionics 893
S0004769,E000978,medical_bio_lab,FOB,road,52,pcs,INV163167,DESC medical_bio_lab 774
S0004770,E001312,luxury_dual_use_consumer,DAP,air,265,pcs,INV195768,DESC luxury_dual_use_consumer 894
S0004771,E000438,chemicals_precursors,FOB,air,246,pcs,INV330090,DESC chemicals_precursors 954
S0004772,E000752,energy_equipment,CIF,air,256,L,INV958146,DESC energy_equipment 156
S0004773,E000454,medical_bio_lab,DAP,sea,276,L,INV293726,DESC medical_bio_lab 113
S0004774,E000795,medical_bio_lab,DAP,sea,114,pcs,INV300255,DESC medical_bio_lab 785
S0004775,E001843,maritime_port_equipment,CIF,road,350,pcs,INV479403,DESC maritime_port_equipment 799
S0004776,E000115,maritime_port_equipment,DAP,air,37,L,INV962554,DESC maritime_port_equipment 605
S0004777,E001637,chemicals_precursors,DAP,air,362,pcs,INV878071,DESC chemicals_precursors 239
S0004778,E001117,maritime_port_equipment,CIF,sea,129,pcs,INV481853,DESC maritime_port_equipment 351
S0004779,E000722,aerospace_uas_avionics,CIF,sea,125,L,INV750125,DESC aerospace_uas_avionics 737
S0004780,E000758,energy_equipment,DAP,road,416,L,INV166009,DESC energy_equipment 705
S0004781,E000731,maritime_port_equipment,DAP,sea,201,pcs,INV120515,DESC maritime_port_equipment 895
S0004782,E000430,medical_bio_lab,CIF,sea,338,pcs,INV734566,DESC medical_bio_lab 730
S0004783,E001245,chemicals_precursors,FOB,air,406,pcs,INV115140,DESC chemicals_precursors 477
S0004784,E000480,machine_tools,CIF,air,172,pcs,INV265190,DESC machine_tools 607
S0004785,E001258,maritime_port_equipment,CIF,air,20,pcs,INV196852,DESC maritime_port_equipment 813
S0004786,E000145,maritime_port_equipment,CIF,sea,275,kg,INV569460,DESC maritime_port_equipment 888
S0004787,E000356,luxury_dual_use_consumer,FOB,air,164,kg,INV930768,DESC luxury_dual_use_consumer 306
S0004788,E000137,energy_equipment,CIF,sea,318,L,INV592286,DESC energy_equipment 747
S0004789,E001635,machine_tools,DAP,sea,171,pcs,INV227285,DESC machine_tools 612
S0004790,E001031,maritime_port_equipment,FOB,sea,221,L,INV329652,DESC maritime_port_equipment 592
S0004791,E000344,machine_tools,FOB,air,288,kg,INV795196,DESC machine_tools 106
S0004792,E000882,aerospace_uas_avionics,DAP,sea,38,kg,INV622247,DESC aerospace_uas_avionics 353
S0004793,E001884,machine_tools,DAP,air,45,L,INV913957,DESC machine_tools 117
S0004794,E000134,machine_tools,FOB,air,391,pcs,INV822713,DESC machine_tools 379
S0004795,E001408,luxury_dual_use_consumer,CIF,road,355,pcs,INV858670,DESC luxury_dual_use_consumer 702
S0004796,E001150,maritime_port_equipment,CIF,sea,107,pcs,INV113113,DESC maritime_port_equipment 838
S0004797,E001932,chemicals_precursors,FOB,road,177,kg,INV999116,DESC chemicals_precursors 594
S0004798,E001145,medical_bio_lab,DAP,sea,424,kg,INV944450,DESC medical_bio_lab 479
S0004799,E000289,luxury_dual_use_consumer,CIF,sea,438,L,INV224567,DESC luxury_dual_use_consumer 708
S0004800,E000991,maritime_port_equipment,FOB,road,215,L,INV808461,DESC maritime_port_equipment 663
S0004801,E000515,energy_equipment,DAP,road,360,kg,INV972377,DESC energy_equipment 681
S0004802,E000460,energy_equipment,DAP,air,150,pcs,INV773158,DESC energy_equipment 677
S0004803,E000016,aerospace_uas_avionics,DAP,road,143,L,INV812371,DESC aerospace_uas_avionics 776
S0004804,E001708,maritime_port_equipment,DAP,sea,417,pcs,INV955264,DESC maritime_port_equipment 961
S0004805,E001298,luxury_dual_use_consumer,CIF,sea,95,kg,INV383254,DESC luxury_dual_use_consumer 751
S0004806,E001090,maritime_port_equipment,DAP,road,177,kg,INV868217,DESC maritime_port_equipment 402
S0004807,E001935,machine_tools,DAP,air,289,pcs,INV693639,DESC machine_tools 656
S0004808,E000623,maritime_port_equipment,CIF,air,142,kg,INV220389,DESC maritime_port_equipment 996
S0004809,E001417,luxury_dual_use_consumer,DAP,sea,347,pcs,INV490615,DESC luxury_dual_use_consumer 397
S0004810,E000616,maritime_port_equipment,FOB,air,198,pcs,INV805270,DESC maritime_port_equipment 902
S0004811,E000472,maritime_port_equipment,FOB,sea,203,kg,INV472838,DESC maritime_port_equipment 196
S0004812,E001096,maritime_port_equipment,DAP,road,142,kg,INV111482,DESC maritime_port_equipment 74
S0004813,E001907,energy_equipment,FOB,air,381,pcs,INV208565,DESC energy_equipment 359
S0004814,E001053,machine_tools,DAP,road,146,L,INV787204,DESC machine_tools 402
S0004815,E000485,machine_tools,DAP,sea,61,L,INV436666,DESC machine_tools 613
S0004816,E000125,maritime_port_equipment,CIF,air,306,pcs,INV898553,DESC maritime_port_equipment 160
S0004817,E000478,luxury_dual_use_consumer,FOB,sea,368,L,INV595816,DESC luxury_dual_use_consumer 329
S0004818,E000886,luxury_dual_use_consumer,FOB,road,340,pcs,INV238064,DESC luxury_dual_use_consumer 718
S0004819,E000324,aerospace_uas_avionics,CIF,air,249,pcs,INV869485,DESC aerospace_uas_avionics 635
S0004820,E001325,aerospace_uas_avionics,DAP,air,84,L,INV581228,DESC aerospace_uas_avionics 729
S0004821,E000019,luxury_dual_use_consumer,FOB,road,151,pcs,INV896559,DESC luxury_dual_use_consumer 15
S0004822,E001328,chemicals_precursors,FOB,road,183,pcs,INV674729,DESC chemicals_precursors 514
S0004823,E001817,luxury_dual_use_consumer,FOB,air,44,kg,INV965075,DESC luxury_dual_use_consumer 202
S0004824,E001982,aerospace_uas_avionics,CIF,air,42,kg,INV494630,DESC aerospace_uas_avionics 456
S0004825,E001255,chemicals_precursors,FOB,sea,309,pcs,INV674169,DESC chemicals_precursors 518
S0004826,E000158,luxury_dual_use_consumer,CIF,sea,235,kg,INV158134,DESC luxury_dual_use_consumer 637
S0004827,E000712,machine_tools,FOB,air,434,L,INV950945,DESC machine_tools 766
S0004828,E001559,maritime_port_equipment,FOB,air,79,pcs,INV516280,DESC maritime_port_equipment 840
S0004829,E001037,medical_bio_lab,CIF,sea,315,kg,INV909271,DESC medical_bio_lab 313
S0004830,E001653,luxury_dual_use_consumer,DAP,sea,102,kg,INV992460,DESC luxury_dual_use_consumer 466
S0004831,E001399,aerospace_uas_avionics,DAP,air,142,kg,INV665888,DESC aerospace_uas_avionics 810
S0004832,E001311,chemicals_precursors,CIF,air,40,kg,INV964326,DESC chemicals_precursors 780
S0004833,E001746,energy_equipment,CIF,road,170,L,INV953636,DESC energy_equipment 44
S0004834,E001366,energy_equipment,CIF,sea,100,L,INV770029,DESC energy_equipment 171
S0004835,E000417,chemicals_precursors,DAP,air,194,pcs,INV955282,DESC chemicals_precursors 329
S0004836,E000202,luxury_dual_use_consumer,FOB,sea,150,kg,INV496221,DESC luxury_dual_use_consumer 94
S0004837,E000060,energy_equipment,DAP,road,345,pcs,INV362658,DESC energy_equipment 230
S0004838,E001124,chemicals_precursors,FOB,sea,353,L,INV557947,DESC chemicals_precursors 545
S0004839,E000831,maritime_port_equipment,FOB,road,149,pcs,INV113916,DESC maritime_port_equipment 424
S0004840,E001648,energy_equipment,FOB,air,353,L,INV360679,DESC energy_equipment 53
S0004841,E001106,luxury_dual_use_consumer,FOB,road,245,kg,INV541482,DESC luxury_dual_use_consumer 425
S0004842,E001351,luxury_dual_use_consumer,FOB,sea,248,L,INV690878,DESC luxury_dual_use_consumer 239
S0004843,E001735,maritime_port_equipment,FOB,air,85,pcs,INV925980,DESC maritime_port_equipment 859
S0004844,E001238,luxury_dual_use_consumer,CIF,sea,49,pcs,INV357159,DESC luxury_dual_use_consumer 255
S0004845,E001315,machine_tools,CIF,road,237,pcs,INV296815,DESC machine_tools 237
S0004846,E000889,machine_tools,DAP,air,148,kg,INV852175,DESC machine_tools 604
S0004847,E000429,energy_equipment,FOB,air,356,L,INV886879,DESC energy_equipment 25
S0004848,E001730,chemicals_precursors,CIF,road,473,pcs,INV725202,DESC chemicals_precursors 948
S0004849,E000661,energy_equipment,DAP,air,478,pcs,INV757119,DESC energy_equipment 513
S0004850,E000263,chemicals_precursors,DAP,road,382,pcs,INV221619,DESC chemicals_precursors 466
S0004851,E001467,luxury_dual_use_consumer,CIF,air,493,kg,INV171139,DESC luxury_dual_use_consumer 752
S0004852,E001958,chemicals_precursors,CIF,road,230,L,INV562900,DESC chemicals_precursors 752
S0004853,E000658,machine_tools,CIF,road,463,L,INV158106,DESC machine_tools 902
S0004854,E001492,maritime_port_equipment,FOB,road,240,kg,INV244210,DESC maritime_port_equipment 481
S0004855,E000120,energy_equipment,DAP,sea,215,L,INV873295,DESC energy_equipment 42
S0004856,E001685,luxury_dual_use_consumer,CIF,road,430,kg,INV938152,DESC luxury_dual_use_consumer 956
S0004857,E001386,chemicals_precursors,FOB,road,102,kg,INV414281,DESC chemicals_precursors 156
S0004858,E000351,maritime_port_equipment,FOB,air,134,kg,INV406494,DESC maritime_port_equipment 368
S0004859,E000501,aerospace_uas_avionics,DAP,air,496,L,INV875515,DESC aerospace_uas_avionics 682
S0004860,E001954,chemicals_precursors,DAP,sea,131,pcs,INV775789,DESC chemicals_precursors 254
S0004861,E000758,energy_equipment,CIF,air,161,kg,INV797799,DESC energy_equipment 802
S0004862,E001683,luxury_dual_use_consumer,DAP,road,270,L,INV611269,DESC luxury_dual_use_consumer 172
S0004863,E000679,maritime_port_equipment,DAP,sea,123,pcs,INV415076,DESC maritime_port_equipment 257
S0004864,E000490,luxury_dual_use_consumer,CIF,road,72,pcs,INV164097,DESC luxury_dual_use_consumer 964
S0004865,E001558,luxury_dual_use_consumer,DAP,air,88,pcs,INV454018,DESC luxury_dual_use_consumer 54
S0004866,E000372,maritime_port_equipment,FOB,sea,259,L,INV364798,DESC maritime_port_equipment 428
S0004867,E001319,chemicals_precursors,CIF,air,170,kg,INV556340,DESC chemicals_precursors 793
S0004868,E001890,aerospace_uas_avionics,DAP,air,62,pcs,INV161470,DESC aerospace_uas_avionics 179
S0004869,E001644,aerospace_uas_avionics,DAP,road,286,kg,INV610930,DESC aerospace_uas_avionics 849
S0004870,E000743,luxury_dual_use_consumer,CIF,sea,207,pcs,INV118635,DESC luxury_dual_use_consumer 515
S0004871,E001857,machine_tools,CIF,air,313,pcs,INV708802,DESC machine_tools 351
S0004872,E000223,luxury_dual_use_consumer,DAP,road,464,pcs,INV518037,DESC luxury_dual_use_consumer 298
S0004873,E000055,aerospace_uas_avionics,CIF,road,365,pcs,INV664991,DESC aerospace_uas_avionics 737
S0004874,E001695,energy_equipment,DAP,air,246,pcs,INV159452,DESC energy_equipment 738
S0004875,E001504,machine_tools,CIF,air,315,L,INV990753,DESC machine_tools 836
S0004876,E000586,luxury_dual_use_consumer,CIF,road,396,kg,INV876972,DESC luxury_dual_use_consumer 89
S0004877,E000317,medical_bio_lab,FOB,sea,442,L,INV339572,DESC medical_bio_lab 499
S0004878,E001574,aerospace_uas_avionics,CIF,air,237,pcs,INV735977,DESC aerospace_uas_avionics 952
S0004879,E001362,energy_equipment,DAP,air,364,L,INV606850,DESC energy_equipment 423
S0004880,E000165,luxury_dual_use_consumer,DAP,road,7,L,INV444467,DESC luxury_dual_use_consumer 191
S0004881,E001668,maritime_port_equipment,CIF,road,473,L,INV488265,DESC maritime_port_equipment 284
S0004882,E000510,machine_tools,CIF,sea,344,L,INV646905,DESC machine_tools 657
S0004883,E000704,maritime_port_equipment,DAP,sea,291,pcs,INV951095,DESC maritime_port_equipment 704
S0004884,E001782,chemicals_precursors,FOB,sea,260,L,INV594809,DESC chemicals_precursors 9
S0004885,E001815,maritime_port_equipment,DAP,air,223,pcs,INV807845,DESC maritime_port_equipment 148
S0004886,E000211,chemicals_precursors,FOB,air,172,kg,INV838196,DESC chemicals_precursors 350
S0004887,E000926,energy_equipment,DAP,air,461,L,INV686196,DESC energy_equipment 730
S0004888,E001996,aerospace_uas_avionics,CIF,road,21,L,INV102103,DESC aerospace_uas_avionics 242
S0004889,E000947,energy_equipment,CIF,road,112,kg,INV158189,DESC energy_equipment 39
S0004890,E000167,energy_equipment,CIF,air,320,kg,INV662901,DESC energy_equipment 5
S0004891,E001452,energy_equipment,CIF,road,67,pcs,INV721198,DESC energy_equipment 556
S0004892,E001703,luxury_dual_use_consumer,DAP,sea,106,pcs,INV117643,DESC luxury_dual_use_consumer 340
S0004893,E000612,energy_equipment,DAP,sea,36,pcs,INV326580,DESC energy_equipment 204
S0004894,E000370,luxury_dual_use_consumer,DAP,sea,91,kg,INV850090,DESC luxury_dual_use_consumer 225
S0004895,E000861,maritime_port_equipment,DAP,sea,299,kg,INV287158,DESC maritime_port_equipment 475
S0004896,E001049,energy_equipment,DAP,air,213,pcs,INV339733,DESC energy_equipment 936
S0004897,E000921,luxury_dual_use_consumer,FOB,sea,375,pcs,INV520953,DESC luxury_dual_use_consumer 757
S0004898,E001411,maritime_port_equipment,FOB,sea,133,pcs,INV196374,DESC maritime_port_equipment 945
S0004899,E000540,chemicals_precursors,CIF,air,333,pcs,INV200825,DESC chemicals_precursors 320
S0004900,E001797,luxury_dual_use_consumer,DAP,sea,65,L,INV922545,DESC luxury_dual_use_consumer 789
S0004901,E000288,machine_tools,DAP,sea,400,L,INV653119,DESC machine_tools 959
S0004902,E001607,maritime_port_equipment,CIF,air,105,kg,INV426548,DESC maritime_port_equipment 462
S0004903,E000333,chemicals_precursors,FOB,air,381,L,INV629208,DESC chemicals_precursors 985
S0004904,E001656,chemicals_precursors,DAP,air,340,L,INV118363,DESC chemicals_precursors 22
S0004905,E001832,medical_bio_lab,FOB,air,439,L,INV941300,DESC medical_bio_lab 516
S0004906,E000019,maritime_port_equipment,FOB,sea,304,pcs,INV843890,DESC maritime_port_equipment 47
S0004907,E000535,machine_tools,DAP,road,168,L,INV952327,DESC machine_tools 715
S0004908,E001987,machine_tools,DAP,air,123,pcs,INV180329,DESC machine_tools 396
S0004909,E000625,medical_bio_lab,FOB,road,228,L,INV254198,DESC medical_bio_lab 113
S0004910,E000998,luxury_dual_use_consumer,CIF,road,248,kg,INV509810,DESC luxury_dual_use_consumer 703
S0004911,E000087,energy_equipment,FOB,sea,165,L,INV655549,DESC energy_equipment 211
S0004912,E000622,energy_equipment,CIF,air,318,kg,INV215784,DESC energy_equipment 628
S0004913,E001029,luxury_dual_use_consumer,CIF,road,201,L,INV366864,DESC luxury_dual_use_consumer 86
S0004914,E000380,machine_tools,DAP,road,130,L,INV442443,DESC machine_tools 48
S0004915,E000575,aerospace_uas_avionics,FOB,sea,174,kg,INV201608,DESC aerospace_uas_avionics 386
S0004916,E000108,energy_equipment,DAP,air,237,L,INV578257,DESC energy_equipment 603
S0004917,E000564,medical_bio_lab,FOB,road,44,pcs,INV873570,DESC medical_bio_lab 877
S0004918,E001981,machine_tools,DAP,road,474,pcs,INV289332,DESC machine_tools 80
S0004919,E001962,chemicals_precursors,FOB,air,356,pcs,INV580128,DESC chemicals_precursors 973
S0004920,E001622,aerospace_uas_avionics,DAP,air,58,L,INV103960,DESC aerospace_uas_avionics 811
S0004921,E000234,aerospace_uas_avionics,CIF,air,22,pcs,INV758309,DESC aerospace_uas_avionics 471
S0004922,E000297,maritime_port_equipment,DAP,sea,189,kg,INV691618,DESC maritime_port_equipment 603
S0004923,E000674,machine_tools,DAP,air,179,L,INV588438,DESC machine_tools 319
S0004924,E001385,maritime_port_equipment,FOB,air,208,kg,INV381192,DESC maritime_port_equipment 591
S0004925,E000428,machine_tools,FOB,air,226,kg,INV499133,DESC machine_tools 441
S0004926,E000595,medical_bio_lab,DAP,road,493,kg,INV304002,DESC medical_bio_lab 958
S0004927,E000756,machine_tools,FOB,sea,340,L,INV587769,DESC machine_tools 748
S0004928,E000016,maritime_port_equipment,DAP,sea,165,pcs,INV983745,DESC maritime_port_equipment 998
S0004929,E001745,medical_bio_lab,FOB,road,201,L,INV207240,DESC medical_bio_lab 278
S0004930,E001109,machine_tools,DAP,sea,447,pcs,INV504527,DESC machine_tools 462
S0004931,E000942,medical_bio_lab,FOB,sea,213,kg,INV280727,DESC medical_bio_lab 686
S0004932,E001659,energy_equipment,DAP,sea,177,L,INV579643,DESC energy_equipment 112
S0004933,E000131,medical_bio_lab,DAP,road,121,pcs,INV109599,DESC medical_bio_lab 434
S0004934,E000750,maritime_port_equipment,DAP,air,249,pcs,INV414710,DESC maritime_port_equipment 211
S0004935,E000429,maritime_port_equipment,CIF,sea,106,kg,INV516247,DESC maritime_port_equipment 803
S0004936,E001200,aerospace_uas_avionics,CIF,air,136,L,INV467540,DESC aerospace_uas_avionics 94
S0004937,E001244,aerospace_uas_avionics,DAP,air,340,pcs,INV510195,DESC aerospace_uas_avionics 376
S0004938,E000882,chemicals_precursors,DAP,sea,202,pcs,INV472418,DESC chemicals_precursors 297
S0004939,E001390,medical_bio_lab,FOB,sea,481,kg,INV889225,DESC medical_bio_lab 297
S0004940,E001000,luxury_dual_use_consumer,DAP,road,455,pcs,INV753196,DESC luxury_dual_use_consumer 517
S0004941,E000787,luxury_dual_use_consumer,FOB,road,67,pcs,INV391626,DESC luxury_dual_use_consumer 259
S0004942,E000265,medical_bio_lab,DAP,sea,56,L,INV450038,DESC medical_bio_lab 343
S0004943,E000777,medical_bio_lab,DAP,road,177,pcs,INV246962,DESC medical_bio_lab 815
S0004944,E000598,aerospace_uas_avionics,CIF,sea,378,kg,INV314911,DESC aerospace_uas_avionics 217
S0004945,E000949,chemicals_precursors,DAP,air,399,L,INV483540,DESC chemicals_precursors 996
S0004946,E000883,aerospace_uas_avionics,DAP,air,177,pcs,INV962144,DESC aerospace_uas_avionics 26
S0004947,E001682,energy_equipment,FOB,road,341,pcs,INV190064,DESC energy_equipment 38
S0004948,E000628,aerospace_uas_avionics,CIF,road,76,pcs,INV843214,DESC aerospace_uas_avionics 670
S0004949,E000228,medical_bio_lab,CIF,sea,271,kg,INV181205,DESC medical_bio_lab 900
S0004950,E001651,maritime_port_equipment,CIF,air,126,kg,INV920648,DESC maritime_port_equipment 529
S0004951,E001347,chemicals_precursors,FOB,sea,356,pcs,INV302835,DESC chemicals_precursors 975
S0004952,E001028,chemicals_precursors,DAP,road,268,pcs,INV700206,DESC chemicals_precursors 444
S0004953,E001587,medical_bio_lab,DAP,sea,133,kg,INV705464,DESC medical_bio_lab 484
S0004954,E000367,luxury_dual_use_consumer,FOB,air,103,pcs,INV239534,DESC luxury_dual_use_consumer 749
S0004955,E001413,energy_equipment,DAP,road,293,kg,INV208152,DESC energy_equipment 698
S0004956,E000979,chemicals_precursors,FOB,air,43,L,INV519322,DESC chemicals_precursors 909
S0004957,E001261,maritime_port_equipment,CIF,road,347,kg,INV676959,DESC maritime_port_equipment 315
S0004958,E000426,energy_equipment,DAP,road,171,L,INV250255,DESC energy_equipment 772
S0004959,E001872,luxury_dual_use_consumer,DAP,road,153,pcs,INV857256,DESC luxury_dual_use_consumer 399
S0004960,E000900,machine_tools,FOB,sea,233,pcs,INV488227,DESC machine_tools 717
S0004961,E001610,energy_equipment,DAP,sea,209,kg,INV272346,DESC energy_equipment 15
S0004962,E001966,chemicals_precursors,FOB,sea,20,L,INV311225,DESC chemicals_precursors 459
S0004963,E000251,energy_equipment,DAP,road,287,kg,INV801524,DESC energy_equipment 699
S0004964,E000037,energy_equipment,FOB,sea,458,L,INV991268,DESC energy_equipment 754
S0004965,E000420,aerospace_uas_avionics,DAP,sea,194,L,INV459816,DESC aerospace_uas_avionics 581
S0004966,E000462,aerospace_uas_avionics,DAP,air,387,kg,INV686424,DESC aerospace_uas_avionics 286
S0004967,E000905,maritime_port_equipment,FOB,sea,230,kg,INV146922,DESC maritime_port_equipment 706
S0004968,E000265,machine_tools,FOB,air,360,pcs,INV164724,DESC machine_tools 907
S0004969,E000349,energy_equipment,DAP,air,231,pcs,INV449327,DESC energy_equipment 603
S0004970,E001257,machine_tools,CIF,air,218,L,INV126409,DESC machine_tools 347
S0004971,E001037,maritime_port_equipment,CIF,sea,170,L,INV461037,DESC maritime_port_equipment 378
S0004972,E001913,luxury_dual_use_consumer,FOB,sea,44,pcs,INV189070,DESC luxury_dual_use_consumer 8
S0004973,E000296,aerospace_uas_avionics,CIF,road,488,L,INV892905,DESC aerospace_uas_avionics 315
S0004974,E000152,medical_bio_lab,FOB,sea,48,pcs,INV395786,DESC medical_bio_lab 94
S0004975,E000631,maritime_port_equipment,DAP,sea,426,pcs,INV642719,DESC maritime_port_equipment 313
S0004976,E001670,luxury_dual_use_consumer,DAP,air,112,kg,INV852411,DESC luxury_dual_use_consumer 677
S0004977,E000358,machine_tools,DAP,road,87,kg,INV731884,DESC machine_tools 352
S0004978,E000249,aerospace_uas_avionics,FOB,air,218,L,INV741527,DESC aerospace_uas_avionics 912
S0004979,E001213,machine_tools,FOB,air,373,kg,INV314151,DESC machine_tools 601
S0004980,E001930,maritime_port_equipment,CIF,air,392,kg,INV974741,DESC maritime_port_equipment 664
S0004981,E001637,energy_equipment,CIF,road,379,L,INV888375,DESC energy_equipment 917
S0004982,E000900,luxury_dual_use_consumer,CIF,road,490,kg,INV346866,DESC luxury_dual_use_consumer 50
S0004983,E000126,maritime_port_equipment,FOB,sea,345,kg,INV247638,DESC maritime_port_equipment 237
S0004984,E001093,machine_tools,FOB,air,242,pcs,INV485991,DESC machine_tools 580
S0004985,E001977,medical_bio_lab,DAP,sea,182,pcs,INV414341,DESC medical_bio_lab 918
S0004986,E001666,energy_equipment,CIF,sea,314,L,INV917235,DESC energy_equipment 180
S0004987,E001783,aerospace_uas_avionics,DAP,sea,313,pcs,INV873270,DESC aerospace_uas_avionics 45
S0004988,E000734,maritime_port_equipment,FOB,air,194,kg,INV991445,DESC maritime_port_equipment 696
S0004989,E001817,maritime_port_equipment,FOB,air,435,pcs,INV387973,DESC maritime_port_equipment 492
S0004990,E001758,medical_bio_lab,DAP,sea,7,kg,INV129145,DESC medical_bio_lab 482
S0004991,E000510,maritime_port_equipment,FOB,air,466,L,INV229204,DESC maritime_port_equipment 920
S0004992,E000616,machine_tools,DAP,air,327,kg,INV726037,DESC machine_tools 721
S0004993,E000733,machine_tools,DAP,air,181,kg,INV722476,DESC machine_tools 396
S0004994,E000556,aerospace_uas_avionics,CIF,sea,322,L,INV341642,DESC aerospace_uas_avionics 650
S0004995,E001916,chemicals_precursors,DAP,road,247,L,INV743544,DESC chemicals_precursors 284
S0004996,E000711,medical_bio_lab,FOB,air,33,kg,INV330583,DESC medical_bio_lab 709
S0004997,E000729,energy_equipment,DAP,air,274,pcs,INV514112,DESC energy_equipment 999
S0004998,E001813,luxury_dual_use_consumer,FOB,air,191,pcs,INV447812,DESC luxury_dual_use_consumer 825
S0004999,E001665,chemicals_precursors,DAP,sea,36,L,INV422151,DESC chemicals_precursors 259
